# File exported by ZBrush version 4.73
# www.zbrush.com
#Vertex Count 12498
#Face Count 12496
#Auto scale x=1.000000 y=1.000000 z=1.000000
#Auto offset x=0.000000 y=0.000000 z=0.000000
v -0.19819073 -0.98147118 -0.88105762
v -0.37852647 -0.36667355 -0.58766496
v -0.94294655 -0.08321303 0.19414944
v -0.62381619 -0.86176788 0.33845213
v -0.75711619 -0.40906581 0.20619443
v -0.09753701 -0.10615292 -0.96969991
v -0.85415488 -0.70139116 0.21862933
v -0.05218784 -0.65330249 -0.99441653
v -0.06335342 -0.64333516 -0.95716542
v -1.98800134 -2.61787796 0.95257729
v -0.43954905 -1.74392724 1.06166839
v -0.92291545 -0.31378004 0.22154372
v -0.72271549 -0.44878822 0.17949332
v -0.89651686 -0.14201381 0.09028695
v -0.71636229 -0.39462029 0.16619458
v -0.78185981 -0.54001611 0.09165894
v -0.70180487 -0.78290396 0.10787487
v -0.84418988 -0.36011144 0.03913417
v -0.71673095 -0.28504481 -0.50546288
v -0.40896648 -0.08714204 -0.52255052
v -0.22457051 -0.27019062 -0.69496846
v -0.32887077 -0.36087623 -0.79220897
v -0.49683347 -0.41036596 -0.76708996
v -0.11277373 -0.49205717 -0.96776324
v -0.15716882 -1.12546384 -0.89612335
v -0.2253845 -1.08162546 -0.86542576
v -0.13469857 -1.06431472 -0.94160938
v -0.0901579 -0.71073591 -0.96973282
v -0.05504741 -0.63141882 -1.03007566
v -0.10744483 -0.63700962 -0.9521287
v -0.09201993 -0.81468677 -0.98487514
v -0.0807103 -0.67898803 -1.09415853
v -0.2631092 -0.17217572 -0.86360079
v -1.03482139 -3.35208725 -0.22210717
v -0.53145748 -4.33726596 0.20716975
v -1.78681182 -2.83559751 1.2822144
v -0.85679256 -0.12597428 0.0855079
v -0.86520803 -0.32762461 0.05127176
v -0.44506624 0.59476465 -0.64648628
v -0.62627464 -0.26173222 -0.59200441
v -0.60270386 -0.2413121 -0.62150186
v -0.43568939 -0.35734012 -0.59104907
v -0.59385627 -0.30236044 -0.67042285
v -0.58441448 -0.26674774 -0.62690961
v -0.68321114 -0.7718566 -0.47663509
v -0.39114469 -1.12135875 -0.73844528
v -0.45224043 -0.65348267 -0.78578245
v -0.31960433 -0.93860745 -0.85298132
v -0.27758413 -1.02807438 -0.83326357
v -0.13165235 -1.25115919 -0.89003682
v -0.28222751 -0.12386618 -0.6646828
v -0.19310614 -0.26908314 -0.7509951
v -0.17344124 -0.58858615 -0.99510598
v -0.40848651 -0.15791696 -0.81913733
v -0.27729871 -0.16620114 -0.51015454
v -0.80220645 -0.76703703 0.17842444
v -0.9485175 -0.1395276 0.14802369
v -0.7090578 -4.07826757 -0.32922077
v -0.77312022 -0.43036401 0.08735561
v -0.80729991 -0.42076209 0.0764715
v -0.79151457 -0.63346928 0.11572843
v -0.82106322 -0.40136927 0.22009748
v -0.84434813 -0.31324216 0.2143249
v -0.20331081 -0.99730634 -0.880252
v -0.23587077 -0.99170684 -0.85061681
v -0.23274391 -0.9680804 -0.89253634
v -0.37167385 -0.36029061 -0.55952525
v -0.32990199 -0.3395228 -0.58823925
v -0.3514961 -0.34917786 -0.61661577
v -0.38853061 -0.34855431 -0.62874621
v -0.40764653 -0.37094456 -0.58361089
v -0.42209652 -0.37112349 -0.55495023
v -0.95692098 -0.10052503 0.22563511
v -0.91889554 -0.11789108 0.22550174
v -0.91403329 -0.09510044 0.18379551
v -0.95756954 -0.07692565 0.17071496
v -0.98919969 -0.09095062 0.20908705
v -0.92077755 -0.08852051 0.14357928
v -0.65917611 -0.80853545 0.25742849
v -0.66506141 -0.85933148 0.18124765
v -0.62350082 -0.9666329 0.31415051
v -0.55684042 -0.97770279 0.49522915
v -0.58166205 -0.8339231 0.45842745
v -0.65087676 -0.7552548 0.34165063
v -0.74258065 -0.38418152 0.19527405
v -0.72176861 -0.40996864 0.18709671
v -0.73765498 -0.42803064 0.19648164
v -0.78536343 -0.41130977 0.21518932
v -0.77356094 -0.36664167 0.19622387
v -0.76738894 -0.43992838 0.19977927
v -0.05834502 -0.17474938 -0.95299851
v -0.09330934 -0.19490817 -0.9240458
v -0.12513276 -0.14513784 -0.92591774
v -0.00009264 -0.10286873 -0.978051
v -0.00012543 -0.16168727 -0.96182483
v -0.11157038 -0.03411497 -0.99890959
v 0.00002112 -0.0252877 -0.98830097
v -0.84838819 -0.7108922 0.19077441
v -0.82409197 -0.76170826 0.1741319
v -0.83475661 -0.72153443 0.21667453
v -0.87193626 -0.6461476 0.25837352
v -0.87989324 -0.63201808 0.24669534
v -0.08283659 -0.6282792 -0.99522787
v -0.0514889 -0.67991185 -1.00440335
v -0.08104361 -0.66654485 -0.94085204
v -0.06153381 -0.64936947 -1.05477964
v -1.92847394 -2.54384851 0.95612269
v -1.90100896 -2.60340094 0.83617234
v -1.97882401 -2.6904571 0.87429565
v -2.01149749 -2.63974905 1.00937211
v -1.95239627 -2.55283594 1.05423188
v -2.02262258 -2.75322151 0.92676359
v -0.34630966 -1.60016536 0.96447163
v -0.47361135 -1.57778215 0.90091627
v -0.57720518 -1.67122709 0.96427202
v -0.37319976 -1.90244519 1.16398549
v -0.19869484 -1.89922618 1.14835381
v -0.20458811 -1.75675916 1.08085322
v -0.16470846 -1.61699724 1.00464749
v -0.89733457 -0.27006322 0.21493217
v -0.88297987 -0.36945125 0.22247085
v -0.94829446 -0.31675475 0.22922335
v -0.95004844 -0.25000527 0.21678516
v -0.71329391 -0.43596035 0.16571971
v -0.72524106 -0.46526294 0.13507692
v -0.73623323 -0.46831741 0.1642294
v -0.88753515 -0.10744669 0.131931
v -0.86808878 -0.11374433 0.13322913
v -0.86967188 -0.14268809 0.08757057
v -0.90915703 -0.18909938 0.09440425
v -0.93272209 -0.1392297 0.11586283
v -0.93071448 -0.10375438 0.1168602
v -0.86097991 -0.23194143 0.04396835
v -0.88255846 -0.23639559 0.05786915
v -0.71566724 -0.4169017 0.14475217
v -0.73422312 -0.37316834 0.17059426
v -0.74719834 -0.38639563 0.14144042
v -0.79776042 -0.55289048 0.12605956
v -0.78095102 -0.51999455 0.13409304
v -0.76626747 -0.51736545 0.09177418
v -0.74828124 -0.74007201 0.08232256
v -0.7981013 -0.57004052 0.07093536
v -0.81380152 -0.55357903 0.0254582
v -0.74349743 -0.75393301 0.03670863
v -0.69202196 -0.83883249 0.06755246
v -0.69489133 -0.75689423 0.17002764
v -0.72037637 -0.73387885 0.12401004
v -0.83425015 -0.40570691 0.05419546
v -0.86834222 -0.33179929 0.0666842
v -0.84509021 -0.21085891 0.03975281
v -0.84097743 -0.34061917 -0.00591669
v -0.67698687 -0.28889477 -0.53052997
v -0.69239801 -0.31989496 -0.52901595
v -0.75229781 -0.34076997 -0.46442446
v -0.78348386 -0.25289323 -0.38853803
v -0.7394886 -0.19904232 -0.49580261
v -0.68668347 -0.25194317 -0.55344605
v -0.4101783 -0.10944186 -0.49588775
v -0.44566041 -0.1235223 -0.52510047
v -0.42602327 -0.09903112 -0.54822593
v -0.36498764 -0.08009712 -0.52774268
v -0.36398914 -0.10313046 -0.4924494
v -0.37784439 -0.07969608 -0.58415859
v -0.20967401 -0.27012944 -0.72032207
v -0.26213803 -0.27256414 -0.74784135
v -0.25930744 -0.26754215 -0.71770429
v -0.25171691 -0.24192047 -0.71404421
v -0.24294251 -0.2394059 -0.73690432
v -0.28528988 -0.29032748 -0.68430757
v -0.24788768 -0.27893149 -0.66970759
v -0.23933699 -0.25196343 -0.6472072
v -0.22242172 -0.23549497 -0.66735327
v -0.25634741 -0.22055599 -0.68619549
v -0.33162742 -0.32811027 -0.79417288
v -0.26751449 -0.31938359 -0.7840892
v -0.29231494 -0.36645764 -0.78983247
v -0.38383412 -0.38617834 -0.79200005
v -0.40555286 -0.34582239 -0.79692524
v -0.32682755 -0.41451394 -0.7967959
v -0.37948948 -0.51985251 -0.80911791
v -0.55950647 -0.51460278 -0.76034581
v -0.49904477 -0.34720137 -0.77259022
v -0.16209648 -0.5120784 -0.92526733
v -0.1243959 -0.37160107 -0.91953319
v -0.09665119 -0.3547689 -0.97466218
v -0.18356871 -0.58438205 -0.95605969
v -0.19059452 -0.58309024 -0.91059279
v -0.1298182 -0.55525881 -1.04457211
v -0.14767509 -1.09564721 -0.91862374
v -0.07858206 -1.11477398 -0.9156267
v -0.08655571 -1.17459487 -0.88640302
v -0.15519447 -1.20234704 -0.87363421
v -0.19635549 -1.04554748 -0.90661042
v -0.28942033 -1.1762619 -0.8086071
v -0.32801684 -1.04636752 -0.81974434
v -0.26802727 -0.97361463 -0.8436979
v -0.06912205 -1.05838322 -0.96199643
v -0.14880557 -1.02009105 -0.94505393
v -0.08027079 -1.01602983 -0.96751421
v -0.04906855 -0.71660363 -1.04632127
v 0.0001303 -0.74174737 -1.07899475
v 0.00016099 -0.77241748 -1.02855134
v 0.00005008 -0.84089076 -0.99639117
v -0.17281708 -0.71764105 -0.93417823
v -0.17067721 -0.69576847 -0.97659707
v -0.12405943 -0.66014671 -0.97448349
v -0.15971812 -0.67121458 -1.01734876
v -0.10679843 -0.63729673 -1.03038692
v -0.20305344 -0.87606477 -0.93428075
v -0.18712791 -0.74399477 -0.89888691
v -0.09572768 -0.93050587 -0.99910986
v -0.1801127 -0.94061356 -0.94658482
v -0.1329319 -0.65406066 -1.06087529
v -0.14176774 -0.62760782 -1.07108426
v -0.09107244 -0.63627564 -1.13661992
v -0.00000353 -0.66223329 -1.17359387
v -0.00010014 -0.72398197 -1.13375043
v -0.28507614 -0.14712815 -0.88692915
v -0.20285391 -0.16482113 -0.8957684
v -0.22288695 -0.18950347 -0.85961574
v -0.24753433 -0.19883756 -0.81432449
v -0.30296424 -0.15989044 -0.8339135
v -0.34596183 -0.13592608 -0.85197186
v -0.980829 -3.57328248 -0.30597639
v -1.10505235 -3.64601206 -0.22856411
v -1.17885923 -3.47430229 -0.1391098
v -1.17749571 -3.23749756 -0.07346211
v -1.08211946 -3.09585142 -0.09760439
v -0.95999664 -3.15064048 -0.21399016
v -0.85106802 -3.34909129 -0.33562445
v -0.82837134 -3.53704166 -0.38394343
v -0.82553976 -3.18023705 -0.30591207
v -1.27120041 -3.34984827 -0.02357493
v -0.45494952 -4.33918476 0.19470243
v -0.44650605 -4.22921752 0.23778039
v -0.57781124 -4.25915908 0.24904856
v -0.67266142 -4.31247425 0.2413215
v -0.59258562 -4.39901399 0.18683651
v -0.48903012 -4.44383716 0.15004029
v -1.79020965 -2.90291953 1.21431243
v -1.67529499 -2.88299083 1.24909615
v -1.69923222 -2.78952693 1.32429039
v -1.74040722 -2.71641731 1.3551476
v -1.83316743 -2.7948265 1.29066371
v -1.88357973 -2.87153077 1.19635069
v -0.86285418 -0.09070577 0.14468361
v -0.84930503 -0.13280028 0.01673376
v -0.84285593 -0.21473883 -0.02434902
v -0.8930273 -0.25775134 0.07888885
v -0.45640561 0.53533041 -0.68305432
v -0.55454123 0.50779724 -0.60151147
v -0.5108124 0.5988053 -0.56866109
v -0.38934058 0.63664132 -0.66410118
v -0.37721294 0.56918215 -0.73591852
v -0.43740388 0.68076694 -0.56409978
v -0.58116757 -0.26221212 -0.59055274
v -0.60474181 -0.27564266 -0.56329989
v -0.63986486 -0.28774184 -0.54497075
v -0.65109545 -0.26346182 -0.58189868
v -0.64073169 -0.23614351 -0.62626677
v -0.57971543 -0.24077941 -0.63508194
v -0.56616133 -0.25531685 -0.60195285
v -0.58702021 -0.22133246 -0.6784743
v -0.57571148 -0.22960555 -0.67789602
v -0.43026793 -0.33848002 -0.62516617
v -0.46050635 -0.32990729 -0.59180468
v -0.45355239 -0.3540163 -0.55877399
v -0.60744971 -0.33183401 -0.6625806
v -0.60964202 -0.28432306 -0.58281439
v -0.56590974 -0.3318305 -0.72639894
v -0.57505565 -0.37748196 -0.71998441
v -0.56306183 -0.27754661 -0.713319
v -0.56543612 -0.25424283 -0.63060438
v -0.5522443 -0.2586711 -0.68968337
v -0.67471015 -0.84776103 -0.41604045
v -0.70610028 -0.8187493 -0.35177913
v -0.70623856 -0.72147572 -0.460249
v -0.66015321 -0.7388432 -0.55366134
v -0.60345852 -0.87574052 -0.51810407
v -0.69334942 -0.6637659 -0.54662275
v -0.40571957 -1.28239297 -0.61826932
v -0.46882808 -1.22925221 -0.54084813
v -0.46029588 -1.09094786 -0.65235322
v -0.32542192 -1.2682873 -0.75279974
v -0.33868515 -1.3437252 -0.67816209
v -0.30726122 -0.54116439 -0.82841432
v -0.33313989 -0.71435284 -0.83686518
v -0.41094392 -0.92412817 -0.78658682
v -0.2701601 -0.8617922 -0.8798685
v -0.25797575 -0.93063694 -0.88587904
v -0.07317584 -1.25339365 -0.91371816
v -0.08160133 -1.33554363 -0.91628891
v -0.14897652 -1.33471107 -0.88098478
v -0.29923737 -0.14449091 -0.69888413
v -0.23991796 -0.17258012 -0.65367198
v -0.24505281 -0.12857669 -0.63533115
v -0.28577148 -0.09584618 -0.61978596
v -0.31885594 -0.09866581 -0.67345988
v -0.3353053 -0.11638773 -0.72022062
v -0.21700885 -0.23200155 -0.75628221
v -0.17437467 -0.23461617 -0.79382515
v -0.1589241 -0.2545807 -0.78736227
v -0.17025275 -0.31245261 -0.80533134
v -0.20782247 -0.31175974 -0.78687208
v -0.26157254 -0.28882449 -0.76817518
v -0.17940655 -0.63633132 -1.01292336
v -0.19978007 -0.64590489 -0.96673226
v -0.32110461 -0.16188056 -0.8070299
v -0.3295539 -0.1751665 -0.80047136
v -0.41370323 -0.17532761 -0.81585764
v -0.4933657 -0.19905777 -0.79403162
v -0.50833159 -0.17219081 -0.79515588
v -0.53404176 -0.15382829 -0.80778348
v -0.46061492 -0.12968421 -0.83907502
v -0.37230205 -0.11104142 -0.87872678
v -0.2693755 -0.19826458 -0.52013194
v -0.30954399 -0.21559979 -0.47537228
v -0.3118993 -0.17011554 -0.48002773
v -0.31243327 -0.10382562 -0.51297724
v -0.26454994 -0.12806569 -0.53907638
v -0.23935937 -0.16354225 -0.56649732
v -0.78082424 -0.77359658 0.15284262
v -0.77572178 -0.70953035 0.19362846
v -0.80710744 -0.72226089 0.2125906
v -0.80293011 -0.77656287 0.13369375
v -0.92607855 -0.16258388 0.13427028
v -0.92100495 -0.17397892 0.16151912
v -0.96252083 -0.1511681 0.17351406
v -0.96360683 -0.11592933 0.14321179
v -0.9975388 -0.12410093 0.17674598
v -0.76461648 -4.14090919 -0.29291355
v -0.8771879 -4.03601646 -0.29885944
v -0.79775941 -3.96153426 -0.35295799
v -0.65613496 -3.96692371 -0.38682925
v -0.6237117 -4.06882047 -0.36101305
v -0.64672094 -4.16364622 -0.33757549
v -0.74915456 -0.47363141 0.09379136
v -0.73115873 -0.44531551 0.11426742
v -0.75289315 -0.41937848 0.10709084
v -0.79089802 -0.49338561 0.08103948
v -0.79268807 -0.36503958 0.11998221
v -0.85547125 -0.32992988 0.09033605
v -0.8206231 -0.30772081 0.12889196
v -0.75694131 -0.75241076 0.08501392
v -0.77248919 -0.77108234 0.10113371
v -0.80055642 -0.67386883 0.15482044
v -0.83394789 -0.56505423 0.18335752
v -0.82978195 -0.52550602 0.17005905
v -0.83132708 -0.60117054 0.20486983
v -0.84278649 -0.43652015 0.22211277
v -0.81518548 -0.35887822 0.20060405
v 0.00008783 -1.16533589 -0.88654947
v 0.00000349 -4.01669263 -0.45790475
v -0.00000827 -1.32640302 -0.92951619
v 0.000073 0.64591491 -0.82071661
v -0.00094882 -4.36010694 0.16587349
v 0.00158764 -1.74513435 1.07714128
v 0.00000225 -1.10478484 -0.9043352
v 0.00005252 -1.24970328 -0.92353504
v 0.00002446 -4.23961019 -0.45698982
v -0.13278383 -4.23909854 -0.45208096
v -0.13569435 -4.02397728 -0.45513954
v -0.13367499 -3.93411588 -0.465186
v -0.00000781 -3.92935824 -0.46721023
v -0.10902577 0.64017319 -0.81501853
v -0.11557726 0.74056351 -0.70615267
v 0.00011697 0.74996238 -0.70984268
v 0.00000631 0.52569341 -0.89610934
v -0.10728897 0.52233988 -0.88863909
v -0.12026934 -4.35754299 0.16551822
v -0.12487118 -4.49596786 0.10424003
v 0.00037618 -4.49956226 0.10404164
v -0.00398961 -4.2297101 0.2136414
v -0.12055592 -4.22464084 0.21446445
v 0.00154672 -1.62176632 1.01706087
v -0.0000411 -1.90211749 1.14375543
v -0.17116794 -2.05491447 1.20124423
v 0.00014056 -2.05780291 1.19548773
v -0.15815122 -2.21074771 1.23382163
v 0.00018032 -2.21294236 1.23009073
v -0.15259598 -2.37398743 1.24268257
v 0.00011557 -2.37368345 1.24197864
v -0.15215045 -2.51067709 1.22113966
v 0.00006876 -2.5084176 1.22216415
v -0.15252488 -2.63051819 1.16890943
v -0.00004606 -2.62638473 1.17054963
v -0.15366056 -2.73302364 1.09412956
v -0.00077932 -2.72631454 1.09567928
v -0.14495228 -2.84513807 0.9790337
v -0.00313364 -2.84378647 0.97219657
v -0.13458466 -2.96323347 0.85031139
v -0.00206816 -2.95645594 0.84765392
v -0.13665488 -3.05029344 0.76964986
v -0.00209838 -3.04054307 0.76942789
v -0.13684094 -3.16597652 0.68069213
v -0.00525245 -3.15587139 0.68216717
v -0.13843683 -3.28880333 0.59800958
v -0.00569912 -3.28162193 0.59880936
v -0.14054317 -3.41422629 0.52291566
v -0.00448148 -3.40965175 0.52342283
v -0.14083969 -3.54322075 0.45501461
v -0.00369637 -3.53983926 0.45612675
v -0.13977059 -3.66287326 0.40154826
v -0.00443075 -3.6533575 0.40591836
v -0.13643968 -3.79384708 0.35276466
v -0.0056235 -3.80122494 0.35090243
v -0.13096018 -3.92724609 0.30856773
v -0.00461929 -3.92952871 0.30800083
v -0.12723974 -4.0722599 0.2632972
v -0.00618616 -4.07436561 0.2629404
v -0.2362104 -4.07781982 0.26630434
v -0.23568548 -4.22017288 0.21952651
v -0.23473323 -3.94215798 0.30989611
v -0.36524713 -3.95741128 0.32045912
v -0.3555746 -4.09051847 0.27416279
v -0.23803274 -3.806818 0.35625165
v -0.37965127 -3.81819629 0.37120333
v -0.47362071 -3.83012676 0.38573876
v -0.45121467 -3.98409938 0.3259581
v -0.25670731 -3.66657757 0.4109185
v -0.38738703 -3.69103717 0.42085921
v -0.50748342 -3.7184844 0.43604642
v -0.65477341 -3.7619965 0.45392
v -0.66227507 -3.88170409 0.40917766
v -0.39507639 -3.58814835 0.46983313
v -0.5216757 -3.61267852 0.48817062
v -0.66673249 -3.64581084 0.50945943
v -0.80228453 -3.68544054 0.52155733
v -0.78983295 -3.81177496 0.46267011
v -0.54215633 -3.4890666 0.56008625
v -0.68267142 -3.51960253 0.57961773
v -0.81579238 -3.55484461 0.5911858
v -0.95311075 -3.59678268 0.5921067
v -0.93881046 -3.73143482 0.52227628
v -0.70159959 -3.39921426 0.65749865
v -0.83083725 -3.43075704 0.6675207
v -0.96734017 -3.46985364 0.66768705
v -1.09919774 -3.51013016 0.65660285
v -1.08034324 -3.63655591 0.58105355
v -0.8441866 -3.323035 0.74427682
v -0.98217833 -3.35983967 0.74442046
v -1.11918914 -3.39751315 0.7361086
v -1.24418342 -3.43522167 0.71290499
v -1.22056436 -3.54759788 0.63020819
v -0.99725627 -3.25924539 0.8254646
v -1.14591014 -3.29376792 0.82198542
v -1.27418959 -3.32593512 0.80686718
v -1.42010045 -3.36573672 0.7712633
v -1.37426626 -3.47302007 0.67115706
v -1.17825865 -3.17570018 0.92629039
v -1.31410682 -3.21067094 0.91201722
v -1.46234679 -3.25098729 0.8813371
v -1.59650588 -3.28765583 0.83583927
v -1.54269921 -3.39302492 0.72829294
v -1.3582623 -3.10709857 1.00750947
v -1.49091887 -3.1387515 0.98713761
v -1.63157749 -3.17302894 0.94581496
v -1.75228059 -3.18767166 0.8997631
v -1.70459866 -3.30650806 0.78660553
v -1.51502752 -3.0369234 1.08672618
v -1.65287697 -3.07144498 1.04920625
v -1.7767713 -3.08059549 1.00941181
v -1.87578582 -3.06511688 0.96861243
v -1.83972942 -3.1840558 0.85252684
v -1.66598153 -2.97468853 1.15545702
v -1.7878108 -2.98700046 1.11812841
v -1.8931775 -2.96300673 1.08485913
v -1.97154963 -2.91451931 1.05367994
v -1.94528555 -3.03178548 0.92895472
v -1.95731425 -2.81325459 1.17234587
v -2.00307059 -2.75274252 1.13270938
v -2.01735186 -2.86124205 1.0182054
v -1.89098346 -2.72537541 1.2757759
v -1.93077838 -2.6587162 1.23198175
v -1.77757597 -2.63908267 1.35121035
v -1.80981266 -2.56791377 1.30649066
v -1.83152174 -2.50064921 1.21610009
v -1.95122003 -2.59653115 1.15621805
v -2.02184271 -2.69583392 1.07552313
v -2.03426122 -2.80875229 0.97629511
v -1.98745596 -2.89046144 0.82030844
v -1.99735868 -2.94818067 0.85513484
v -1.98406612 -2.99249935 0.89031899
v -1.93627131 -3.0959959 0.73389649
v -1.92707598 -3.13731741 0.76401567
v -1.89635598 -3.1665039 0.80568015
v -1.85105645 -3.26329469 0.65836674
v -1.82467281 -3.29370451 0.69367748
v -1.77820539 -3.30687093 0.74004423
v -1.72481274 -3.39054203 0.59173423
v -1.69025123 -3.40568232 0.63328909
v -1.63303041 -3.40687847 0.67985999
v -1.59643578 -3.49903702 0.52716809
v -1.55325937 -3.50442791 0.57197839
v -1.48095893 -3.49680209 0.62120896
v -1.49310886 -3.60252332 0.48362398
v -1.43248081 -3.59880757 0.53334701
v -1.33835077 -3.58003592 0.58619332
v -1.39357805 -3.71437454 0.45656305
v -1.3079468 -3.70043516 0.50939035
v -1.1984725 -3.67232561 0.55380493
v -1.2806971 -3.83338904 0.43775117
v -1.17769432 -3.80692434 0.48260679
v -1.06173515 -3.77129793 0.51103746
v -1.15573775 -3.94629573 0.41530752
v -1.04203724 -3.90880155 0.44677227
v -0.9236052 -3.86550784 0.46063324
v -1.01675272 -4.04790115 0.38410067
v -0.90418928 -4.00412082 0.40156787
v -0.78209739 -3.94902062 0.40744456
v -0.87136173 -4.13720178 0.34283763
v -0.75551271 -4.08701133 0.35069561
v -0.66826671 -4.05173397 0.34838616
v -0.72189432 -4.20387363 0.29766276
v -0.62786155 -4.15719413 0.30016174
v -0.45219522 -4.10969734 0.28213477
v -0.348001 -4.22261428 0.22762075
v -0.35450518 -4.34577035 0.18075421
v -0.24031353 -4.35173225 0.17076212
v -0.25200429 -4.48639965 0.11136369
v -0.37582749 -4.46966791 0.12627172
v -0.40546631 -4.58125972 0.06514429
v -0.26953667 -4.60363483 0.04545099
v -0.5372954 -4.54328537 0.09838478
v -0.58427816 -4.62684726 0.0407068
v -0.43480187 -4.67159175 -0.0007967
v -0.66187191 -4.47949409 0.14994698
v -0.72762548 -4.55428648 0.10207013
v -0.78108418 -4.60869741 0.05203843
v -0.62357497 -4.68637418 -0.01616705
v -0.75786173 -4.38349247 0.21441786
v -0.84033191 -4.45379543 0.17294272
v -0.90793073 -4.50453186 0.12661397
v -0.95260286 -4.53541946 0.08219246
v -0.8145616 -4.64302158 0.00552954
v -0.92242628 -4.32720994 0.24651029
v -1.00799691 -4.372756 0.20333541
v -1.06637537 -4.3995862 0.1591667
v -1.10245227 -4.41552019 0.11422202
v -0.98037922 -4.55162 0.04036923
v -1.08030629 -4.2273736 0.27900427
v -1.15256118 -4.25086355 0.23434984
v -1.20145154 -4.26439714 0.1853671
v -1.23045611 -4.26815128 0.13818435
v -1.12561154 -4.41570091 0.07423116
v -1.21159863 -4.10875797 0.30380311
v -1.27293729 -4.11821413 0.25342017
v -1.31043195 -4.12146282 0.20127381
v -1.32897925 -4.11380004 0.15619944
v -1.24617731 -4.2558341 0.1014877
v -1.3218193 -3.97986078 0.31888574
v -1.36615085 -3.98040604 0.26622882
v -1.38911294 -3.97288703 0.21761639
v -1.39548504 -3.95576262 0.17300728
v -1.33315181 -4.09491062 0.11415842
v -1.40827882 -3.84533047 0.3333756
v -1.43579864 -3.83782076 0.28372725
v -1.44633221 -3.81989622 0.24010363
v -1.44119799 -3.79064798 0.18964517
v -1.38377726 -3.92853403 0.11690086
v -1.47906065 -3.70976591 0.35689434
v -1.49340593 -3.69392347 0.31390631
v -1.49379241 -3.6663835 0.26884159
v -1.47395587 -3.62060976 0.20724526
v -1.40964424 -3.74240255 0.11261192
v -1.54720139 -3.58044886 0.39669948
v -1.55272543 -3.55404925 0.35772842
v -1.54263687 -3.51195669 0.31081631
v -1.50550723 -3.4441123 0.24347065
v -1.42293083 -3.54563188 0.12066275
v -1.62994599 -3.45727634 0.45310339
v -1.6238271 -3.41952037 0.41474518
v -1.59662592 -3.35860109 0.36656159
v -1.54565572 -3.27150297 0.31139335
v -1.44350445 -3.35534548 0.16932034
v -1.73440563 -3.32945108 0.52305215
v -1.70099198 -3.27965951 0.47787275
v -1.64585995 -3.19924354 0.4287042
v -1.57629513 -3.09381222 0.38514435
v -1.47911334 -3.16874694 0.26310044
v -1.83954834 -3.16657757 0.60375273
v -1.785465 -3.09488534 0.56330448
v -1.67857468 -3.00145649 0.49568849
v -1.58813989 -2.88438344 0.45653277
v -1.49551034 -2.98093175 0.34748145
v -1.88207769 -2.96187973 0.67269522
v -1.803406 -2.84133243 0.63394808
v -1.69746685 -2.71450281 0.59237456
v -1.8620882 -2.70064306 0.73419851
v -1.75924646 -2.61338543 0.68979781
v -1.65333354 -2.54262781 0.6603809
v -1.58787071 -2.63520073 0.54886287
v -1.49972796 -2.74998188 0.43575516
v -1.47487676 -2.56958913 0.51335769
v -1.39947557 -2.63447642 0.4161781
v -1.31442403 -2.716681 0.30904084
v -1.41085863 -2.86126709 0.32125416
v -1.22674918 -2.7716937 0.20420546
v -1.33018589 -2.93457031 0.2131493
v -1.40451014 -3.05718636 0.22796019
v -1.20557403 -3.03486037 0.04179534
v -1.28647744 -3.14892649 0.0648016
v -1.36802005 -3.25586414 0.10791255
v -1.35586011 -3.45257186 0.04348094
v -1.27664566 -3.57790279 -0.0622466
v -1.35093271 -3.66946816 0.01979425
v -1.20287883 -3.73098826 -0.14908012
v -1.28143477 -3.81443786 -0.06285228
v -1.34130072 -3.88329124 0.02790177
v -1.21159696 -3.95165777 -0.11712226
v -1.27496802 -4.01497793 -0.02633632
v -1.31793081 -4.06375217 0.05711957
v -1.19929885 -4.13114023 -0.05911543
v -1.23998606 -4.19090175 0.01889904
v -1.25143861 -4.23106622 0.0673292
v -1.11492586 -4.34862613 -0.0287642
v -1.13756704 -4.37917852 0.01503062
v -1.13590836 -4.40346336 0.04314327
v -0.99758702 -4.52246046 -0.05748248
v -1.00572145 -4.54040956 -0.02764713
v -0.99937725 -4.55143976 0.003036
v -0.85327959 -4.65101051 -0.10469864
v -0.84769153 -4.66254425 -0.07323291
v -0.83364486 -4.66095542 -0.03601545
v -0.67533481 -4.74202251 -0.14374575
v -0.66576796 -4.73989343 -0.10749575
v -0.65078985 -4.7226181 -0.06624829
v -0.49508443 -4.78917598 -0.16288276
v -0.48227539 -4.77254581 -0.1198831
v -0.46005481 -4.73506498 -0.06491249
v -0.32203739 -4.79739427 -0.15511898
v -0.30345884 -4.75955438 -0.09403345
v -0.28664901 -4.69666624 -0.02589323
v -0.15025779 -4.76859283 -0.1092415
v -0.14184755 -4.7084217 -0.03933056
v -0.13401432 -4.61406946 0.03618906
v -0.00038502 -4.71244382 -0.04260762
v -0.00022776 -4.61742687 0.03502852
v 0.000003 -4.77185106 -0.11409702
v -0.15931369 -4.80758619 -0.17846864
v 0.00107508 -4.81101751 -0.1867159
v -0.16221614 -4.82372951 -0.22762976
v 0.00092725 -4.82648611 -0.23607873
v -0.16549763 -4.8243761 -0.26295572
v -0.00013537 -4.82681465 -0.27107438
v -0.16737094 -4.81267786 -0.29415571
v -0.00073099 -4.81510019 -0.30254262
v -0.16404633 -4.78645515 -0.32392689
v -0.00016194 -4.78870439 -0.33270198
v -0.15774445 -4.73858499 -0.35421383
v 0.00036173 -4.74145841 -0.36250191
v -0.15501055 -4.65189552 -0.38832902
v 0.00003057 -4.6563301 -0.39565333
v -0.1509177 -4.52553653 -0.42170873
v 0.000203 -4.52773666 -0.42853492
v -0.1389344 -4.3852148 -0.44424694
v 0.00016124 -4.38228845 -0.45048281
v -0.3045808 -4.51782417 -0.40202853
v -0.28821972 -4.38661289 -0.42603617
v -0.28212615 -4.22925663 -0.43689066
v -0.2774406 -4.04202127 -0.44503197
v -0.42906045 -4.3792119 -0.39772927
v -0.40863841 -4.22232914 -0.41435855
v -0.40465685 -4.05682849 -0.42607688
v -0.52131247 -4.20913362 -0.38293469
v -0.51744055 -4.06392097 -0.39734506
v -0.53151017 -3.96198415 -0.41802063
v -0.41484373 -3.94558477 -0.44385644
v -0.27926993 -3.93958807 -0.45855641
v -0.47017288 -3.73961734 -0.48917734
v -0.31050238 -3.72658181 -0.50451707
v -0.14637967 -3.72208261 -0.51321309
v -0.32804673 -3.62032508 -0.51536351
v -0.15664884 -3.62224078 -0.52366107
v -0.00005298 -3.6241064 -0.52772492
v -0.00005096 -3.72194576 -0.51682525
v -0.1696667 -3.51568865 -0.51625591
v 0.00001992 -3.51147794 -0.51945865
v -0.16857218 -3.3744781 -0.49074187
v 0.00024762 -3.36700439 -0.49331831
v -0.19078993 -3.19756698 -0.44992119
v 0.0004784 -3.20235061 -0.45497199
v -0.1631672 -3.05701685 -0.41609162
v 0.00011359 -3.05741691 -0.41774401
v -0.18100696 -2.90941548 -0.3753578
v -0.00003606 -2.90664291 -0.36947217
v -0.16562782 -2.76610183 -0.33431011
v 0.0000048 -2.76253366 -0.31873381
v -0.14218187 -2.63085889 -0.29684671
v 0.0000166 -2.64085412 -0.27775335
v -0.1187812 -2.49190115 -0.25377911
v 0.00001914 -2.51706385 -0.23664948
v -0.1079301 -2.37559914 -0.2120087
v 0.00005184 -2.39877319 -0.19829498
v -0.10858766 -2.27601099 -0.1938366
v 0.00006134 -2.29958963 -0.19044455
v -0.0945614 -2.09596586 -0.19676655
v -0.00014057 -2.07241821 -0.20528289
v -0.07242083 -1.93711733 -0.22629669
v -0.00021143 -1.94614887 -0.23236873
v -0.06895297 -1.82297933 -0.27343308
v -0.00029468 -1.82937979 -0.28157651
v -0.07019138 -1.71679306 -0.31083279
v -0.00017276 -1.71880424 -0.31978154
v -0.06889198 -1.60678863 -0.33633309
v -0.00006028 -1.60882759 -0.34270471
v -0.06281188 -1.56345713 -0.35213011
v -0.00002077 -1.55793166 -0.3565905
v -0.07006116 -1.5461483 -0.40732941
v 0.00000813 -1.54722368 -0.40054228
v -0.07682445 -1.52350306 -0.56293243
v 0.00018188 -1.52638709 -0.5814749
v -0.07901823 -1.50157022 -0.70706409
v 0.00012459 -1.50811374 -0.71545112
v -0.08686366 -1.4598062 -0.82924574
v 0.00005049 -1.46704316 -0.83653724
v -0.09317262 -1.41696548 -0.88397347
v 0.00002919 -1.42343831 -0.89313465
v -0.16962856 -1.43566036 -0.79092937
v -0.1652995 -1.39378237 -0.8518188
v -0.26465144 -1.3947792 -0.72898083
v -0.24835896 -1.34511232 -0.79440408
v -0.21453303 -1.27945029 -0.83776193
v -0.24319234 -1.44419205 -0.64346301
v -0.32344701 -1.39380323 -0.59711802
v -0.16160006 -1.48166596 -0.67695725
v -0.1460853 -1.51380753 -0.52879023
v -0.20298367 -1.49650692 -0.49281716
v -0.18725891 -1.53117394 -0.38476979
v -0.25025925 -1.5065217 -0.33877
v -0.27072051 -1.46333754 -0.43850597
v -0.13262292 -1.54188025 -0.40515628
v -0.12367402 -1.56956601 -0.34070467
v -0.18136867 -1.56383228 -0.31862455
v -0.18758438 -1.59412264 -0.28805726
v -0.25748002 -1.58629298 -0.23941302
v -0.24528244 -1.54085242 -0.28092414
v -0.12900854 -1.60019302 -0.31911099
v -0.12944884 -1.70147514 -0.29012569
v -0.22425271 -1.70828986 -0.22722718
v -0.23078128 -1.80232811 -0.20042844
v -0.31808066 -1.7982105 -0.16948996
v -0.29044583 -1.68616545 -0.19155676
v -0.15583819 -1.82992255 -0.23061162
v -0.15412707 -1.91684889 -0.20921884
v -0.27065765 -1.96048998 -0.17745494
v -0.2733528 -2.10862541 -0.17404276
v -0.3451865 -2.08655619 -0.14243084
v -0.34403118 -1.94027376 -0.15200719
v -0.1942107 -2.12096977 -0.18638175
v -0.20371428 -2.25628304 -0.19617702
v -0.27318543 -2.23832893 -0.17951323
v -0.29546782 -2.35468578 -0.19082099
v -0.37439233 -2.34574437 -0.1436052
v -0.35579943 -2.24431014 -0.13442607
v -0.20502603 -2.36119127 -0.2194157
v -0.2287276 -2.47780513 -0.26028734
v -0.34325632 -2.46716713 -0.2456714
v -0.38302031 -2.58683347 -0.28922754
v -0.48808109 -2.55055427 -0.24299472
v -0.42681488 -2.44431686 -0.20177628
v -0.27441251 -2.62281894 -0.30849561
v -0.30472278 -2.7616415 -0.3409895
v -0.42021566 -2.74177002 -0.32393983
v -0.45805296 -2.89863514 -0.35704377
v -0.59525883 -2.87466549 -0.31224134
v -0.54423284 -2.70163607 -0.27680948
v -0.3376258 -2.90490436 -0.37369954
v -0.36551433 -3.05368137 -0.408611
v -0.49204886 -3.05041861 -0.39050394
v -0.51459527 -3.19561171 -0.42072832
v -0.67053097 -3.19352364 -0.37690624
v -0.63921552 -3.03792619 -0.34618675
v -0.37921321 -3.19738388 -0.44076618
v -0.37246701 -3.35441803 -0.47512686
v -0.51846092 -3.34722042 -0.45214432
v -0.49993491 -3.51238274 -0.48715156
v -0.66436404 -3.52259683 -0.44687902
v -0.68447899 -3.34777879 -0.40677812
v -0.34519404 -3.50970745 -0.50654822
v -0.48856714 -3.63285088 -0.49956053
v -0.61763036 -3.75985336 -0.46262958
v -0.64036697 -3.6611073 -0.46882343
v -0.75214678 -3.79680323 -0.42270746
v -0.78398579 -3.70084619 -0.42207521
v -0.86926949 -3.85184907 -0.37110179
v -0.91460275 -3.75129318 -0.36172127
v -0.96729791 -3.92196226 -0.30910524
v -1.028957 -3.8127799 -0.29023855
v -1.05244815 -3.99480962 -0.23628322
v -1.12774562 -3.88233971 -0.2082349
v -1.13145113 -4.06578064 -0.15051315
v -0.92704623 -4.14078807 -0.23775236
v -0.98998922 -4.23243808 -0.17031607
v -1.05989503 -4.30389976 -0.09529943
v -0.89303469 -4.32185745 -0.19843711
v -0.93490594 -4.4257822 -0.14693929
v -0.96947026 -4.49101162 -0.09926606
v -0.78997188 -4.52769756 -0.21743476
v -0.82383072 -4.59022188 -0.17306891
v -0.8439486 -4.63067436 -0.1360009
v -0.66682595 -4.65742778 -0.23773022
v -0.67843514 -4.70485973 -0.20360679
v -0.68100744 -4.7298789 -0.17479141
v -0.50225424 -4.7528162 -0.25873151
v -0.50423181 -4.77898883 -0.23031139
v -0.50203108 -4.79074716 -0.1990844
v -0.33462697 -4.80340242 -0.26988852
v -0.33252924 -4.81532764 -0.23870283
v -0.32840549 -4.81422042 -0.20233896
v -0.33006265 -4.77740573 -0.29889929
v -0.32359457 -4.72800254 -0.32955354
v -0.4980477 -4.70228672 -0.29002001
v -0.48548582 -4.61737823 -0.32859873
v -0.31700426 -4.63817882 -0.36649784
v -0.64436656 -4.58310318 -0.27828973
v -0.6074742 -4.48456907 -0.32107546
v -0.45767092 -4.50523281 -0.36874228
v -0.7434982 -4.44145965 -0.26427677
v -0.69274568 -4.33701896 -0.30376893
v -0.56124621 -4.36851739 -0.35720819
v -0.83250713 -4.2264204 -0.24820667
v -0.78001505 -3.01105165 -0.27690544
v -0.72394615 -2.83944368 -0.24416407
v -0.89077454 -2.97403383 -0.19529849
v -0.82477676 -2.79253649 -0.16174645
v -0.76260328 -2.62166166 -0.11718025
v -0.65831226 -2.65926981 -0.20643669
v -0.69703024 -2.5261178 -0.09299805
v -0.59081614 -2.53102231 -0.17621988
v -0.58121436 -2.37618064 -0.00288682
v -0.50781834 -2.42115807 -0.12579764
v -0.53295433 -2.3101983 0.0211787
v -0.45390585 -2.33118152 -0.07062081
v -0.50963485 -2.21813392 0.02548592
v -0.43436181 -2.23615551 -0.06520418
v -0.49131363 -2.07596421 -0.00333911
v -0.42080763 -2.08494806 -0.08410931
v -0.48355841 -1.91205239 -0.03915812
v -0.40857482 -1.92586541 -0.11110845
v -0.46184751 -1.76529026 -0.07962807
v -0.3941124 -1.78829443 -0.13245388
v -0.43941924 -1.64030647 -0.11052441
v -0.36385861 -1.66322469 -0.15618044
v -0.40299651 -1.52779483 -0.1485733
v -0.32892116 -1.56205236 -0.1936717
v -0.37831759 -1.44639444 -0.19342038
v -0.31094497 -1.4996494 -0.23845925
v -0.38036832 -1.41078901 -0.22589123
v -0.3157489 -1.46518373 -0.28038853
v -0.39926242 -1.37129557 -0.31124994
v -0.33360177 -1.42280209 -0.3800784
v -0.45222979 -1.28959274 -0.46678435
v -0.38970142 -1.34268081 -0.53912895
v -0.47624492 -1.3069936 -0.25341311
v -0.51622134 -1.24245977 -0.37977087
v -0.52955108 -1.18510675 -0.45407861
v -0.57736671 -1.20119774 -0.28234893
v -0.59423995 -1.14198923 -0.3573355
v -0.60082566 -1.02865862 -0.42803651
v -0.53678011 -1.04855978 -0.52632522
v -0.54170256 -0.88098883 -0.61050069
v -0.48181703 -0.88392925 -0.71244573
v -0.59740275 -0.72891885 -0.65710258
v -0.53383886 -0.71094554 -0.72927105
v -0.66152536 -0.61570251 -0.64184081
v -0.61590176 -0.56548595 -0.72049725
v -0.70318979 -0.51489901 -0.59620654
v -0.66704285 -0.47434145 -0.66616833
v -0.61739456 -0.42740362 -0.70795649
v -0.69300502 -0.39951381 -0.57668858
v -0.63861304 -0.37199962 -0.64703112
v -0.63990396 -0.29793465 -0.55560678
v -0.73003804 -0.42455604 -0.51575982
v -0.75272297 -0.46528476 -0.44467604
v -0.78973698 -0.37261536 -0.37229934
v -0.72008025 -0.57443666 -0.51595801
v -0.73465406 -0.63126015 -0.41104328
v -0.7700181 -0.52649122 -0.33267763
v -0.77361899 -0.62568914 -0.17461219
v -0.81907618 -0.43730691 -0.12773582
v -0.81117749 -0.41287672 -0.24257971
v -0.73794394 -0.75848043 -0.24990053
v -0.73913252 -0.83932405 -0.11780639
v -0.76502609 -0.70704245 -0.07564217
v -0.71105253 -0.94461315 -0.21848763
v -0.70206368 -1.02643752 -0.1357419
v -0.72293722 -0.88768279 -0.04079199
v -0.67622029 -0.98295223 -0.31197062
v -0.66134488 -1.09744441 -0.24397029
v -0.63192987 -1.15299665 -0.18275487
v -0.66784936 -1.07514047 -0.07893797
v -0.63432538 -1.11801004 -0.03177979
v -0.65641361 -1.00870192 0.04445219
v -0.67959529 -0.94591569 0.01677402
v -0.59702587 -1.19674348 -0.11208157
v -0.5747087 -1.24533033 -0.05565918
v -0.61756467 -1.18262624 0.01663144
v -0.54356336 -1.25345468 -0.18654805
v -0.51734173 -1.29951751 -0.11986273
v -0.52002584 -1.35319423 -0.07672916
v -0.57803076 -1.3132199 0.00231098
v -0.44915697 -1.35250544 -0.17533521
v -0.45039668 -1.3935585 -0.14162325
v -0.48120707 -1.49077069 -0.09019557
v -0.54379576 -1.45619308 -0.01945681
v -0.56974059 -1.58203935 0.03999052
v -0.60586369 -1.54588079 0.11483733
v -0.59324288 -1.42511606 0.06670191
v -0.50233024 -1.60594701 -0.05269744
v -0.5278505 -1.7499293 -0.0017534
v -0.58453595 -1.71182322 0.08750774
v -0.60019409 -1.84829485 0.14187914
v -0.63388228 -1.81290686 0.23111583
v -0.61683177 -1.67526459 0.16928695
v -0.54231715 -1.88150894 0.03776066
v -0.55994314 -2.05949974 0.09408678
v -0.62273073 -2.00716805 0.19077523
v -0.64965194 -2.14534974 0.21602112
v -0.7040233 -2.09295487 0.3081516
v -0.66441816 -1.95915973 0.27808246
v -0.58162426 -2.18902039 0.12060397
v -0.61386537 -2.28392362 0.12035709
v -0.69214415 -2.25509834 0.2192303
v -0.75895977 -2.34445238 0.21458496
v -0.84034836 -2.32368183 0.31267595
v -0.76396113 -2.22001647 0.31494128
v -0.66923904 -2.35487699 0.11163875
v -0.80401182 -2.52589654 0.0025999
v -0.8826496 -2.48510766 0.13659569
v -0.95695066 -2.56985759 0.09549391
v -1.05090642 -2.54562616 0.20635338
v -0.93635332 -2.42105913 0.27366218
v -0.86033833 -2.5927453 -0.0153282
v -0.91527038 -2.72700643 -0.05453734
v -1.01543879 -2.65926504 0.07906022
v -1.10276949 -2.85230875 0.04425694
v -1.12288904 -2.62586402 0.2009198
v -0.99117952 -2.92743444 -0.09604996
v -1.21857881 -2.59118604 0.30679038
v -1.13757538 -2.51558828 0.31190568
v -1.29893899 -2.54922151 0.40245074
v -1.18931615 -2.43368387 0.44568109
v -1.08232832 -2.32602691 0.48028904
v -1.00986242 -2.37110328 0.39110907
v -0.99564588 -2.22962904 0.49237093
v -0.91738998 -2.28988456 0.4016951
v -0.90191876 -2.08204889 0.50450187
v -0.82811975 -2.17008113 0.40248176
v -0.80102455 -1.93968963 0.49332559
v -0.74953573 -2.02659297 0.39770197
v -0.73134809 -1.82544517 0.47282758
v -0.7005999 -1.89561677 0.38197663
v -0.6814512 -1.71188175 0.43729043
v -0.66137003 -1.76432704 0.3369832
v -0.65099549 -1.59331035 0.38275265
v -0.64018154 -1.63592839 0.27301749
v -0.63343972 -1.45639848 0.30548661
v -0.6273216 -1.50113165 0.20430226
v -0.63059276 -1.33330917 0.24309721
v -0.62075656 -1.38136053 0.15020734
v -0.63693368 -1.21384382 0.18098191
v -0.61769211 -1.26721739 0.08592373
v -0.6450324 -1.10561537 0.10534378
v -0.63390672 -1.16279089 0.26785567
v -0.6491211 -1.03268599 0.19494809
v -0.66584754 -0.9193803 0.11324328
v -0.59947496 -1.13778591 0.39566838
v -0.5920785 -1.27358651 0.46355944
v -0.54515373 -1.25340056 0.57426494
v -0.54672652 -1.12473368 0.53292864
v -0.62176162 -1.29625928 0.34108471
v -0.62600535 -1.42416429 0.42046216
v -0.60269117 -1.39828872 0.52523893
v -0.63199001 -1.50781965 0.57944732
v -0.588871 -1.4815005 0.67232465
v -0.55693697 -1.37442994 0.62260913
v -0.65007662 -1.54590773 0.49003347
v -0.69453465 -1.65218257 0.53502684
v -0.68699705 -1.60648465 0.62395262
v -0.77171742 -1.70352184 0.6622588
v -0.7440226 -1.66476869 0.76274466
v -0.64977705 -1.57583212 0.71915447
v -0.76471376 -1.75600099 0.57106947
v -0.86057782 -1.86003744 0.59974855
v -0.88049942 -1.80153894 0.6915909
v -0.9952234 -1.90578854 0.70916861
v -0.99001407 -1.84818828 0.82311523
v -0.86389887 -1.75280308 0.79904687
v -0.96900337 -1.9736638 0.6174888
v -1.06456279 -2.09580326 0.61754632
v -1.10232305 -2.0146203 0.71866309
v -1.20392322 -2.12225294 0.72412103
v -1.22776496 -2.05988073 0.84314036
v -1.1116997 -1.9532926 0.83627033
v -1.15245521 -2.22336888 0.60062718
v -1.24610412 -2.34595131 0.56920135
v -1.30479621 -2.22382354 0.7241078
v -1.41006016 -2.31756973 0.71739667
v -1.45288431 -2.24339032 0.84723466
v -1.33980417 -2.1574583 0.84666019
v -1.35367655 -2.47403526 0.51889276
v -1.54279434 -2.44981098 0.67446595
v -1.69486045 -2.41928196 0.82333016
v -1.5748167 -2.32697272 0.84147912
v -1.71089863 -2.36133527 0.95862686
v -1.59150898 -2.28180837 0.96835804
v -1.46694099 -2.20545816 0.97365421
v -1.58179307 -2.28041362 1.10048282
v -1.44799792 -2.20603585 1.10517549
v -1.31220591 -2.12172246 1.10985612
v -1.3435409 -2.1214323 0.97565841
v -1.17116189 -2.02322697 1.11073911
v -1.21672439 -2.0231955 0.97554707
v -1.02682697 -1.92257356 1.09882295
v -1.08428168 -1.91746068 0.96918529
v -0.87838536 -1.83190107 1.0689063
v -0.94826936 -1.81869709 0.9490022
v -0.72228324 -1.75100529 1.02235484
v -0.80961215 -1.73192095 0.91322636
v -0.6795029 -1.65168762 0.86545884
v -0.57885772 -1.56599843 0.81354516
v -0.41751557 -1.48033583 0.84808921
v -0.5175333 -1.47187089 0.76433467
v -0.39031142 -1.37162208 0.79712069
v -0.48542264 -1.36524105 0.71633517
v -0.38156163 -1.25600075 0.7524569
v -0.47416865 -1.24790978 0.67310261
v -0.38436931 -1.13540482 0.72236192
v -0.47625887 -1.12466275 0.63994443
v -0.38870066 -1.00692129 0.70980852
v -0.48363995 -0.99015641 0.61685764
v -0.39029505 -0.88502395 0.71273952
v -0.49031052 -0.86195766 0.60956192
v -0.39390331 -0.77088099 0.73602843
v -0.4953373 -0.74921256 0.63920211
v -0.58741539 -0.71365147 0.52489107
v -0.51963877 -0.61273318 0.69275152
v -0.61302548 -0.58537387 0.57854795
v -0.67011404 -0.55894786 0.48143526
v -0.65634101 -0.6670978 0.41790789
v -0.71320968 -0.53060054 0.40334543
v -0.69787704 -0.63421654 0.33838534
v -0.69075316 -0.71258688 0.26048007
v -0.73155617 -0.59827524 0.26977783
v -0.7182455 -0.68496894 0.19241762
v -0.74490642 -0.58918356 0.24118153
v -0.732001 -0.66971862 0.17717041
v -0.73249959 -0.73940217 0.11982657
v -0.74802237 -0.67427247 0.18271732
v -0.75218492 -0.76170313 0.12860372
v -0.76004833 -0.5846697 0.23472824
v -0.78550314 -0.59706449 0.24604332
v -0.7796638 -0.50082165 0.28458783
v -0.80795937 -0.49913752 0.29391217
v -0.8476504 -0.53523415 0.31026253
v -0.82177078 -0.64319253 0.25860101
v -0.87953448 -0.56657135 0.31930866
v -0.84885156 -0.6536681 0.2630409
v -0.91432344 -0.567936 0.32070428
v -0.91384178 -0.46115532 0.35336363
v -0.95340484 -0.47030922 0.35680764
v -0.98660492 -0.46299535 0.33692398
v -0.93444764 -0.55996829 0.30388799
v -0.99574339 -0.44218972 0.30833628
v -0.93381381 -0.53717362 0.28142288
v -0.86484408 -0.6210649 0.22483038
v -0.82685482 -0.71069717 0.1592772
v -0.89518296 -0.51951712 0.25328651
v -0.96014326 -0.42641156 0.28336626
v -0.94165629 -0.41619697 0.26852238
v -0.88768541 -0.49437239 0.24082003
v -0.91518509 -0.39742502 0.23536114
v -0.86613071 -0.47101846 0.21880438
v -0.81373083 -0.48473951 0.18487232
v -0.79499661 -0.45327496 0.19984178
v -0.75711685 -0.49375379 0.14451874
v -0.74536299 -0.49214577 0.1075661
v -0.98023539 -0.32026109 0.26246273
v -1.0106467 -0.32502383 0.27833381
v -1.02694666 -0.23328015 0.25300756
v -0.98615115 -0.23372259 0.24534604
v -1.02287733 -0.1641981 0.21452936
v -0.97852659 -0.18376019 0.21140481
v -0.94056677 -0.2063612 0.2007527
v -0.87832349 -0.20543199 0.14693453
v -0.88657665 -0.23995846 0.19605463
v -0.84584003 -0.25197964 0.13298972
v -0.8471539 -0.27295246 0.19052395
v -0.81387001 -0.32193392 0.1573655
v -0.81696373 -0.33525431 0.19090846
v -0.77983558 -0.34980392 0.14344169
v -0.77510392 -0.35620287 0.17740625
v -0.90216136 -0.20326629 0.11352656
v -0.88211214 -0.25476878 0.10008063
v -1.04399931 -0.22938147 0.27440118
v -1.03415525 -0.14641013 0.23163281
v -1.00583827 -0.09925521 0.18810689
v -1.01587832 -0.14070691 0.25403326
v -0.96880734 -0.08694607 0.14851155
v -1.03084921 -0.22805108 0.30091536
v -0.9885863 -0.23490259 0.31374943
v -0.97431033 -0.14755114 0.26608371
v -0.94589811 -0.23109632 0.30342024
v -0.92888397 -0.15727229 0.2618286
v -0.88332772 -0.23635032 0.285301
v -0.88213563 -0.17405977 0.25281614
v -0.87946748 -0.13640077 0.21713605
v -0.85168844 -0.18439036 0.25299587
v -0.85710448 -0.14286716 0.21819409
v -0.86314415 -0.11761028 0.1778725
v -0.88034248 -0.11300738 0.17586971
v -0.85016584 -0.12458381 0.24505257
v -0.8593921 -0.09264957 0.19788651
v -0.84393572 -0.07958693 0.30250859
v -0.85516524 -0.03205145 0.25686335
v -0.86110115 -0.01081259 0.19942711
v -0.84784889 0.05407284 0.34402358
v -0.85564768 0.10834038 0.28873407
v -0.86096811 0.14672264 0.22301289
v -0.86225479 -0.00163542 0.14158631
v -0.86394 0.17645128 0.1470403
v -0.86046785 0.01585404 0.0761554
v -0.86245822 0.19789554 0.05833901
v -0.85447442 0.03470464 -0.00730189
v -0.83475709 -0.14235013 -0.08350978
v -0.84273588 0.05529975 -0.0996874
v -0.81858384 -0.12541663 -0.1723119
v -0.81475067 -0.18827362 -0.20815438
v -0.83230602 -0.21638393 -0.12286546
v -0.81768643 -0.29346832 -0.2802197
v -0.83560311 -0.31649607 -0.1771314
v -0.83955526 -0.33773738 -0.08808272
v -0.81771695 -0.48758471 -0.03952433
v -0.7877509 -0.15564456 -0.31601637
v -0.79465955 -0.09356479 -0.27730596
v -0.75808572 -0.04664737 -0.39810168
v -0.75346779 -0.12777243 -0.4406988
v -0.71035742 -0.00227664 -0.49577319
v -0.71795725 -0.08979275 -0.53504031
v -0.71269941 -0.1432317 -0.5728085
v -0.67440617 -0.04584861 -0.63632649
v -0.67480403 -0.09673623 -0.65997725
v -0.65213692 -0.15042737 -0.67171967
v -0.67513012 -0.20217572 -0.60581713
v -0.62090426 -0.20821474 -0.68005764
v -0.61281657 -0.11637614 -0.75633734
v -0.58992528 -0.17815782 -0.75168854
v -0.56070518 -0.20265352 -0.73835468
v -0.55017101 -0.22038021 -0.73702359
v -0.47665923 -0.19081448 -0.7726283
v -0.52804946 -0.2227225 -0.72615599
v -0.55529522 -0.23685231 -0.67268979
v -0.55493015 -0.24422235 -0.62675118
v -0.49222022 -0.17198038 -0.7092632
v -0.52413058 -0.21787861 -0.64598548
v -0.52611559 -0.23216629 -0.59205627
v -0.53397929 -0.24221836 -0.58048093
v -0.55272018 -0.2532548 -0.59412133
v -0.49182573 -0.17655922 -0.60416078
v -0.50778973 -0.21641452 -0.56895548
v -0.51309567 -0.23232956 -0.5691092
v -0.50836044 -0.25968563 -0.5710541
v -0.52311164 -0.25415241 -0.58814275
v -0.4850552 -0.18747255 -0.54507887
v -0.48490446 -0.23668906 -0.53049743
v -0.48884788 -0.27586069 -0.53630638
v -0.48279762 -0.30708792 -0.55235016
v -0.48844206 -0.28151893 -0.59611499
v -0.44520813 -0.23525768 -0.47985857
v -0.45648446 -0.28669148 -0.49039775
v -0.46421501 -0.32777082 -0.52198249
v -0.41156798 -0.28596139 -0.46995592
v -0.41940224 -0.33457887 -0.50720202
v -0.35591849 -0.27905362 -0.47467047
v -0.362401 -0.33022332 -0.51743447
v -0.30634447 -0.26785719 -0.50711357
v -0.31507992 -0.31320154 -0.54790246
v -0.26439911 -0.24541163 -0.55365634
v -0.27517372 -0.28377795 -0.58669459
v -0.28823435 -0.30752593 -0.63103038
v -0.31732472 -0.32074388 -0.65202248
v -0.35763275 -0.29883745 -0.71015405
v -0.37185752 -0.32317537 -0.66875219
v -0.40563541 -0.30218124 -0.70410192
v -0.41684418 -0.31807887 -0.66548407
v -0.45137351 -0.29133558 -0.67810756
v -0.45215362 -0.30480021 -0.64105927
v -0.49551209 -0.26883667 -0.63002359
v -0.46260529 -0.28438153 -0.7141751
v -0.51885741 -0.25958788 -0.66187292
v -0.54565703 -0.25351777 -0.60725891
v -0.48828417 -0.28446286 -0.74901533
v -0.39622908 -0.29346078 -0.77887052
v -0.40308281 -0.31242877 -0.80172705
v -0.50274485 -0.30542245 -0.77304124
v -0.39904552 -0.29253214 -0.74276369
v -0.33289229 -0.28038308 -0.747478
v -0.31960031 -0.27781158 -0.77467739
v -0.32611307 -0.29636314 -0.79396909
v -0.23550447 -0.21242567 -0.59535914
v -0.22945249 -0.14077208 -0.60520738
v -0.22269193 -0.19314611 -0.64137166
v -0.26160344 -0.10385979 -0.57132375
v -0.31277823 -0.08259759 -0.54386991
v -0.33385258 -0.07694342 -0.60480934
v -0.40618297 -0.09642954 -0.65028357
v -0.36172029 -0.08590494 -0.66652214
v -0.44423818 -0.12563309 -0.70758807
v -0.38387793 -0.1069776 -0.71970641
v -0.4627639 -0.15220771 -0.74186968
v -0.40033847 -0.13908156 -0.7613849
v -0.33691391 -0.14702032 -0.75290548
v -0.40594109 -0.16756594 -0.79347717
v -0.33193993 -0.17380172 -0.77979624
v -0.2910816 -0.20536895 -0.74783885
v -0.29533392 -0.18807068 -0.72226196
v -0.27994558 -0.20803353 -0.76386034
v -0.26956456 -0.19128072 -0.7791984
v -0.47535786 -0.14327284 -0.67426651
v -0.45039761 -0.1206994 -0.61114561
v -0.46866583 -0.14457035 -0.56294876
v -0.44615811 -0.1670797 -0.50002491
v -0.40438866 -0.16081804 -0.46798268
v -0.40267497 -0.23086574 -0.4555656
v -0.36030852 -0.16566556 -0.46068507
v -0.34634211 -0.22506922 -0.45113107
v -0.5544663 -0.10527551 -0.80895757
v -0.6338284 -0.06808878 -0.74242568
v -0.58040499 -0.05911343 -0.8046875
v -0.51181769 -0.0574547 -0.85206091
v -0.49005129 -0.09237021 -0.84942662
v -0.40962743 -0.04474584 -0.89915311
v -0.39156693 -0.08185806 -0.89592689
v -0.28852129 -0.02785185 -0.96022111
v -0.29196709 -0.07692477 -0.950742
v -0.30462163 -0.10649751 -0.92720818
v -0.17691013 -0.088395 -0.99094104
v -0.19342158 -0.12849192 -0.94326508
v -0.13961263 -0.18333539 -0.88254839
v -0.11636598 -0.21531501 -0.88022708
v -0.13676513 -0.2341225 -0.83490335
v -0.1513949 -0.2173171 -0.83618497
v -0.1419714 -0.29795545 -0.84163856
v -0.11347457 -0.26646897 -0.88979077
v -0.1667429 -0.37398681 -0.85396742
v -0.08975649 -0.25475859 -0.94554013
v -0.06068915 -0.24217312 -0.9763773
v -0.06483504 -0.33896678 -1.01997184
v -0.06479775 -0.4408167 -1.04888045
v -0.00026812 -0.23472756 -0.98864948
v 0.00013509 -0.33509677 -1.04335761
v 0.00045689 -0.43269082 -1.07756519
v 0.00042036 -0.53854769 -1.12904179
v -0.07376226 -0.53919649 -1.09767198
v -0.20405583 -0.50905716 -0.89058983
v -0.23219783 -0.47893354 -0.85328918
v -0.19380837 -0.37021654 -0.82628297
v -0.27399447 -0.44877168 -0.81354636
v -0.24524764 -0.37601327 -0.80152076
v -0.24401167 -0.57655364 -0.87148821
v -0.24181473 -0.7007212 -0.86716771
v -0.20793256 -0.59431409 -0.89068663
v -0.20111632 -0.66524672 -0.88113105
v -0.20356243 -0.65455132 -0.92196703
v -0.18756818 -0.02953276 -1.00235116
v -0.30139574 0.04370917 -0.94691461
v -0.1913926 0.050423 -0.9916771
v -0.11244569 0.03699707 -0.99755072
v -0.19175519 0.12849052 -0.97078567
v -0.12800213 0.12453572 -0.97930818
v 0.00016016 0.11551632 -0.9774366
v 0.00011263 0.02649322 -0.98951351
v -0.1200029 0.23626953 -0.95686543
v 0.00000094 0.24448375 -0.9604119
v -0.10893799 0.38576588 -0.93035292
v -0.00007348 0.39195621 -0.93681418
v -0.20772123 0.37955853 -0.90994072
v -0.20859512 0.51438778 -0.86734861
v -0.20218449 0.23417756 -0.94174593
v -0.30105191 0.24195042 -0.90317046
v -0.30405709 0.3793863 -0.87390732
v -0.31157517 0.13379594 -0.92284393
v -0.4141134 0.12084172 -0.87313038
v -0.41372317 0.23838484 -0.84546828
v -0.41799992 0.02877953 -0.89083814
v -0.52522385 0.01033514 -0.8316316
v -0.52116036 0.12304686 -0.80448955
v -0.56591248 0.11049295 -0.76580351
v -0.56206977 0.21806593 -0.74077987
v -0.513668 0.22965852 -0.78502899
v -0.58152169 0.00329685 -0.78770935
v -0.62477672 -0.01433153 -0.73606681
v -0.61186868 0.08815598 -0.69873422
v -0.65430486 0.0460639 -0.59252423
v -0.65769815 0.17042115 -0.56460034
v -0.60888791 0.20537793 -0.67209833
v -0.68049091 0.28835791 -0.51549613
v -0.62579822 0.31076574 -0.6240285
v -0.57281833 0.31578737 -0.70123404
v -0.63365107 0.40041086 -0.57568103
v -0.57617557 0.4124073 -0.64851105
v -0.47622931 0.44216495 -0.72561627
v -0.50130987 0.32894524 -0.7626357
v -0.38378557 0.47838437 -0.78794217
v -0.40143334 0.36608424 -0.82139849
v -0.29982698 0.50117933 -0.83378839
v -0.29996764 0.59977746 -0.77118897
v -0.21055124 0.62434399 -0.79821258
v -0.31557714 0.6790933 -0.68055498
v -0.2225003 0.71535921 -0.69568252
v -0.25342866 0.78761488 -0.57001686
v -0.1331685 0.82016968 -0.57513481
v -0.35647037 0.73913645 -0.56694704
v -0.41944286 0.7775225 -0.44171392
v -0.29898184 0.83943533 -0.43408441
v -0.51393055 0.70095527 -0.45300775
v -0.57306277 0.71578377 -0.33878263
v -0.47501334 0.80524903 -0.30977889
v -0.58145338 0.60219711 -0.48099976
v -0.63940995 0.60226297 -0.37993118
v -0.69302302 0.60315209 -0.25503429
v -0.61909937 0.7276082 -0.20819173
v -0.61844086 0.49741363 -0.52722919
v -0.67823445 0.4845801 -0.42819583
v -0.73362231 0.47587972 -0.30641245
v -0.77588808 0.47976043 -0.18093766
v -0.73260033 0.61218905 -0.12700572
v -0.690467 0.38238236 -0.47408533
v -0.74613237 0.36504557 -0.35305634
v -0.79217755 0.35735353 -0.22886282
v -0.82676965 0.3555763 -0.10533402
v -0.80629837 0.48737955 -0.05384528
v -0.74012333 0.25968211 -0.39623725
v -0.791058 0.24057111 -0.27311679
v -0.82953071 0.22621375 -0.15191854
v -0.85246634 0.21271349 -0.04160299
v -0.84783953 0.35409045 0.01287112
v -0.77838337 0.10718885 -0.33028352
v -0.81959861 0.08096148 -0.20403549
v -0.72635698 0.13463708 -0.44411605
v -0.85586816 0.34609204 0.12300644
v -0.82792615 0.48396691 0.1906497
v -0.8236016 0.49097937 0.07074524
v -0.76870018 0.60846006 0.25877848
v -0.77030056 0.62070214 0.13018535
v -0.75852519 0.62022352 0.00151455
v -0.6786471 0.7347716 0.18499821
v -0.67328476 0.74150848 0.05277606
v -0.65331399 0.73768484 -0.07716921
v -0.54808759 0.84520405 0.09377329
v -0.53613257 0.84218257 -0.04005542
v -0.51147198 0.82725411 -0.174903
v -0.38094627 0.92771726 -0.01629502
v -0.36596164 0.90693163 -0.1549011
v -0.33901515 0.87677365 -0.29462856
v -0.19199457 0.96818149 -0.14332206
v -0.18070283 0.93032044 -0.2844432
v -0.16134119 0.88188827 -0.43104216
v 0.00094625 0.95321637 -0.27979809
v 0.00082725 0.8995046 -0.4311296
v 0.00029791 0.83232796 -0.57792615
v 0.00066002 0.99379396 -0.13912692
v -0.19787448 0.99192684 -0.00421443
v 0.00029392 1.01765453 -0.00090663
v -0.19895292 0.99660044 0.13432747
v 0.00010411 1.02071845 0.13732548
v -0.19619892 0.97795379 0.27352461
v 0.00017161 1.00102388 0.27658635
v -0.18993765 0.93138229 0.41612139
v 0.00033842 0.9534415 0.41964077
v -0.17967321 0.85360711 0.56403201
v 0.00041812 0.87326431 0.56874609
v -0.16497609 0.74046051 0.71266573
v 0.00037183 0.75525164 0.71970605
v -0.15088538 0.59184593 0.8470534
v 0.00024051 0.60166221 0.85612785
v -0.14568148 0.40560364 0.95036476
v 0.00009839 0.4119541 0.96122294
v -0.14692571 0.19160546 1.01658129
v -0.00040815 0.19512589 1.02953887
v -0.14816409 -0.02261957 1.04396927
v -0.0010402 -0.02532548 1.05818128
v -0.14754682 -0.21058343 1.03744649
v -0.00126765 -0.21512824 1.05159843
v -0.14683753 -0.3770923 1.00511372
v -0.00120333 -0.38333627 1.01883697
v -0.14688806 -0.52238404 0.95758771
v -0.00031171 -0.52848762 0.97163164
v -0.14812512 -0.66087675 0.89491713
v 0.00038702 -0.6640098 0.91018235
v -0.14292927 -0.80694997 0.82927858
v 0.00055681 -0.81967759 0.83659762
v -0.1366404 -0.90466821 0.80209493
v -0.00050058 -0.9070158 0.81091427
v -0.13838881 -1.03242588 0.79747688
v 0.00013057 -1.03675174 0.80750858
v -0.13286304 -1.17724514 0.81590795
v 0.00028618 -1.18711423 0.8275665
v -0.12930075 -1.29424476 0.85004842
v 0.00024668 -1.3036251 0.86309659
v -0.12914715 -1.41626215 0.9043262
v 0.00043446 -1.42855095 0.92039573
v -0.13906979 -1.52486956 0.95823466
v 0.00095457 -1.53178846 0.97299271
v -0.27426224 -1.39278459 0.85981178
v -0.29782107 -1.50247967 0.91236484
v -0.26442614 -1.27488112 0.81183779
v -0.26701721 -1.15484678 0.78038591
v -0.27556383 -1.02075672 0.76586687
v -0.27536457 -0.89775776 0.77201771
v -0.27764067 -0.78858268 0.79798328
v -0.2820976 -0.65216302 0.85271626
v -0.40595307 -0.63496244 0.78635138
v -0.28783768 -0.50735586 0.91403114
v -0.42151543 -0.48885184 0.84381246
v -0.53753948 -0.47796604 0.74735963
v -0.42770341 -0.35061448 0.88643908
v -0.54628157 -0.34487819 0.78979319
v -0.64479541 -0.34069347 0.66842389
v -0.62917721 -0.46772572 0.62695157
v -0.70662623 -0.33207392 0.55494129
v -0.68390774 -0.44879972 0.5254969
v -0.74311637 -0.32724431 0.4653432
v -0.72727441 -0.42387986 0.44610831
v -0.77181869 -0.33376216 0.39587467
v -0.76188302 -0.4187332 0.37741655
v -0.74921619 -0.50582236 0.33064773
v -0.78053194 -0.41977849 0.33888086
v -0.76129329 -0.50480175 0.30039444
v -0.8036257 -0.41622847 0.31811976
v -0.79348552 -0.33789151 0.35063028
v -0.81694769 -0.33215585 0.32306414
v -0.84325808 -0.32911372 0.31054624
v -0.83203476 -0.41449683 0.31887453
v -0.88198226 -0.35995286 0.32726493
v -0.87317562 -0.43626147 0.33715358
v -0.93647837 -0.36957246 0.34676885
v -0.98318648 -0.3534595 0.35082274
v -1.02219271 -0.34511026 0.33473056
v -1.03426408 -0.33752805 0.30349189
v -0.84700483 -0.24529159 0.28531664
v -0.82612592 -0.24909251 0.30457213
v -0.83848249 -0.18278458 0.27588549
v -0.80603927 -0.26015597 0.34057653
v -0.82779467 -0.15341042 0.32627594
v -0.79049301 -0.23297931 0.39956706
v -0.8171572 -0.11710589 0.39783433
v -0.8358758 -0.02196632 0.3813824
v -0.79955738 -0.08510442 0.48567295
v -0.8175866 0.03612206 0.47455325
v -0.82920485 0.14193458 0.4412747
v -0.77366334 0.09209979 0.58376348
v -0.78497397 0.22426581 0.54970836
v -0.79745602 0.33165261 0.48885774
v -0.83892893 0.22576722 0.38558834
v -0.8106597 0.40978521 0.40476912
v -0.84764123 0.28604692 0.31170937
v -0.82213354 0.45911821 0.30342003
v -0.85433232 0.32505202 0.22334298
v -0.73852431 0.51640611 0.49966293
v -0.7566955 0.57623624 0.38389575
v -0.62763601 0.6018868 0.58659076
v -0.65297472 0.67158746 0.45631101
v -0.67108535 0.71341937 0.32060548
v -0.51565861 0.74594092 0.5119282
v -0.53661906 0.8000108 0.36931636
v -0.54766714 0.83207446 0.2295129
v -0.37300673 0.87492775 0.40143632
v -0.38383591 0.91659957 0.25989589
v -0.38665038 0.9329403 0.12148919
v -0.35409236 0.80651533 0.54724311
v -0.32742682 0.70778685 0.69263368
v -0.48598241 0.66397666 0.65256661
v -0.45501339 0.54605847 0.77857357
v -0.30067986 0.57334089 0.82297241
v -0.60105854 0.49687346 0.70080101
v -0.58186692 0.35563385 0.78281754
v -0.43666854 0.38790708 0.86792564
v -0.71899384 0.4236108 0.59764826
v -0.70279675 0.29804247 0.66855675
v -0.6912629 0.14481005 0.70810139
v -0.572685 0.1826958 0.8259601
v -0.56535553 -0.01056143 0.83456957
v -0.4325945 -0.01424072 0.92667353
v -0.43353202 0.19314274 0.91437053
v -0.67925202 -0.0268189 0.71641814
v -0.66277724 -0.19601899 0.69899696
v -0.55511033 -0.19078001 0.81925904
v -0.75875675 -0.05655524 0.59120613
v -0.73573535 -0.20453909 0.57825386
v -0.77177494 -0.20992708 0.48171103
v -0.43029633 -0.19181048 0.91640031
v -0.29105055 -0.36382663 0.95960873
v -0.29146766 -0.20037713 0.99139267
v -0.2902058 -0.0192367 0.99889224
v -0.28680926 0.19003674 0.97694575
v -0.28740617 0.39787149 0.91943085
v -0.79201114 -1.89277076 1.17443907
v -0.61988842 -1.82150101 1.122828
v -0.71544486 -1.99086213 1.24969065
v -0.54306006 -1.93933558 1.20431566
v -0.66410583 -2.10901045 1.28827226
v -0.49720883 -2.07299518 1.25051355
v -0.33378371 -2.05572485 1.21915781
v -0.47026085 -2.22393465 1.26761031
v -0.31296742 -2.21258807 1.24604332
v -0.45947551 -2.39030718 1.25789916
v -0.30663517 -2.37690329 1.24690437
v -0.45872607 -2.53315663 1.2256546
v -0.30557462 -2.51861405 1.22007668
v -0.45487049 -2.65968036 1.17067992
v -0.30564588 -2.64203453 1.16686463
v -0.44810271 -2.76912713 1.09963047
v -0.3032341 -2.74833273 1.09419083
v -0.44011217 -2.85911774 1.02274906
v -0.2931506 -2.84714388 1.00072586
v -0.40785738 -3.01266646 0.87050318
v -0.26955473 -2.983428 0.85823559
v -0.41153055 -3.09767031 0.79666823
v -0.27071219 -3.06710505 0.78224468
v -0.41603046 -3.2084372 0.7130171
v -0.25778996 -3.17741918 0.69469976
v -0.41190251 -3.34085845 0.61953938
v -0.25129795 -3.30621814 0.60524809
v -0.40582585 -3.46500253 0.54001104
v -0.25614398 -3.43448591 0.5273537
v -0.2601512 -3.56257462 0.45872917
v -0.5623269 -3.37085342 0.63935166
v -0.57258081 -3.25232553 0.72539758
v -0.71460092 -3.28916287 0.73770254
v -0.56672632 -3.14496135 0.80701267
v -0.72177922 -3.18607497 0.82052481
v -0.85156065 -3.21916317 0.82733219
v -0.74071389 -3.07042074 0.92352688
v -0.86558318 -3.09283351 0.93667864
v -1.01792037 -3.12692499 0.94001448
v -0.88418585 -2.96539974 1.04716241
v -1.02696228 -2.99804186 1.04898953
v -1.18779563 -3.05686092 1.02738881
v -1.03525471 -2.88197612 1.14151096
v -1.19168412 -2.9202981 1.13876605
v -1.39831018 -2.99840879 1.10849762
v -1.21450877 -2.79205989 1.24035418
v -1.39540731 -2.86052608 1.22582864
v -1.53336107 -2.93099045 1.19157683
v -1.39756393 -2.74260783 1.31457459
v -1.5455209 -2.82025241 1.28892099
v -1.4152553 -2.63934803 1.37390589
v -1.56611633 -2.71287965 1.36247158
v -1.44157981 -2.55372834 1.39849364
v -1.60044097 -2.62961554 1.39331984
v -1.47210907 -2.48156642 1.38998925
v -1.63479292 -2.55726528 1.38719654
v -1.50660836 -2.40676474 1.34254884
v -1.66512584 -2.48518705 1.34094023
v -1.54590249 -2.32913017 1.24100661
v -1.69025206 -2.41035127 1.24100482
v -1.70850205 -2.35833048 1.09505391
v -1.83638465 -2.45143365 1.08405697
v -1.82510721 -2.45008111 0.95280039
v -1.80272221 -2.51043152 0.81818717
v -1.34626793 -2.32646036 1.33122503
v -1.39846277 -2.25077128 1.2364242
v -1.19224441 -2.23787665 1.32227218
v -1.25406289 -2.16359758 1.23395192
v -1.03763437 -2.14451217 1.31013441
v -1.10539877 -2.06663751 1.22813332
v -0.88023078 -2.05937385 1.28641951
v -0.95255863 -1.97338163 1.20964276
v -0.98863971 -2.24174952 1.35093057
v -0.82962298 -2.16630172 1.32411861
v -0.95677179 -2.35263633 1.35812461
v -0.79766702 -2.29462671 1.33071827
v -0.63173967 -2.24983167 1.29737174
v -0.77500331 -2.4448471 1.30784964
v -0.61412429 -2.41354703 1.27898502
v -0.76079338 -2.58576083 1.26290571
v -0.60842549 -2.55659556 1.24109816
v -0.75404238 -2.70421886 1.2039777
v -0.60129642 -2.68116927 1.18383097
v -0.74528759 -2.82513475 1.12410366
v -0.59367054 -2.79415464 1.11147284
v -0.74525368 -2.93135166 1.04222965
v -0.59058219 -2.88679623 1.03849196
v -0.58145153 -3.05209374 0.89085829
v -0.89346212 -2.85485506 1.13467669
v -0.90258336 -2.73262667 1.21865201
v -1.05424833 -2.7620182 1.22938835
v -0.9101485 -2.61024236 1.28471362
v -1.0690298 -2.63978719 1.3021835
v -1.23597717 -2.68275094 1.31429541
v -1.0902071 -2.52162957 1.35427236
v -1.25288105 -2.57451081 1.3674637
v -1.11514198 -2.41773438 1.37620735
v -1.27615952 -2.48423385 1.38867926
v -1.14601004 -2.3260796 1.3673594
v -1.30611205 -2.4072771 1.37897503
v -0.93165624 -2.47959947 1.33461844
v -1.94541871 -2.80808925 0.77998697
v -1.92369127 -3.04163193 0.70561379
v -1.8574146 -3.22031164 0.63167619
v -1.74113786 -3.36340761 0.55868095
v -1.62072587 -3.48274827 0.4880796
v -1.52871847 -3.59599781 0.4376679
v -1.44783067 -3.71569848 0.4059568
v -1.35886883 -3.84505772 0.3852508
v -1.2513628 -3.97070503 0.37017291
v -1.12606155 -4.08640193 0.34873083
v -0.9796189 -4.18625736 0.31879144
v -0.82422518 -4.26559639 0.28024947
v -0.00001908 -1.06394338 -0.96487134
v -0.00009625 -1.02056002 -0.97201949
v -0.07625974 -0.98175895 -0.93458133
v -0.00010411 -0.98900616 -0.94785523
v -0.08779975 -0.96783012 -0.95724999
v 0.00002499 -0.98036563 -0.99667638
v 0.00000786 -0.93764662 -1.02623128
v -0.14860916 -0.98551416 -0.91603505
v -0.15497255 -0.96974921 -0.91545635
v 0.19805502 -0.98127144 -0.88080936
v 0.37842452 -0.36663311 -0.58697325
v 0.94310456 -0.08303441 0.19420695
v 0.62363475 -0.86132758 0.33775353
v 0.75676345 -0.40869751 0.20622335
v 0.09760424 -0.10604044 -0.96972256
v 0.85359281 -0.7005499 0.21870857
v 0.05178898 -0.65290576 -0.99520748
v 0.06363634 -0.64271211 -0.95743477
v 1.97825872 -2.62249422 0.95400357
v 0.43581458 -1.74908959 1.05481195
v 0.92300999 -0.31385859 0.2213799
v 0.72288352 -0.44912046 0.17995646
v 0.89632797 -0.14198647 0.09046946
v 0.71678 -0.39500561 0.16617602
v 0.78138047 -0.53989344 0.09141758
v 0.70218277 -0.78286683 0.10819372
v 0.84466123 -0.35991072 0.03914714
v 0.71662855 -0.28544166 -0.50525105
v 0.40805366 -0.08759097 -0.52350986
v 0.22510421 -0.27039083 -0.69513821
v 0.32869663 -0.36091414 -0.79235619
v 0.49648305 -0.41013914 -0.76721662
v 0.11283875 -0.49174466 -0.96792745
v 0.15713803 -1.12553012 -0.89615589
v 0.22542721 -1.08159065 -0.86542058
v 0.13471901 -1.06435453 -0.94164466
v 0.09002469 -0.71078532 -0.96975028
v 0.05497878 -0.63146621 -1.03011834
v 0.10774288 -0.63709241 -0.9524638
v 0.09134185 -0.81508827 -0.98553282
v 0.08096378 -0.67920911 -1.09422361
v 0.26383084 -0.17162342 -0.86298304
v 1.03461122 -3.35269522 -0.22109416
v 0.53370434 -4.34582328 0.2174174
v 1.78544104 -2.83355593 1.27828788
v 0.85561019 -0.12656348 0.08616023
v 0.86559557 -0.32788839 0.0513908
v 0.4454095 0.59516024 -0.64685398
v 0.62665635 -0.26190587 -0.59265077
v 0.60289597 -0.24093076 -0.62286776
v 0.43597587 -0.3581542 -0.59073686
v 0.59400862 -0.30261492 -0.67067974
v 0.58458447 -0.26669386 -0.62717157
v 0.6832087 -0.77179807 -0.47648954
v 0.39112621 -1.12199473 -0.73802983
v 0.45256578 -0.65343076 -0.78573131
v 0.31926718 -0.93844312 -0.85321927
v 0.27760466 -1.02798974 -0.83331883
v 0.13159661 -1.2509998 -0.88998699
v 0.2797603 -0.12387328 -0.66383087
v 0.19332832 -0.26933449 -0.7511354
v 0.1734014 -0.58848041 -0.99516606
v 0.40891012 -0.15813285 -0.81913435
v 0.27746358 -0.16547162 -0.51085799
v 0.80207175 -0.76664292 0.17920996
v 0.94844692 -0.13941606 0.1481647
v 0.70895749 -4.078341 -0.32922568
v 0.77128559 -0.43114474 0.08708615
v 0.80610817 -0.42130056 0.07645131
v 0.79195332 -0.63608896 0.11528362
v 0.82098746 -0.40130466 0.22027961
v 0.84383136 -0.31289359 0.21459487
v 0.20338416 -0.99731349 -0.88052779
v 0.23605978 -0.99149042 -0.85070878
v 0.23315568 -0.96795004 -0.89247173
v 0.37228852 -0.36097598 -0.55823755
v 0.32993573 -0.33934652 -0.58839505
v 0.35169124 -0.34879586 -0.61587286
v 0.38827872 -0.34847313 -0.62859118
v 0.40798503 -0.37089216 -0.58371973
v 0.42224448 -0.37203115 -0.55513656
v 0.95697462 -0.10039442 0.22586955
v 0.91912633 -0.11777392 0.22594775
v 0.91420126 -0.09474305 0.18377281
v 0.95769047 -0.07678274 0.17066772
v 0.98914432 -0.09092325 0.20910899
v 0.92095327 -0.0881423 0.14347229
v 0.65889632 -0.80825156 0.25691086
v 0.66503375 -0.85912358 0.18111747
v 0.62332052 -0.96616452 0.31360811
v 0.55659627 -0.97743481 0.49433723
v 0.58142584 -0.83340084 0.45773628
v 0.6503129 -0.75512856 0.34102693
v 0.74277138 -0.38396045 0.19587513
v 0.72189438 -0.40972858 0.18706868
v 0.7376542 -0.42802637 0.19649641
v 0.78523081 -0.41100496 0.21522885
v 0.77322936 -0.3663018 0.19710749
v 0.76724916 -0.44009828 0.19961309
v 0.05840725 -0.17472727 -0.95286136
v 0.09342485 -0.19488063 -0.92403876
v 0.12522891 -0.14505839 -0.92591333
v 0.11160866 -0.03400515 -0.99892818
v 0.84781074 -0.71021592 0.19081664
v 0.82385265 -0.76112479 0.17443028
v 0.83431053 -0.72099483 0.21687814
v 0.87162053 -0.64564877 0.25840258
v 0.87956988 -0.63127714 0.24688093
v 0.08317856 -0.62832641 -0.99566596
v 0.05097699 -0.67975437 -1.00350451
v 0.0807334 -0.66620081 -0.94094175
v 0.06149099 -0.64903032 -1.05454254
v 1.92034363 -2.54958963 0.95551061
v 1.8942238 -2.6081047 0.83710581
v 1.96755886 -2.69209432 0.87700086
v 2.00166273 -2.64301776 1.01152908
v 1.94545412 -2.55921387 1.05456686
v 2.00966334 -2.75323295 0.930969
v 0.34204399 -1.60514688 0.95935446
v 0.4662882 -1.58532953 0.8943355
v 0.56889224 -1.6819334 0.95680326
v 0.37354606 -1.90503072 1.15949285
v 0.19910541 -1.90012967 1.14606308
v 0.20348374 -1.75489103 1.07611894
v 0.16485089 -1.61907863 1.00224018
v 0.89754605 -0.26988768 0.21472632
v 0.88305872 -0.36916002 0.22250793
v 0.94812631 -0.31678202 0.22910922
v 0.94982242 -0.25005358 0.21659907
v 0.71345126 -0.43547856 0.16606941
v 0.72529077 -0.46452796 0.13500563
v 0.73557817 -0.46838325 0.16416592
v 0.88722842 -0.10707604 0.13179621
v 0.86669123 -0.11400706 0.13336753
v 0.86862838 -0.1424629 0.08797549
v 0.90917497 -0.18917173 0.09420239
v 0.93271911 -0.13932101 0.11583136
v 0.9308564 -0.10360637 0.11689895
v 0.85972738 -0.23381985 0.04409832
v 0.88275378 -0.23630851 0.05871826
v 0.71617835 -0.41660356 0.1448542
v 0.73462128 -0.37351161 0.17043633
v 0.74708324 -0.38663634 0.14144663
v 0.79827922 -0.5529809 0.12587684
v 0.7812919 -0.51980698 0.13421794
v 0.7654401 -0.51687014 0.09141112
v 0.74990689 -0.74129623 0.08251176
v 0.79768258 -0.57191997 0.07058379
v 0.81346678 -0.55461132 0.02585101
v 0.7441672 -0.75408232 0.03757719
v 0.69270551 -0.83857679 0.06767402
v 0.69482171 -0.75651001 0.16942882
v 0.7203021 -0.73390412 0.12433262
v 0.83417332 -0.40614104 0.05408888
v 0.86898267 -0.33137068 0.06656395
v 0.84534591 -0.21040935 0.04059592
v 0.84114813 -0.34004008 -0.00566814
v 0.67699617 -0.28959161 -0.53016758
v 0.69214898 -0.31935453 -0.52862799
v 0.75202775 -0.34064263 -0.46463805
v 0.78342527 -0.25270849 -0.38839501
v 0.73964321 -0.19870697 -0.49556487
v 0.68668526 -0.25202268 -0.55368274
v 0.40810257 -0.11004529 -0.49638038
v 0.44414418 -0.12523095 -0.52614152
v 0.42609411 -0.09956877 -0.54955816
v 0.36586153 -0.0795091 -0.52885866
v 0.36485123 -0.10368213 -0.49230787
v 0.37727913 -0.07879475 -0.58330696
v 0.20991884 -0.27029252 -0.72035384
v 0.26150131 -0.27397534 -0.74711316
v 0.259263 -0.26863345 -0.71709013
v 0.25234061 -0.24207578 -0.71444231
v 0.24379019 -0.23970812 -0.73718816
v 0.28545031 -0.29004609 -0.68524736
v 0.2477701 -0.27958154 -0.66979694
v 0.23885533 -0.25184831 -0.64547699
v 0.22182205 -0.23543024 -0.66738498
v 0.2564381 -0.22091071 -0.68646413
v 0.33149454 -0.32811597 -0.79418635
v 0.26726675 -0.31941646 -0.78396952
v 0.29221093 -0.36637201 -0.78980743
v 0.38356387 -0.3860839 -0.79220128
v 0.40551906 -0.34562248 -0.79710602
v 0.32688751 -0.41421666 -0.7968052
v 0.37979725 -0.5194025 -0.80918747
v 0.55951154 -0.51452088 -0.76027107
v 0.49910455 -0.34709245 -0.77257239
v 0.16245548 -0.5121392 -0.92542773
v 0.12428068 -0.37139779 -0.92072606
v 0.09698364 -0.35484382 -0.97473955
v 0.18335419 -0.58409464 -0.95607698
v 0.19055499 -0.5831238 -0.91050714
v 0.129964 -0.55525428 -1.0446732
v 0.14764 -1.09566855 -0.91865861
v 0.0785862 -1.11477446 -0.91569024
v 0.0865125 -1.17469763 -0.88640439
v 0.15511794 -1.20241594 -0.87361794
v 0.19630402 -1.04557609 -0.9066658
v 0.28912532 -1.17636048 -0.80858326
v 0.32791215 -1.04630661 -0.81978082
v 0.26803064 -0.9732635 -0.84382879
v 0.06908488 -1.05847477 -0.96197658
v 0.14885711 -1.02013158 -0.94515347
v 0.08038202 -1.01627099 -0.96764648
v 0.04890751 -0.71656334 -1.04598712
v 0.17309415 -0.71748143 -0.9345299
v 0.17067179 -0.6959747 -0.97655272
v 0.12414982 -0.66044604 -0.9748792
v 0.15964457 -0.6713078 -1.01742982
v 0.10722278 -0.6375401 -1.03057563
v 0.20375715 -0.87709224 -0.93330514
v 0.18709084 -0.74346977 -0.89858204
v 0.09567801 -0.93053674 -0.99912637
v 0.1801275 -0.9407159 -0.94644844
v 0.13278052 -0.65411108 -1.06068706
v 0.14160271 -0.62722265 -1.07094883
v 0.09092349 -0.63613373 -1.13685762
v 0.28536951 -0.14685195 -0.88624525
v 0.20239767 -0.1647433 -0.89565295
v 0.22276762 -0.18933573 -0.85957932
v 0.24758999 -0.19857966 -0.81437087
v 0.30256217 -0.1596013 -0.83392322
v 0.3456988 -0.13559012 -0.85206824
v 0.98068845 -3.57300472 -0.305101
v 1.10496783 -3.64609336 -0.22721181
v 1.17864847 -3.47452592 -0.13675352
v 1.1775279 -3.23842692 -0.07123842
v 1.08210516 -3.09404325 -0.09581907
v 0.96001672 -3.15095305 -0.2133508
v 0.85049694 -3.34937715 -0.33537292
v 0.82803642 -3.53687572 -0.3835718
v 0.8250544 -3.18061614 -0.3057931
v 1.27134013 -3.35033989 -0.01924015
v 0.4554851 -4.34998989 0.20430064
v 0.44714662 -4.24046659 0.24797557
v 0.58515942 -4.26543235 0.26151427
v 0.67032313 -4.31845998 0.25043168
v 0.59178078 -4.40534353 0.19623163
v 0.48926574 -4.45123815 0.15991357
v 1.7877177 -2.9002819 1.20996499
v 1.67512035 -2.88128757 1.24307668
v 1.69864571 -2.78721928 1.31997585
v 1.73965048 -2.71517205 1.35182893
v 1.83180689 -2.79267144 1.28788089
v 1.88137078 -2.8685739 1.19217228
v 0.86090445 -0.09173722 0.14507459
v 0.84787821 -0.13686484 0.01419662
v 0.8423984 -0.21664127 -0.02622748
v 0.89295816 -0.25719568 0.07875298
v 0.45659008 0.53576958 -0.68326795
v 0.55466902 0.5081343 -0.6015914
v 0.51111519 0.59912121 -0.56898647
v 0.38965776 0.63715064 -0.66461461
v 0.37742319 0.56963181 -0.73629808
v 0.43777164 0.68125927 -0.56456226
v 0.58187937 -0.26214039 -0.59142351
v 0.60510778 -0.27550992 -0.56356799
v 0.63975364 -0.2881014 -0.54477894
v 0.6511957 -0.26366692 -0.58234274
v 0.64067816 -0.23612265 -0.62689733
v 0.58038866 -0.24083924 -0.63574945
v 0.56664538 -0.25556403 -0.60194838
v 0.5864824 -0.22080895 -0.67901706
v 0.57581198 -0.23057511 -0.6794722
v 0.43080768 -0.33870717 -0.62563312
v 0.4618465 -0.33042225 -0.59021872
v 0.4547759 -0.35547411 -0.55841326
v 0.60761618 -0.33205017 -0.66258704
v 0.60970091 -0.28432506 -0.58257806
v 0.56605595 -0.33174082 -0.72625434
v 0.57517075 -0.37750333 -0.71991932
v 0.56315946 -0.27708071 -0.71305429
v 0.56575083 -0.25450456 -0.6307969
v 0.55259513 -0.25865757 -0.68999666
v 0.67476165 -0.84768992 -0.41598022
v 0.70615392 -0.81859207 -0.35184526
v 0.70628374 -0.72137802 -0.46009132
v 0.6599465 -0.73886483 -0.55372357
v 0.60348016 -0.87514048 -0.51848131
v 0.69333756 -0.66364455 -0.54651302
v 0.40511429 -1.28172683 -0.61800938
v 0.46828302 -1.22866058 -0.54063642
v 0.4600968 -1.0909096 -0.65239071
v 0.32518655 -1.26775038 -0.75256878
v 0.3381035 -1.34308922 -0.67781704
v 0.30711329 -0.54115802 -0.8283931
v 0.33299571 -0.71384692 -0.83684778
v 0.4110468 -0.9237889 -0.78636252
v 0.27102968 -0.86332267 -0.87993025
v 0.2583996 -0.93070423 -0.88559806
v 0.07318842 -1.25324022 -0.91368305
v 0.08164621 -1.3355987 -0.91623765
v 0.14900609 -1.33483874 -0.8808726
v 0.2981069 -0.14539186 -0.69857186
v 0.23939234 -0.17191751 -0.65367627
v 0.2449375 -0.12749236 -0.63640898
v 0.28536284 -0.09481088 -0.6197716
v 0.32077682 -0.09649407 -0.6736375
v 0.33730581 -0.11475237 -0.72059911
v 0.21740254 -0.23192848 -0.75622904
v 0.17450471 -0.23465451 -0.79394388
v 0.15907764 -0.25414809 -0.78766769
v 0.17128238 -0.31266841 -0.80530011
v 0.20774146 -0.31187129 -0.78693813
v 0.26113206 -0.28938862 -0.76777851
v 0.17929333 -0.63608861 -1.01273942
v 0.19969987 -0.64604294 -0.9666565
v 0.32106688 -0.16167952 -0.80710077
v 0.32952433 -0.1752078 -0.80047088
v 0.41347432 -0.17526158 -0.8159154
v 0.49375748 -0.19946867 -0.79468858
v 0.50893306 -0.17258973 -0.79526096
v 0.5348165 -0.15406081 -0.80775558
v 0.46081969 -0.12952277 -0.83924663
v 0.37231081 -0.11063474 -0.87884557
v 0.26934599 -0.19914886 -0.52036786
v 0.30967232 -0.21796503 -0.47558873
v 0.31355798 -0.16856132 -0.48007124
v 0.31175559 -0.1037938 -0.51311767
v 0.26445141 -0.12658071 -0.53875279
v 0.23927101 -0.16346228 -0.56641578
v 0.78123128 -0.77345621 0.1538597
v 0.77592122 -0.70966911 0.1945995
v 0.8067947 -0.72230166 0.2130573
v 0.80352824 -0.77641791 0.13409853
v 0.92589688 -0.16238831 0.13429997
v 0.9209994 -0.17388539 0.16188481
v 0.96240371 -0.15103772 0.17382362
v 0.96357911 -0.11593578 0.14328301
v 0.99744743 -0.12413681 0.17686305
v 0.76460844 -4.14099025 -0.29291561
v 0.87798887 -4.03530025 -0.29883992
v 0.79817491 -3.96094846 -0.35301309
v 0.65642368 -3.96641182 -0.38683655
v 0.62368011 -4.0687313 -0.36097225
v 0.64645117 -4.16386985 -0.33767834
v 0.74835985 -0.47365203 0.09264145
v 0.73099988 -0.44554695 0.11416442
v 0.75201749 -0.41954121 0.10724051
v 0.78740781 -0.49400311 0.08016943
v 0.79240369 -0.36522179 0.12021809
v 0.85589277 -0.32923248 0.09040089
v 0.82066369 -0.30766141 0.12928663
v 0.75767844 -0.75302952 0.08463248
v 0.77368438 -0.77147615 0.10094851
v 0.80101788 -0.67412829 0.15460538
v 0.83420985 -0.5651896 0.18312288
v 0.83024907 -0.52571386 0.1694702
v 0.83148419 -0.60081106 0.20540323
v 0.84311676 -0.43610793 0.22203031
v 0.81439769 -0.35839617 0.20096461
v 0.13279736 -4.23917532 -0.45202595
v 0.13567252 -4.02397584 -0.4550305
v 0.13364909 -3.93414664 -0.46505457
v 0.10920759 0.64045238 -0.81524527
v 0.11582401 0.7409147 -0.70641434
v 0.10732188 0.52261126 -0.888695
v 0.11931465 -4.36201286 0.17039962
v 0.12581878 -4.50019121 0.10905857
v 0.11469462 -4.23562431 0.21665255
v 0.17170895 -2.05566024 1.19997263
v 0.15864785 -2.21059775 1.23279154
v 0.15294091 -2.37376213 1.24180102
v 0.15241721 -2.51034116 1.22028374
v 0.15283139 -2.62989521 1.16820144
v 0.15387411 -2.73117613 1.09448802
v 0.14648115 -2.84475088 0.97869557
v 0.13736516 -2.96457123 0.84961158
v 0.13974583 -3.0506761 0.77095896
v 0.14500339 -3.16672515 0.68400239
v 0.14717167 -3.29140901 0.60169136
v 0.14703995 -3.41758894 0.52728706
v 0.14472247 -3.54603529 0.46070566
v 0.1406629 -3.6616702 0.40969893
v 0.13370227 -3.7950654 0.36001116
v 0.12481921 -3.92823267 0.3148804
v 0.11962657 -4.07370948 0.26888692
v 0.23774623 -4.07792472 0.27722883
v 0.23501634 -4.2330513 0.22580599
v 0.23634305 -3.94303393 0.32091048
v 0.35654312 -3.96360349 0.33202067
v 0.35074234 -4.09449577 0.28599971
v 0.23513482 -3.8102312 0.36642646
v 0.36943504 -3.82570934 0.38379496
v 0.48099526 -3.84242534 0.401784
v 0.45252004 -3.99182486 0.34007382
v 0.24738216 -3.66809034 0.42134982
v 0.38012775 -3.69058084 0.4376243
v 0.50783664 -3.72086763 0.45564773
v 0.66360181 -3.77332449 0.47238606
v 0.67014026 -3.90877151 0.42014849
v 0.38865587 -3.58693385 0.48565554
v 0.52216696 -3.61304807 0.50733852
v 0.66831862 -3.65169 0.52732086
v 0.80650782 -3.69638156 0.538158
v 0.79294961 -3.82299757 0.47934237
v 0.54140919 -3.49556231 0.57310617
v 0.68218499 -3.5269432 0.59355807
v 0.81967836 -3.56658458 0.60495358
v 0.95025908 -3.60568285 0.60594052
v 0.93559694 -3.73770403 0.53825306
v 0.69903737 -3.41045069 0.66467618
v 0.83373636 -3.44295191 0.67697787
v 0.96626627 -3.48033022 0.67804503
v 1.10072922 -3.51885104 0.66665989
v 1.08182668 -3.64515686 0.59289121
v 0.84752821 -3.32635641 0.75445771
v 0.98188221 -3.36543583 0.75351983
v 1.12162053 -3.40409159 0.74425715
v 1.24714946 -3.44072365 0.71988648
v 1.22319722 -3.55481863 0.6381042
v 0.99490237 -3.25646686 0.83414316
v 1.1489681 -3.29581427 0.82827973
v 1.27721238 -3.32796025 0.81271159
v 1.42064869 -3.36686539 0.77543085
v 1.37559711 -3.47558832 0.67592513
v 1.18280577 -3.18259692 0.9218347
v 1.31531548 -3.21371173 0.91115486
v 1.46234393 -3.25365376 0.88039219
v 1.59571933 -3.28740906 0.83560234
v 1.54280495 -3.39299798 0.72854423
v 1.35950648 -3.10848546 1.00263238
v 1.49418807 -3.13996243 0.98306012
v 1.63005816 -3.17186403 0.94419723
v 1.74948978 -3.18600153 0.89602345
v 1.70293605 -3.3043313 0.78405493
v 1.52144718 -3.03822231 1.07879793
v 1.65120267 -3.06921958 1.0459727
v 1.77279257 -3.07782769 1.00552153
v 1.87033188 -3.06075263 0.96359217
v 1.83287084 -3.1811304 0.84732067
v 1.66485226 -2.97313165 1.14961302
v 1.78400445 -2.98421955 1.1135559
v 1.88964939 -2.95874452 1.07996964
v 1.96404445 -2.91088223 1.05006647
v 1.93547534 -3.02608871 0.92598062
v 1.95266914 -2.81126594 1.16910958
v 1.99515843 -2.75189471 1.1307398
v 2.00607824 -2.85912966 1.01632285
v 1.88863766 -2.72441244 1.2734723
v 1.92609953 -2.65944361 1.23026096
v 1.77694034 -2.63956284 1.34800148
v 1.80782902 -2.5710802 1.30352282
v 1.82635879 -2.50517201 1.21382474
v 1.94490563 -2.59991359 1.15413272
v 2.01212167 -2.69598841 1.07455217
v 2.02096939 -2.80775904 0.97738021
v 1.9722681 -2.88940477 0.82608401
v 1.98174405 -2.94460606 0.85946524
v 1.97012853 -2.98746037 0.89047598
v 1.91840839 -3.0894494 0.74103725
v 1.9110279 -3.1292746 0.76701784
v 1.88470923 -3.15982699 0.80321008
v 1.83464968 -3.25108814 0.66520237
v 1.81267106 -3.28330946 0.69474303
v 1.77213668 -3.30080652 0.73790013
v 1.71157872 -3.37910556 0.59451252
v 1.68408143 -3.39612436 0.63384831
v 1.63077771 -3.40235209 0.67945551
v 1.58826649 -3.48915576 0.52741235
v 1.54949009 -3.49770712 0.57293868
v 1.48129296 -3.49589204 0.62207394
v 1.48801398 -3.59609794 0.4836812
v 1.43156385 -3.59720277 0.53490179
v 1.33945643 -3.58335781 0.5911042
v 1.39153909 -3.7128849 0.45822787
v 1.30879759 -3.7037971 0.51437056
v 1.20114743 -3.67954707 0.56253039
v 1.28148412 -3.83572435 0.44258129
v 1.18064963 -3.8133192 0.49131879
v 1.06428206 -3.77891755 0.52342265
v 1.15833044 -3.95155978 0.42343968
v 1.04576754 -3.91633296 0.45794624
v 0.92093998 -3.87120342 0.47591671
v 1.02109515 -4.05488586 0.39339113
v 0.90205287 -4.00876665 0.4147897
v 0.77762842 -3.95706844 0.42193639
v 0.87109249 -4.14148998 0.35367047
v 0.75038474 -4.0864129 0.36545321
v 0.66519314 -4.05262565 0.36402565
v 0.71905326 -4.20731067 0.30886924
v 0.62836116 -4.16133546 0.3134053
v 0.45391446 -4.11635589 0.29531323
v 0.34685191 -4.23455762 0.23655511
v 0.35378313 -4.35679817 0.18992269
v 0.23928508 -4.36073112 0.17864406
v 0.25198438 -4.49396801 0.11936357
v 0.3755598 -4.47813606 0.13573972
v 0.40494287 -4.58520317 0.07489094
v 0.26947781 -4.60700511 0.05397933
v 0.53674942 -4.54714298 0.10774792
v 0.58458584 -4.63080596 0.04683567
v 0.43470135 -4.67639541 0.00547676
v 0.65977573 -4.48377227 0.15796211
v 0.72721761 -4.5583415 0.10729277
v 0.78169047 -4.61168336 0.05538282
v 0.62335383 -4.69106054 -0.01374725
v 0.75575947 -4.38889598 0.22157639
v 0.8415879 -4.45819473 0.17819172
v 0.91089892 -4.50659513 0.1313643
v 0.95596039 -4.53732013 0.08519331
v 0.81574517 -4.64546299 0.00709689
v 0.92650973 -4.33142948 0.25304028
v 1.01044225 -4.37467241 0.20927354
v 1.06634855 -4.40367984 0.16124346
v 1.10278654 -4.41970253 0.11331497
v 0.98444438 -4.55288553 0.04194857
v 1.08142042 -4.23004627 0.28583726
v 1.15307104 -4.25107622 0.23822677
v 1.20084691 -4.2652626 0.18482928
v 1.22738218 -4.26880645 0.13692623
v 1.12474095 -4.41838359 0.07385188
v 1.21220493 -4.1088047 0.30794116
v 1.27126216 -4.11660671 0.25389385
v 1.30566263 -4.11928653 0.1999261
v 1.32107985 -4.11215448 0.15570771
v 1.24196267 -4.25495815 0.10178878
v 1.31917488 -3.97764825 0.32014548
v 1.36038327 -3.97669267 0.26458615
v 1.37975513 -3.96818184 0.21790026
v 1.38462734 -3.95233821 0.17271709
v 1.32482993 -4.09268999 0.11398484
v 1.402359 -3.84099125 0.33161151
v 1.42587041 -3.83128261 0.28434047
v 1.43412387 -3.81444263 0.24092124
v 1.42824292 -3.78768158 0.18830353
v 1.37361598 -3.92607975 0.11517896
v 1.46923446 -3.70219111 0.35711216
v 1.48057341 -3.68622946 0.31628143
v 1.47930955 -3.66133523 0.27039831
v 1.46006619 -3.61832189 0.20659822
v 1.4004184 -3.74101591 0.11280576
v 1.53393268 -3.57111287 0.39985579
v 1.53690457 -3.54667878 0.36208489
v 1.52606248 -3.50721359 0.31402128
v 1.49348521 -3.44296717 0.24868309
v 1.41560149 -3.54601717 0.12441594
v 1.61210405 -3.4491198 0.45813924
v 1.6041243 -3.41389727 0.4198392
v 1.58012938 -3.35579586 0.37303933
v 1.53450727 -3.2698481 0.31798037
v 1.43570566 -3.35416674 0.17353668
v 1.71110308 -3.32342648 0.52868384
v 1.67997598 -3.27635288 0.48417484
v 1.63360369 -3.19665932 0.43751391
v 1.57013785 -3.09460473 0.39201363
v 1.47291421 -3.16953563 0.26764529
v 1.82049405 -3.1606009 0.61317914
v 1.76882267 -3.09288406 0.56937837
v 1.67429804 -3.00112867 0.50425666
v 1.58753657 -2.88471603 0.46182417
v 1.4933722 -2.98246741 0.35179609
v 1.86625611 -2.96133041 0.67683398
v 1.79584384 -2.84342193 0.63700038
v 1.6960287 -2.71987772 0.59328782
v 1.85563635 -2.70471859 0.73567032
v 1.75712335 -2.6181004 0.69041377
v 1.65149867 -2.54584217 0.66027641
v 1.58761274 -2.63755202 0.54864382
v 1.50063288 -2.75071287 0.43742638
v 1.47599768 -2.57065534 0.51281333
v 1.4010086 -2.63492083 0.41539225
v 1.31543064 -2.71618127 0.30866646
v 1.41069722 -2.86234235 0.32283332
v 1.22687435 -2.77196693 0.20298887
v 1.32854139 -2.93648099 0.21280485
v 1.40219235 -3.05927181 0.23078028
v 1.2077502 -3.03469634 0.04546104
v 1.2871133 -3.14881062 0.06938365
v 1.36582827 -3.25579953 0.11285413
v 1.35153782 -3.45229387 0.04631308
v 1.27547359 -3.57740449 -0.0589003
v 1.34755134 -3.66946983 0.0236578
v 1.20207905 -3.73083829 -0.14739182
v 1.28054094 -3.81326794 -0.0591586
v 1.33720147 -3.880656 0.03079552
v 1.21059525 -3.95149803 -0.11543343
v 1.27246308 -4.01355314 -0.02398163
v 1.31152141 -4.06088829 0.05721744
v 1.19782114 -4.13029956 -0.05730773
v 1.23677647 -4.18674755 0.01923959
v 1.2476716 -4.22760772 0.06834264
v 1.11373853 -4.34535551 -0.02826463
v 1.13560402 -4.37768602 0.01551242
v 1.1353544 -4.40296888 0.04444158
v 0.99500191 -4.52349376 -0.05854463
v 1.00487327 -4.54252767 -0.0275331
v 1.00167906 -4.55282783 0.00376841
v 0.85323584 -4.65212822 -0.10458005
v 0.85042953 -4.66306924 -0.07278699
v 0.83651268 -4.66208553 -0.03513524
v 0.67623019 -4.74343061 -0.14411358
v 0.66522181 -4.74269866 -0.10766727
v 0.64910054 -4.72667121 -0.06545385
v 0.49319443 -4.79353809 -0.16312795
v 0.48109874 -4.77765035 -0.1184813
v 0.46023297 -4.74117183 -0.06255616
v 0.32245481 -4.80270862 -0.15357112
v 0.30418652 -4.7656598 -0.09194485
v 0.28639471 -4.70127964 -0.02036711
v 0.15088395 -4.77238369 -0.10799239
v 0.14148834 -4.71116638 -0.03596521
v 0.13409179 -4.61613416 0.04114443
v 0.16178588 -4.81090068 -0.17732226
v 0.16428384 -4.82635021 -0.22687496
v 0.16600674 -4.82625007 -0.26276466
v 0.16621354 -4.81362772 -0.29473453
v 0.16295647 -4.78662395 -0.32474443
v 0.15716956 -4.73887872 -0.35455581
v 0.15436606 -4.65206718 -0.38837331
v 0.15067683 -4.52500915 -0.42184433
v 0.13911923 -4.38551616 -0.44421881
v 0.30443537 -4.51688909 -0.4020648
v 0.28813654 -4.38689565 -0.42595505
v 0.28200045 -4.22955799 -0.43675974
v 0.27728444 -4.04191684 -0.44483208
v 0.42896354 -4.37928009 -0.39755517
v 0.40860465 -4.22269773 -0.41416019
v 0.40457642 -4.05669164 -0.42583417
v 0.52150893 -4.20952177 -0.38270849
v 0.51751226 -4.06379985 -0.39715182
v 0.53159052 -3.9619739 -0.41777458
v 0.41472578 -3.94573402 -0.44351536
v 0.27909249 -3.93968129 -0.45828732
v 0.47025841 -3.73941326 -0.4888488
v 0.3103927 -3.72644519 -0.50423276
v 0.14631542 -3.72206139 -0.51304787
v 0.32797732 -3.6203022 -0.51505047
v 0.15660566 -3.62220883 -0.52348959
v 0.16956624 -3.51561832 -0.51609611
v 0.16833494 -3.37398219 -0.49054503
v 0.19015204 -3.19786524 -0.44994676
v 0.16331279 -3.05733418 -0.41612681
v 0.18133118 -2.90929555 -0.37530756
v 0.16575668 -2.76609969 -0.33436942
v 0.14238521 -2.63078165 -0.29699164
v 0.11883758 -2.49184513 -0.25391238
v 0.10801904 -2.37556147 -0.21210056
v 0.10866436 -2.27599382 -0.19382932
v 0.0947777 -2.09678793 -0.19671753
v 0.07251876 -1.93698191 -0.22614008
v 0.06901817 -1.82292139 -0.27314093
v 0.07012902 -1.71658051 -0.3106431
v 0.0687927 -1.60654068 -0.33621797
v 0.06275345 -1.56331205 -0.3520171
v 0.07004125 -1.54600441 -0.40738117
v 0.07681109 -1.52342844 -0.56300717
v 0.07904557 -1.50156092 -0.70695394
v 0.08693777 -1.45986127 -0.82908541
v 0.09324811 -1.41697514 -0.88395619
v 0.16919113 -1.43561077 -0.79104101
v 0.16530026 -1.39371132 -0.85177052
v 0.26412761 -1.39429307 -0.72874933
v 0.24794723 -1.34484958 -0.79429125
v 0.2144525 -1.27934837 -0.83754915
v 0.24282071 -1.44366323 -0.64328223
v 0.32288581 -1.39328205 -0.59650486
v 0.16118237 -1.48155081 -0.67677569
v 0.14564745 -1.51359045 -0.52886176
v 0.20249486 -1.49614071 -0.4923245
v 0.18692961 -1.53081202 -0.38430333
v 0.24998197 -1.50604224 -0.33819109
v 0.27039694 -1.46276485 -0.43770402
v 0.13236558 -1.54161465 -0.40501454
v 0.12349731 -1.5692985 -0.3404473
v 0.18109241 -1.56347012 -0.3183273
v 0.18735033 -1.59383869 -0.28788757
v 0.25737512 -1.58619356 -0.23914174
v 0.24492457 -1.54044485 -0.28079545
v 0.12883456 -1.59991192 -0.31891831
v 0.12953849 -1.70149362 -0.28976061
v 0.22422953 -1.70859229 -0.2269079
v 0.23068554 -1.80236983 -0.20030607
v 0.31798261 -1.79809296 -0.16942694
v 0.29044196 -1.68626749 -0.19126859
v 0.15599626 -1.82994556 -0.23033076
v 0.1541673 -1.91618418 -0.20925353
v 0.2705172 -1.9604485 -0.177634
v 0.27330642 -2.10851001 -0.174305
v 0.34520933 -2.08660697 -0.14263613
v 0.3440282 -1.94018757 -0.15209934
v 0.19460637 -2.12136697 -0.18650117
v 0.20371466 -2.25613641 -0.19624485
v 0.27321225 -2.23819494 -0.1796638
v 0.29550975 -2.35431671 -0.19091811
v 0.37459531 -2.34530806 -0.14389169
v 0.35597598 -2.24438428 -0.13463802
v 0.20492476 -2.36108946 -0.21953558
v 0.2286182 -2.47806692 -0.26063078
v 0.34328687 -2.46714544 -0.24598944
v 0.38270127 -2.58679437 -0.28954461
v 0.48863798 -2.55003213 -0.24322965
v 0.42734491 -2.44395852 -0.2021885
v 0.27425456 -2.62266635 -0.30869919
v 0.30440613 -2.76151061 -0.34102609
v 0.41995772 -2.74175858 -0.32405316
v 0.45808407 -2.8986907 -0.35692873
v 0.59583914 -2.87475585 -0.3121716
v 0.54486233 -2.70151495 -0.27693718
v 0.33720353 -2.90483665 -0.37360417
v 0.36501917 -3.05372238 -0.40845245
v 0.49222621 -3.05051779 -0.39023369
v 0.51501852 -3.1957283 -0.42033937
v 0.67072153 -3.19374346 -0.37662482
v 0.63953566 -3.03806686 -0.3459835
v 0.37863665 -3.19739341 -0.44055256
v 0.37213772 -3.35446929 -0.47486862
v 0.51896232 -3.34739637 -0.45173221
v 0.50017291 -3.51244163 -0.48677074
v 0.66457694 -3.5224142 -0.44646868
v 0.68447578 -3.34786248 -0.4064899
v 0.3450413 -3.5098319 -0.50627297
v 0.48864078 -3.63276219 -0.49919402
v 0.61768543 -3.75982451 -0.46233019
v 0.64043009 -3.66097116 -0.46850019
v 0.75209599 -3.79680585 -0.4224641
v 0.78390395 -3.7007761 -0.42177063
v 0.86924177 -3.85183811 -0.37085738
v 0.91446566 -3.75135231 -0.36134398
v 0.9674341 -3.92181611 -0.30877825
v 1.02923667 -3.81281662 -0.28944513
v 1.05273091 -3.9949572 -0.23547264
v 1.12769937 -3.88209319 -0.20721727
v 1.13096725 -4.06593418 -0.1493082
v 0.92847448 -4.1398468 -0.23729166
v 0.9916805 -4.22948503 -0.16964727
v 1.06082284 -4.2999854 -0.09411504
v 0.89240568 -4.32107734 -0.19837269
v 0.93311876 -4.42514181 -0.14702317
v 0.96698844 -4.49152231 -0.09966235
v 0.78881585 -4.5274496 -0.21716734
v 0.82284981 -4.58943319 -0.17295116
v 0.84352934 -4.63045167 -0.13589078
v 0.66673046 -4.65600681 -0.23735122
v 0.6786704 -4.70443916 -0.20305174
v 0.68177354 -4.73053264 -0.17438721
v 0.50178927 -4.75264596 -0.25874567
v 0.50618356 -4.7797842 -0.22977988
v 0.50229334 -4.79334211 -0.19922119
v 0.33423516 -4.80471897 -0.27030396
v 0.33373433 -4.81819057 -0.238296
v 0.32907062 -4.81849479 -0.20158179
v 0.32797083 -4.77758216 -0.29977738
v 0.32188773 -4.72790432 -0.32995173
v 0.49734675 -4.70123481 -0.29004263
v 0.48513165 -4.61678314 -0.32821422
v 0.31674811 -4.63779211 -0.36637094
v 0.64428973 -4.5824747 -0.27755963
v 0.6073277 -4.48382949 -0.32066318
v 0.45722121 -4.5047121 -0.36855381
v 0.7430309 -4.4408226 -0.2640078
v 0.69275069 -4.33681392 -0.30357015
v 0.56142288 -4.3684206 -0.35690805
v 0.83246439 -4.22647476 -0.24809962
v 0.77954793 -3.01120877 -0.27705961
v 0.72362816 -2.83930802 -0.2446389
v 0.89122474 -2.97451925 -0.19510266
v 0.82477271 -2.7926321 -0.16241844
v 0.76261675 -2.62007975 -0.11792933
v 0.65859067 -2.65872097 -0.20705682
v 0.69788658 -2.52515792 -0.09417825
v 0.59160184 -2.53027486 -0.1768893
v 0.58233147 -2.37617802 -0.00502095
v 0.50886344 -2.42142581 -0.12733532
v 0.53343063 -2.30935692 0.02029276
v 0.45423543 -2.33064413 -0.07117528
v 0.51016265 -2.21781468 0.02511653
v 0.43472144 -2.23618507 -0.06544332
v 0.4917413 -2.07610821 -0.00325637
v 0.42105138 -2.08502459 -0.08416302
v 0.48370933 -1.91208338 -0.03915707
v 0.40864306 -1.92570209 -0.11116822
v 0.46187168 -1.76534414 -0.0795524
v 0.39406061 -1.78826701 -0.13242819
v 0.43922364 -1.64033114 -0.11037205
v 0.36364537 -1.66315257 -0.15601904
v 0.40264922 -1.52774238 -0.14827284
v 0.3288213 -1.56210291 -0.19328708
v 0.37784081 -1.44615435 -0.19317361
v 0.31050115 -1.49933326 -0.23837173
v 0.37966978 -1.41028738 -0.22575327
v 0.3152323 -1.46469879 -0.28014177
v 0.39816737 -1.37116551 -0.31035968
v 0.33305299 -1.42227697 -0.37957823
v 0.45137989 -1.2891637 -0.46643871
v 0.38889181 -1.34231901 -0.53842449
v 0.47526583 -1.30671417 -0.25276535
v 0.51565003 -1.24178385 -0.37978816
v 0.52914226 -1.18456995 -0.45393127
v 0.57708299 -1.20070898 -0.2821953
v 0.5940411 -1.14176964 -0.35710507
v 0.60070097 -1.02929151 -0.42770278
v 0.53665554 -1.04930257 -0.52582836
v 0.54185009 -0.88011527 -0.61084586
v 0.48179328 -0.88391614 -0.71237218
v 0.5970726 -0.72938513 -0.65698498
v 0.53365069 -0.71113514 -0.72913998
v 0.66149854 -0.61562514 -0.64174354
v 0.61593377 -0.56528747 -0.72037488
v 0.70314645 -0.51491868 -0.59624165
v 0.66709023 -0.47422236 -0.66612356
v 0.61748409 -0.42728591 -0.70787936
v 0.69297099 -0.39970636 -0.57687085
v 0.63872611 -0.37194535 -0.64696437
v 0.63981831 -0.29778277 -0.55514317
v 0.7299003 -0.42453101 -0.51589328
v 0.75260734 -0.46543747 -0.44462811
v 0.78963244 -0.37257063 -0.37212485
v 0.72000241 -0.57461553 -0.51602667
v 0.7346915 -0.63136363 -0.41088324
v 0.7700113 -0.52659118 -0.33267289
v 0.77341914 -0.62646824 -0.1750355
v 0.81893241 -0.43694478 -0.12838468
v 0.81100094 -0.41300275 -0.24284833
v 0.73796278 -0.75833344 -0.25014081
v 0.73910516 -0.8393591 -0.11795669
v 0.76490807 -0.70772099 -0.07603861
v 0.71101599 -0.94467103 -0.21851897
v 0.70198643 -1.02645957 -0.13572788
v 0.72291636 -0.88778221 -0.0406848
v 0.6761837 -0.98315298 -0.31190174
v 0.66114842 -1.09766459 -0.24396425
v 0.63173294 -1.15290045 -0.18274277
v 0.66769307 -1.07521534 -0.07901758
v 0.63412702 -1.11805748 -0.03184029
v 0.65638059 -1.00887179 0.04437758
v 0.6796776 -0.9459548 0.01673628
v 0.59670639 -1.19657897 -0.11193801
v 0.57437431 -1.24513065 -0.05552586
v 0.61737632 -1.18261528 0.01666144
v 0.54299497 -1.25310325 -0.18608366
v 0.51680046 -1.29913544 -0.11959294
v 0.51969379 -1.35296607 -0.0763935
v 0.5778132 -1.31310188 0.00250446
v 0.44843182 -1.35202384 -0.17509272
v 0.44990462 -1.39328563 -0.14130123
v 0.48097789 -1.49074149 -0.0898278
v 0.54368448 -1.4562211 -0.01914464
v 0.56968808 -1.58198738 0.04013073
v 0.60593462 -1.54602074 0.11561088
v 0.59317457 -1.42522168 0.06704913
v 0.50236719 -1.60604012 -0.05237289
v 0.5279175 -1.74994039 -0.00167589
v 0.5845623 -1.71186018 0.08771817
v 0.60032576 -1.8484869 0.14218843
v 0.63386595 -1.81270039 0.23190124
v 0.6169753 -1.67513835 0.17053365
v 0.54247438 -1.88162875 0.03784086
v 0.56038707 -2.05953073 0.09414506
v 0.62296283 -2.00728797 0.19079032
v 0.65008318 -2.14445519 0.21535356
v 0.70383757 -2.09239554 0.30730846
v 0.66414338 -1.95884728 0.27793371
v 0.58220934 -2.18825006 0.12005467
v 0.6145792 -2.28261852 0.11923256
v 0.69287955 -2.25339722 0.21804139
v 0.76035028 -2.34294414 0.21275018
v 0.84103936 -2.32175874 0.3109751
v 0.76430851 -2.21857667 0.31392097
v 0.67026919 -2.35350823 0.11000246
v 0.8050031 -2.52481484 0.00092941
v 0.88559091 -2.48627519 0.13275907
v 0.9583621 -2.56895065 0.09411463
v 1.05284547 -2.54482221 0.20477217
v 0.93870186 -2.42136669 0.2702915
v 0.86089754 -2.5911827 -0.0162904
v 0.91688329 -2.72679996 -0.05446159
v 1.01787591 -2.65968704 0.07829158
v 1.10334336 -2.8519082 0.04416473
v 1.12483108 -2.62592077 0.19929958
v 0.99354642 -2.92755603 -0.09437032
v 1.22048258 -2.59093618 0.30496746
v 1.13998866 -2.51551842 0.30950751
v 1.30089795 -2.54911327 0.40077096
v 1.19190025 -2.43682837 0.44117468
v 1.0822401 -2.32508158 0.4803127
v 1.01111161 -2.37078046 0.38889694
v 0.99296402 -2.22611331 0.49462887
v 0.91675388 -2.28704762 0.40137457
v 0.89991468 -2.08272123 0.50838559
v 0.82844466 -2.16994953 0.40313661
v 0.79813098 -1.9421637 0.49724659
v 0.74852407 -2.02712845 0.39809826
v 0.7267189 -1.82782375 0.4750925
v 0.69858777 -1.89557075 0.38173049
v 0.67651653 -1.71370613 0.43740963
v 0.65962612 -1.76340746 0.33686149
v 0.64771914 -1.59506392 0.3813382
v 0.63946569 -1.63600981 0.27391597
v 0.63202351 -1.45800209 0.30476236
v 0.62712824 -1.50228714 0.20559988
v 0.63002824 -1.33405304 0.24294765
v 0.62061691 -1.3819288 0.15077847
v 0.63678169 -1.21403741 0.1810009
v 0.61756295 -1.2673093 0.08611451
v 0.64496517 -1.10571348 0.10540764
v 0.63374805 -1.16243469 0.26692661
v 0.64911091 -1.03246963 0.19478309
v 0.66597753 -0.91929954 0.11337
v 0.59861767 -1.13680136 0.3944776
v 0.58943629 -1.27386188 0.46161651
v 0.54158568 -1.25376355 0.57299733
v 0.54543346 -1.12404203 0.5316596
v 0.62047797 -1.29675006 0.33965209
v 0.62241977 -1.42565083 0.41895347
v 0.59730786 -1.40104305 0.52315157
v 0.62348824 -1.51283931 0.57812577
v 0.57987415 -1.48754477 0.6694619
v 0.55052858 -1.37779736 0.62109136
v 0.64353525 -1.54908561 0.48941147
v 0.68574094 -1.65718102 0.53519374
v 0.67629838 -1.61337912 0.62341767
v 0.75927782 -1.71395826 0.66335147
v 0.73099923 -1.67775511 0.75997597
v 0.63883793 -1.5844779 0.71547246
v 0.75543981 -1.76392757 0.57300233
v 0.85074573 -1.869071 0.60196864
v 0.86657291 -1.81384336 0.69342196
v 0.98459488 -1.91863524 0.71183878
v 0.97743147 -1.86417508 0.82453644
v 0.84874594 -1.76824522 0.79857158
v 0.96056181 -1.9822185 0.61953711
v 1.05826473 -2.1002841 0.62009346
v 1.09428095 -2.02474498 0.72158485
v 1.19823479 -2.12883067 0.72725337
v 1.22009885 -2.07101345 0.84457439
v 1.10165488 -1.96723997 0.83793717
v 1.14935171 -2.22403526 0.60355907
v 1.24532961 -2.34636449 0.57018685
v 1.30119061 -2.22745752 0.72742319
v 1.40824389 -2.31920719 0.72109168
v 1.44861888 -2.24979686 0.84838259
v 1.33409941 -2.16590261 0.84783679
v 1.35753655 -2.48197555 0.51232498
v 1.54169917 -2.45573759 0.67137724
v 1.69120645 -2.42372846 0.82429415
v 1.57129728 -2.3324418 0.84213221
v 1.70525467 -2.36784029 0.95750707
v 1.58615207 -2.28950715 0.96745145
v 1.46085882 -2.21454286 0.97289073
v 1.57541847 -2.28893518 1.09815168
v 1.44165468 -2.21619916 1.10115003
v 1.30503201 -2.13367652 1.10452866
v 1.33618855 -2.13248467 0.97454881
v 1.16292405 -2.03678894 1.10409045
v 1.20772898 -2.03663015 0.97370779
v 1.01827919 -1.93762302 1.09074485
v 1.0736618 -1.93319559 0.96629297
v 0.86968934 -1.84742975 1.05985093
v 0.93654143 -1.83589696 0.944808
v 0.71296238 -1.76468372 1.01346492
v 0.79734015 -1.74851417 0.90779411
v 0.6684767 -1.66533815 0.85941189
v 0.56897622 -1.57478964 0.80720293
v 0.41251826 -1.48588061 0.84246468
v 0.51013326 -1.47752392 0.75907361
v 0.38756787 -1.37417328 0.79285401
v 0.48057168 -1.36831808 0.7133525
v 0.37999296 -1.25668895 0.75051671
v 0.47125619 -1.24932026 0.67191982
v 0.38278698 -1.13579726 0.72275131
v 0.47471147 -1.12536978 0.63932508
v 0.38729247 -1.007815 0.7117269
v 0.48334953 -0.99007618 0.61624598
v 0.3898645 -0.88520669 0.7147026
v 0.49058935 -0.86118769 0.60923796
v 0.39352572 -0.7707051 0.73735857
v 0.49554958 -0.74869704 0.6391204
v 0.58662152 -0.7135542 0.52504158
v 0.51998239 -0.61279755 0.69246125
v 0.61242568 -0.58506363 0.57930994
v 0.67010414 -0.55795514 0.48122721
v 0.6557157 -0.66704148 0.41727995
v 0.71306872 -0.53049588 0.40298605
v 0.69761681 -0.63412398 0.33728042
v 0.69039249 -0.71227097 0.25985521
v 0.7308247 -0.59981322 0.26891353
v 0.71785044 -0.68483471 0.19230753
v 0.74433887 -0.59053993 0.24091625
v 0.73194915 -0.66985553 0.17872095
v 0.7330172 -0.74036538 0.11982919
v 0.74846673 -0.67494237 0.18382021
v 0.75295591 -0.76216876 0.12931786
v 0.76026278 -0.5851289 0.23545874
v 0.78540176 -0.59813213 0.24595014
v 0.77949404 -0.50035601 0.28484183
v 0.8077088 -0.49963712 0.29349279
v 0.84776407 -0.53538072 0.31008213
v 0.82141959 -0.64409244 0.25840872
v 0.8794831 -0.56652486 0.31914943
v 0.84851163 -0.6537038 0.26292541
v 0.91440743 -0.56769657 0.32079142
v 0.91384816 -0.46115917 0.35331389
v 0.95348686 -0.47025513 0.35694807
v 0.98675674 -0.46318411 0.33699142
v 0.93453609 -0.55988925 0.30394056
v 0.99603539 -0.44231867 0.3082742
v 0.93375706 -0.53736805 0.28115481
v 0.86424869 -0.6210376 0.22454011
v 0.82708543 -0.71006059 0.15958255
v 0.89467418 -0.52051258 0.25273817
v 0.96035164 -0.42679315 0.28332328
v 0.94165784 -0.41642683 0.26835075
v 0.88768994 -0.49466392 0.2401603
v 0.9150148 -0.39759233 0.23527768
v 0.86644512 -0.47102168 0.21835179
v 0.8138948 -0.48496979 0.18432016
v 0.79492473 -0.45348292 0.19940391
v 0.75701981 -0.49352866 0.14463669
v 0.74474668 -0.49132496 0.10758355
v 0.98046767 -0.31953832 0.26260638
v 1.01149606 -0.32510599 0.27828845
v 1.02746999 -0.23323285 0.25281754
v 0.9861226 -0.23366838 0.24534784
v 1.02289927 -0.16419556 0.21452456
v 0.97835707 -0.183447 0.21148209
v 0.94008243 -0.20577228 0.20051191
v 0.87804496 -0.20561206 0.1470754
v 0.88642835 -0.23954619 0.19638072
v 0.84565234 -0.25233918 0.13312809
v 0.84666597 -0.27263945 0.19106051
v 0.8136689 -0.32169184 0.15713392
v 0.81677138 -0.33488589 0.19173657
v 0.77999317 -0.34967321 0.14337994
v 0.77523875 -0.35637712 0.17804864
v 0.90198135 -0.2028516 0.11358691
v 0.88084834 -0.25527408 0.10026124
v 1.04433357 -0.22944998 0.27422657
v 1.03417885 -0.14653122 0.23152515
v 1.00578308 -0.09934932 0.18810637
v 1.01577329 -0.14065294 0.25387191
v 0.96885812 -0.08689848 0.14851702
v 1.03110516 -0.22810158 0.30062526
v 0.98816287 -0.2352837 0.31383884
v 0.97401297 -0.14730736 0.26609048
v 0.9463194 -0.23105657 0.30376899
v 0.92896753 -0.15701198 0.26218822
v 0.88357085 -0.23554824 0.28498649
v 0.88221192 -0.17397213 0.25297352
v 0.87929004 -0.13668212 0.21748685
v 0.851269 -0.18479776 0.25261589
v 0.8563674 -0.14352728 0.21823366
v 0.86186498 -0.11829747 0.17787411
v 0.87998879 -0.11286766 0.17579701
v 0.84953534 -0.12489112 0.24536801
v 0.85795223 -0.09374138 0.19806751
v 0.84345769 -0.08053108 0.30239692
v 0.85405194 -0.0330963 0.2569639
v 0.85950517 -0.01118919 0.20007391
v 0.84701806 0.053529 0.34401524
v 0.85462409 0.1086748 0.28918802
v 0.86001575 0.14788073 0.22369483
v 0.86071056 -0.00103648 0.14259028
v 0.86324244 0.17790392 0.14741447
v 0.85924983 0.01699063 0.07617829
v 0.86205214 0.1988566 0.05831403
v 0.85375154 0.03583557 -0.00809704
v 0.83355462 -0.14557755 -0.0869534
v 0.8424642 0.05569669 -0.09985201
v 0.81828677 -0.12568901 -0.17260305
v 0.81466448 -0.18811509 -0.20815798
v 0.83209347 -0.21683584 -0.12363182
v 0.81762826 -0.29329395 -0.28008288
v 0.83547627 -0.31640225 -0.17721582
v 0.83941799 -0.33722364 -0.08825206
v 0.81728231 -0.48872804 -0.03959169
v 0.78773075 -0.1556005 -0.31607189
v 0.79456234 -0.09348301 -0.27720698
v 0.75804591 -0.04663782 -0.39798232
v 0.75346118 -0.1275883 -0.44058674
v 0.71030622 -0.00225525 -0.4957467
v 0.71791648 -0.08973627 -0.53508746
v 0.71271926 -0.14303065 -0.57281959
v 0.67448765 -0.0460742 -0.6361953
v 0.67488777 -0.09673346 -0.65983837
v 0.65176457 -0.15059942 -0.67227423
v 0.67514032 -0.20208394 -0.60602802
v 0.6205343 -0.20851966 -0.68064761
v 0.61272049 -0.11664322 -0.7564491
v 0.59066861 -0.17857831 -0.75122845
v 0.56166189 -0.20346498 -0.73702794
v 0.5511102 -0.22118833 -0.73721325
v 0.47622346 -0.18981601 -0.77285146
v 0.52815878 -0.22224164 -0.72633683
v 0.55617523 -0.23684236 -0.67303144
v 0.55515593 -0.24417953 -0.62661469
v 0.49241769 -0.17235846 -0.70936453
v 0.52374011 -0.21706959 -0.64637541
v 0.52554708 -0.23163349 -0.59146922
v 0.53353774 -0.24170017 -0.58081519
v 0.55255019 -0.25323873 -0.59414732
v 0.49201458 -0.17804446 -0.60480511
v 0.50781256 -0.21584956 -0.56936723
v 0.5127092 -0.23233504 -0.56953829
v 0.50756967 -0.25948113 -0.57233029
v 0.52249264 -0.2544406 -0.58858305
v 0.48485755 -0.18733385 -0.54670107
v 0.48415136 -0.23620361 -0.53020799
v 0.48802757 -0.2754417 -0.53558963
v 0.48277053 -0.30793261 -0.55372369
v 0.48855471 -0.28164374 -0.59623086
v 0.44502139 -0.23587089 -0.48029595
v 0.45700502 -0.2868683 -0.49050897
v 0.46506267 -0.32832539 -0.52229845
v 0.41109708 -0.28599542 -0.46942555
v 0.41941654 -0.33499106 -0.50706517
v 0.35536652 -0.27910369 -0.47358104
v 0.36171829 -0.33115634 -0.51740551
v 0.30681726 -0.267046 -0.5052104
v 0.31566512 -0.31362405 -0.54772859
v 0.26403871 -0.24537943 -0.55364668
v 0.27452504 -0.28316518 -0.58636033
v 0.28791528 -0.30746233 -0.63134849
v 0.31763908 -0.32036101 -0.65156632
v 0.35674488 -0.29957363 -0.71040558
v 0.3707011 -0.32320758 -0.66889143
v 0.40673092 -0.30321475 -0.70381283
v 0.41808366 -0.31868052 -0.66535365
v 0.4513008 -0.29217493 -0.67804473
v 0.45282 -0.30500626 -0.64061546
v 0.49534112 -0.26939448 -0.62949001
v 0.46213811 -0.28536397 -0.71458715
v 0.51884424 -0.25999686 -0.66215372
v 0.54594802 -0.25369465 -0.606745
v 0.48848176 -0.28485655 -0.74913936
v 0.39608284 -0.29460343 -0.77870047
v 0.40256035 -0.31271961 -0.80136275
v 0.50275021 -0.30524557 -0.77276432
v 0.3993487 -0.29400557 -0.74251657
v 0.33258032 -0.28227865 -0.74671369
v 0.31963145 -0.27947118 -0.77405965
v 0.32586002 -0.29692208 -0.79341399
v 0.23533329 -0.21310913 -0.59540855
v 0.22909076 -0.14038002 -0.60507953
v 0.22209893 -0.19350066 -0.64143806
v 0.26055741 -0.10292977 -0.57025796
v 0.31220257 -0.08250669 -0.54396355
v 0.33409136 -0.07603792 -0.60452884
v 0.40632715 -0.09630753 -0.64872545
v 0.35967201 -0.08515855 -0.66780072
v 0.44400468 -0.12556321 -0.70872116
v 0.38321575 -0.10572892 -0.7209444
v 0.46289637 -0.15168198 -0.742136
v 0.40026551 -0.13808205 -0.76147776
v 0.33802485 -0.14739492 -0.75319957
v 0.40574407 -0.16697974 -0.79342842
v 0.33220279 -0.17393842 -0.77973938
v 0.29141658 -0.20606786 -0.74778777
v 0.29545569 -0.18888163 -0.7219913
v 0.28010964 -0.20862215 -0.76385545
v 0.26942968 -0.1912947 -0.77888029
v 0.47552678 -0.14289738 -0.67241007
v 0.45042887 -0.12030427 -0.61164271
v 0.46764034 -0.14662498 -0.56202483
v 0.44619727 -0.16793116 -0.5019778
v 0.40354493 -0.16172313 -0.46837258
v 0.40205425 -0.23098346 -0.4558705
v 0.35979068 -0.16521966 -0.46149304
v 0.34618249 -0.22619545 -0.45142492
v 0.55483377 -0.10521715 -0.80880701
v 0.63396036 -0.06807495 -0.7422539
v 0.58049082 -0.05908095 -0.8046087
v 0.5118668 -0.05737978 -0.85198664
v 0.49024134 -0.09245634 -0.84922003
v 0.40959402 -0.04424811 -0.89919263
v 0.39180052 -0.0813639 -0.8959071
v 0.28881561 -0.02711609 -0.96010434
v 0.29227364 -0.0763036 -0.95054864
v 0.3048976 -0.1060095 -0.92701894
v 0.17687353 -0.08811762 -0.99090862
v 0.19307729 -0.12832149 -0.94315284
v 0.13967828 -0.18332393 -0.88255024
v 0.11643317 -0.2153896 -0.88033443
v 0.13685657 -0.23394195 -0.83506095
v 0.15150445 -0.21729075 -0.83632057
v 0.14225351 -0.29701131 -0.84204208
v 0.11340742 -0.26611706 -0.89039528
v 0.16772219 -0.37348794 -0.85371458
v 0.08990977 -0.25480103 -0.94555032
v 0.06079132 -0.24223403 -0.97625339
v 0.06490952 -0.33910831 -1.02022314
v 0.06498487 -0.44064116 -1.04942274
v 0.07369249 -0.5389316 -1.09801363
v 0.20432752 -0.50952291 -0.89073842
v 0.23253952 -0.47874546 -0.85276621
v 0.19472184 -0.37047213 -0.82602387
v 0.27367276 -0.44886171 -0.81357467
v 0.24496027 -0.3759455 -0.80156439
v 0.24425289 -0.57618802 -0.87120294
v 0.24176867 -0.70147121 -0.86704105
v 0.20789031 -0.59374654 -0.89095717
v 0.20057728 -0.66559732 -0.88094985
v 0.20319183 -0.65475946 -0.92190897
v 0.18781687 -0.02911853 -1.00226473
v 0.30118042 0.04361705 -0.94697839
v 0.19134888 0.05054622 -0.99168384
v 0.11242052 0.03709331 -0.99754494
v 0.19143176 0.12835764 -0.97072672
v 0.12785276 0.12450534 -0.97922021
v 0.1198076 0.23589669 -0.95671236
v 0.10879916 0.38580879 -0.93025833
v 0.20779532 0.37968778 -0.90976786
v 0.20871228 0.51478481 -0.86744689
v 0.20201548 0.23386791 -0.94145894
v 0.30136674 0.24227924 -0.90266948
v 0.30445817 0.37946051 -0.87378245
v 0.31122419 0.13410705 -0.9225859
v 0.41431352 0.121634 -0.87263459
v 0.41404423 0.23914004 -0.84510564
v 0.41766497 0.02857339 -0.89085936
v 0.52607661 0.01033326 -0.83113062
v 0.52153903 0.12330931 -0.80428534
v 0.56606108 0.11027882 -0.76595902
v 0.56208741 0.21770814 -0.74082899
v 0.51320493 0.22961083 -0.78541255
v 0.5817725 0.00339116 -0.78775018
v 0.62476491 -0.01450301 -0.73654007
v 0.61178815 0.08823938 -0.69896435
v 0.65432286 0.04597954 -0.59231799
v 0.65776091 0.17039665 -0.56453108
v 0.60889959 0.20531901 -0.67212003
v 0.68054908 0.2882983 -0.51548624
v 0.62586617 0.31063753 -0.62393313
v 0.57287937 0.31562507 -0.70110911
v 0.6337533 0.40042701 -0.57562893
v 0.57632321 0.41250568 -0.64836525
v 0.47619208 0.44227176 -0.72585177
v 0.50082993 0.32874545 -0.76309061
v 0.3838863 0.47842246 -0.78831148
v 0.40152782 0.36585915 -0.82165986
v 0.30003547 0.50142359 -0.83399272
v 0.30016931 0.60030007 -0.77159583
v 0.21075503 0.62483465 -0.79857313
v 0.3158476 0.67966079 -0.6811847
v 0.22275179 0.71588087 -0.69623774
v 0.25352978 0.78832066 -0.57047367
v 0.13344615 0.82082063 -0.57513451
v 0.35682731 0.7397024 -0.5675295
v 0.41989252 0.77815246 -0.44202199
v 0.29875272 0.84041595 -0.43433034
v 0.51422745 0.70146131 -0.45332437
v 0.5731014 0.71630996 -0.33909362
v 0.47525101 0.80591219 -0.31001228
v 0.58161807 0.60251033 -0.48129355
v 0.63953626 0.60240924 -0.38019537
v 0.69320392 0.60309308 -0.2551487
v 0.61904919 0.72798156 -0.20833826
v 0.61854732 0.49760031 -0.52734595
v 0.67839956 0.48460805 -0.42825663
v 0.73380678 0.47587657 -0.3064205
v 0.77609455 0.4797725 -0.18091288
v 0.73280149 0.61211192 -0.12702898
v 0.6905753 0.38239541 -0.47406858
v 0.74624276 0.36508601 -0.35305756
v 0.7922948 0.35742878 -0.22882814
v 0.82685124 0.35566771 -0.10530821
v 0.80649399 0.48741436 -0.05383371
v 0.74018126 0.25963267 -0.39626509
v 0.79108929 0.2405242 -0.27313292
v 0.82948148 0.22617466 -0.1519315
v 0.85228252 0.21295915 -0.04166011
v 0.8478294 0.35425993 0.01286863
v 0.77836906 0.10702258 -0.33027675
v 0.8195036 0.08080679 -0.20399481
v 0.72638118 0.13454411 -0.44412335
v 0.85571718 0.34652108 0.12304253
v 0.82795101 0.48411053 0.19064934
v 0.8237313 0.49105137 0.07073259
v 0.76883852 0.6085506 0.2587853
v 0.77049547 0.62075251 0.13019704
v 0.75873941 0.62020653 0.00152995
v 0.67881757 0.7349199 0.18507079
v 0.67340719 0.74162262 0.05283091
v 0.6533389 0.73785901 -0.07718622
v 0.54812759 0.84548687 0.09382798
v 0.53612047 0.8425588 -0.04013211
v 0.5114941 0.82782042 -0.17508342
v 0.38087618 0.92816054 -0.01648751
v 0.36577493 0.90762221 -0.15521574
v 0.33871465 0.87772882 -0.29489085
v 0.19221368 0.96876955 -0.14372785
v 0.18094396 0.93116658 -0.28470224
v 0.16156646 0.88286769 -0.43089595
v 0.19799336 0.9922961 -0.00448527
v 0.19905483 0.99685913 0.13432654
v 0.19641061 0.9782598 0.27376493
v 0.19027093 0.9318391 0.41642016
v 0.1800307 0.85416388 0.56433391
v 0.16532917 0.74104684 0.71296137
v 0.15119329 0.59243053 0.84726655
v 0.14586347 0.40607243 0.95049107
v 0.14748847 0.19256879 1.01626932
v 0.14885583 -0.02234427 1.04343617
v 0.14835661 -0.21044591 1.03683114
v 0.14824947 -0.37765622 1.00441825
v 0.14761535 -0.52283638 0.95740318
v 0.14917659 -0.66192549 0.89486336
v 0.14484757 -0.80603879 0.83084631
v 0.13848635 -0.90457737 0.80441117
v 0.14035189 -1.03327822 0.79902625
v 0.13357584 -1.17658841 0.81607931
v 0.1288525 -1.29469728 0.84943389
v 0.12827427 -1.4176321 0.90296232
v 0.13883595 -1.52685153 0.95635068
v 0.27176022 -1.39516925 0.85678744
v 0.29449415 -1.50714707 0.90848541
v 0.26326787 -1.27489709 0.81029695
v 0.2669458 -1.15360558 0.78079748
v 0.27572378 -1.02143251 0.76863461
v 0.27599012 -0.89851468 0.77529203
v 0.27736663 -0.78854572 0.80020809
v 0.28152176 -0.65339618 0.85324126
v 0.40557721 -0.63546979 0.78670907
v 0.28755155 -0.50721633 0.91455793
v 0.42125207 -0.48877352 0.84407413
v 0.53790366 -0.47805714 0.74701702
v 0.42732584 -0.35058271 0.88673561
v 0.54641902 -0.34493833 0.78969621
v 0.64501714 -0.34095209 0.66826909
v 0.62923204 -0.4676252 0.62713611
v 0.70733732 -0.33238747 0.55392277
v 0.68450856 -0.44812768 0.52488052
v 0.74321979 -0.32695084 0.46591964
v 0.72708845 -0.42421573 0.44648042
v 0.7721138 -0.33338224 0.39524
v 0.76194584 -0.41851678 0.37734267
v 0.74874913 -0.50694763 0.32993578
v 0.78074461 -0.41851571 0.33792388
v 0.76104521 -0.50538623 0.29938846
v 0.80297577 -0.41550415 0.31765404
v 0.79303443 -0.33785268 0.34991836
v 0.81613284 -0.33184558 0.32191419
v 0.84223663 -0.32878041 0.30963587
v 0.83159887 -0.41482126 0.31843572
v 0.88210588 -0.36021685 0.32705169
v 0.87309944 -0.43690526 0.33698236
v 0.93721509 -0.36853307 0.34664931
v 0.9829179 -0.35352799 0.35091847
v 1.02247118 -0.34549066 0.33461344
v 1.03475046 -0.33766838 0.30336359
v 0.84613889 -0.24550442 0.28457826
v 0.82560926 -0.25021255 0.30381333
v 0.83843237 -0.18153172 0.27570277
v 0.80546855 -0.25844678 0.34216755
v 0.827793 -0.15196844 0.32660797
v 0.790816 -0.23212966 0.39913365
v 0.81717842 -0.11768044 0.39698293
v 0.83541739 -0.02307625 0.380932
v 0.79950195 -0.08595559 0.48524901
v 0.8171671 0.03555294 0.47440928
v 0.82858347 0.14184071 0.44136309
v 0.77345329 0.09200421 0.58376097
v 0.78464341 0.22435884 0.54981732
v 0.79713273 0.33187219 0.48900547
v 0.83827894 0.22614157 0.38584458
v 0.81042802 0.41005298 0.40489807
v 0.84711051 0.28673625 0.31201463
v 0.82203036 0.45934966 0.30348193
v 0.85399514 0.32575029 0.2235281
v 0.73854404 0.51648771 0.49971613
v 0.7567656 0.57633411 0.38392552
v 0.62778389 0.60198628 0.58663892
v 0.65310943 0.67175567 0.4563705
v 0.67124587 0.71360379 0.32066464
v 0.51568704 0.74631649 0.51210224
v 0.5366795 0.80039066 0.36947295
v 0.54773998 0.83239185 0.22965508
v 0.37297433 0.87551248 0.40172636
v 0.38384503 0.91703933 0.26013547
v 0.38664883 0.93329626 0.12153247
v 0.35398459 0.80714076 0.54758536
v 0.32723814 0.7084065 0.69302094
v 0.4859997 0.66428864 0.65273696
v 0.45509383 0.54621934 0.77867519
v 0.30041852 0.57392865 0.82325226
v 0.60126173 0.49688446 0.70079678
v 0.58209335 0.35567402 0.78273558
v 0.43677032 0.3878321 0.86800497
v 0.71898269 0.42367762 0.59769189
v 0.70276874 0.2981202 0.66856151
v 0.69127094 0.14490458 0.70804619
v 0.57284545 0.18272143 0.8258571
v 0.56531214 -0.01055229 0.83461833
v 0.43213468 -0.01391037 0.92707765
v 0.43303903 0.19238156 0.91485166
v 0.67930543 -0.02674929 0.71633982
v 0.66292226 -0.19611753 0.6988573
v 0.55507123 -0.19072681 0.81931906
v 0.75883144 -0.05693318 0.5909152
v 0.73623716 -0.20516046 0.57740318
v 0.77203786 -0.21051056 0.48139011
v 0.43011507 -0.19167774 0.91654682
v 0.2910695 -0.36420461 0.95974886
v 0.29183006 -0.20070828 0.9911133
v 0.29086947 -0.01853451 0.99860674
v 0.28701132 0.18979093 0.97718739
v 0.28719556 0.39790803 0.91975098
v 0.78617733 -1.90395546 1.16476595
v 0.61453801 -1.83053493 1.11427199
v 0.71325963 -1.99695742 1.24100601
v 0.54203766 -1.94389581 1.19753873
v 0.66400843 -2.1115868 1.28151321
v 0.497819 -2.07469892 1.24562788
v 0.33470144 -2.05688571 1.21627759
v 0.4712595 -2.22402381 1.26399004
v 0.31371375 -2.2125082 1.2438395
v 0.46026408 -2.38929176 1.25488567
v 0.30724179 -2.37628531 1.24500441
v 0.45925095 -2.53195214 1.22264742
v 0.3061243 -2.51797008 1.21813559
v 0.4549877 -2.65771007 1.16770815
v 0.30624294 -2.64104366 1.16486406
v 0.44727313 -2.76461362 1.09799087
v 0.30413228 -2.74572849 1.09308457
v 0.43465545 -2.85578703 1.01889169
v 0.29335293 -2.84968257 0.99461352
v 0.41116237 -3.0148518 0.86786907
v 0.27422004 -2.98285579 0.8586111
v 0.41344472 -3.09628653 0.79985612
v 0.27169477 -3.06785893 0.78263956
v 0.41184559 -3.20259094 0.72180891
v 0.25541746 -3.17957305 0.69558316
v 0.40617606 -3.34691047 0.62464302
v 0.24746555 -3.30742025 0.60921442
v 0.39922323 -3.46994829 0.54963553
v 0.25091475 -3.43548488 0.53414487
v 0.25480565 -3.56062555 0.46971398
v 0.55859947 -3.38149642 0.64497143
v 0.57065427 -3.24451971 0.73869103
v 0.71287792 -3.28685474 0.74875199
v 0.56675839 -3.14050221 0.8130874
v 0.71826815 -3.18204522 0.82602435
v 0.85601276 -3.21714615 0.83494842
v 0.7349475 -3.07691812 0.91362983
v 0.8696134 -3.1007111 0.92879307
v 1.01219582 -3.13558244 0.93067544
v 0.8833068 -2.96562743 1.03870129
v 1.02339386 -3.00239729 1.0368843
v 1.20400106 -3.07076454 1.0127573
v 1.02838015 -2.86712646 1.14038741
v 1.19929897 -2.91551876 1.13237834
v 1.4010303 -3.00103855 1.09811866
v 1.21410131 -2.7790296 1.23753428
v 1.40086853 -2.85498237 1.21985805
v 1.54014062 -2.92962026 1.18419802
v 1.39813721 -2.73519539 1.30979633
v 1.54715919 -2.81666398 1.28300249
v 1.41475582 -2.63608026 1.36745333
v 1.56513357 -2.70950293 1.35751736
v 1.4401443 -2.55347824 1.3914628
v 1.59937226 -2.62880635 1.38826441
v 1.47032165 -2.48372674 1.3825978
v 1.63359713 -2.55878496 1.38199889
v 1.50294017 -2.41138935 1.33544755
v 1.66229188 -2.48912906 1.33607089
v 1.54073834 -2.33669257 1.23563671
v 1.68545842 -2.41609096 1.23677265
v 1.70148885 -2.36543464 1.09411692
v 1.82955658 -2.45797061 1.08386111
v 1.81840312 -2.45593118 0.95136499
v 1.79882407 -2.51535654 0.81903702
v 1.3423562 -2.33212518 1.3228482
v 1.39258921 -2.25993442 1.23017251
v 1.18848097 -2.2442379 1.31326389
v 1.24793767 -2.17384362 1.22641265
v 1.03459811 -2.15114259 1.30050051
v 1.0991218 -2.07762336 1.21929538
v 0.87756806 -2.06604766 1.27676236
v 0.94669127 -1.98493385 1.19987285
v 0.98736292 -2.24460005 1.34203147
v 0.82876348 -2.16935348 1.31600987
v 0.95680868 -2.35330557 1.35056507
v 0.79807424 -2.29511547 1.32423424
v 0.63273155 -2.25019407 1.29228293
v 0.77598446 -2.44272375 1.30250453
v 0.61523723 -2.41208028 1.27485108
v 0.76127851 -2.58319115 1.25749468
v 0.60918903 -2.55482983 1.23698878
v 0.75448793 -2.69938612 1.19955992
v 0.60178804 -2.67768955 1.1802957
v 0.74410605 -2.81543088 1.12272667
v 0.59268534 -2.78724551 1.10989403
v 0.74566102 -2.92514991 1.03958237
v 0.58657079 -2.87675714 1.03905427
v 0.57174098 -3.05878615 0.88017416
v 0.89081752 -2.8430705 1.13303089
v 0.9013189 -2.7260046 1.21332204
v 1.05179166 -2.75214195 1.22449469
v 0.91082477 -2.606606 1.278342
v 1.06960058 -2.6339693 1.29573619
v 1.23682045 -2.67504334 1.30872321
v 1.09130394 -2.51860451 1.34720397
v 1.25310659 -2.5710721 1.36032462
v 1.11500167 -2.41877174 1.36801707
v 1.27550649 -2.48507928 1.38057661
v 1.14464271 -2.32865309 1.35816657
v 1.30449461 -2.40975856 1.37015962
v 0.93256944 -2.47691869 1.32820558
v 1.93198359 -2.80755186 0.78310525
v 1.90560162 -3.03928089 0.71261817
v 1.83878755 -3.21042633 0.64181536
v 1.72199547 -3.35354375 0.5642516
v 1.60702157 -3.47242879 0.49111336
v 1.51937413 -3.58724355 0.43755799
v 1.44212842 -3.71053552 0.40490007
v 1.35618066 -3.84302949 0.3869853
v 1.25200974 -3.97178983 0.37460118
v 1.12769603 -4.09034681 0.35616722
v 0.98435527 -4.19225025 0.32628774
v 0.82392054 -4.27036285 0.28884121
v 0.07632132 -0.98183322 -0.93510872
v 0.08766868 -0.96790278 -0.95732557
v 0.14868617 -0.98546838 -0.91652983
v 0.15482905 -0.96969533 -0.91545218
v -0.19827887 -0.98627603 -0.87418752
v -0.21973703 -0.9964931 -0.86331486
v -0.23380047 -0.98186475 -0.8613196
v -0.21468116 -0.97642117 -0.88825839
v -0.21564349 -0.98710489 -0.8636282
v -0.37685194 -0.36616441 -0.57560759
v -0.35085362 -0.35172042 -0.57013773
v -0.3396424 -0.34586626 -0.60430938
v -0.36681431 -0.36006164 -0.59982144
v -0.35782191 -0.35751104 -0.58725386
v -0.3663544 -0.35046196 -0.62289369
v -0.39789617 -0.36024326 -0.60766261
v -0.39298039 -0.37012717 -0.5855546
v -0.38064831 -0.36163637 -0.60450631
v -0.41688001 -0.37573885 -0.5667535
v -0.39642006 -0.36659577 -0.55432063
v -0.39958596 -0.37295374 -0.57085418
v -0.94883739 -0.0885702 0.20743864
v -0.93842864 -0.10867551 0.22751614
v -0.91526424 -0.10471069 0.20502153
v -0.93090897 -0.08737737 0.18979084
v -0.93318027 -0.0959163 0.20824077
v -0.94918167 -0.07910955 0.18437078
v -0.97412872 -0.07991926 0.18881706
v -0.97421819 -0.09413547 0.21908643
v -0.96224284 -0.08282029 0.20018844
v -0.9161055 -0.08946266 0.16297739
v -0.93947768 -0.08052219 0.15549311
v -0.93363279 -0.08215794 0.17238679
v -0.63968449 -0.83902084 0.3027029
v -0.66254943 -0.83295154 0.21847844
v -0.64802491 -0.90809822 0.23763805
v -0.62249583 -0.89562296 0.33094531
v -0.64395701 -0.86913347 0.27125707
v -0.62133532 -0.78710132 0.39277878
v -0.65460968 -0.78437894 0.29922485
v -0.60891616 -0.85368806 0.38328492
v -0.6309055 -0.81587916 0.34459507
v -0.58787351 -0.9748823 0.41939121
v -0.56556004 -0.90591967 0.47694504
v -0.59615629 -0.90439909 0.40304204
v -0.74671888 -0.3960638 0.20053878
v -0.73002147 -0.39702394 0.1925047
v -0.7277807 -0.42048221 0.19289529
v -0.74881047 -0.41630449 0.2031461
v -0.73543524 -0.40717485 0.1978072
v -0.77000761 -0.41043701 0.21027688
v -0.7803716 -0.39162951 0.20807053
v -0.75770241 -0.37345892 0.19620479
v -0.76373612 -0.3901751 0.20384603
v -0.75193053 -0.43400451 0.19875127
v -0.78203147 -0.41918057 0.21323138
v -0.7665078 -0.4187904 0.20866939
v -0.07020956 -0.14598527 -0.95781838
v -0.07842418 -0.18474645 -0.94038617
v -0.10858275 -0.16774624 -0.92360556
v -0.1129917 -0.12968039 -0.94764316
v -0.09260462 -0.1563671 -0.94262409
v -0.0532643 -0.10334767 -0.97541862
v -0.0001157 -0.13727152 -0.96686327
v -0.03243991 -0.16584584 -0.95991647
v -0.03843119 -0.13949598 -0.9657346
v -0.10775679 -0.06505134 -0.98945581
v -0.06873628 -0.02957752 -0.98911243
v -0.00002373 -0.06137018 -0.98508739
v -0.06781918 -0.06129377 -0.98397851
v -0.85298955 -0.70649474 0.20735915
v -0.83620011 -0.74480533 0.17673155
v -0.83009439 -0.74537599 0.19519442
v -0.84662288 -0.71297156 0.21692907
v -0.84212327 -0.73207819 0.19733846
v -0.86036181 -0.67876344 0.2340846
v -0.87840926 -0.63862514 0.25389707
v -0.86239004 -0.66818511 0.2177079
v -0.86381131 -0.67269355 0.22769621
v -0.0558815 -0.65040582 -0.97266137
v -0.07293756 -0.63253414 -0.96639925
v -0.06369448 -0.62994855 -1.02192938
v -0.05421764 -0.63837081 -1.01958739
v -0.06111678 -0.63644838 -0.99848866
v -0.05110182 -0.66560488 -0.99391061
v -0.06508484 -0.680229 -0.96315944
v -0.06979355 -0.65286594 -0.9463315
v -0.05761857 -0.66546702 -0.96455246
v -0.05601546 -0.63590014 -1.03870654
v -0.05255793 -0.66338717 -1.04022634
v -0.05189538 -0.6480838 -1.02729415
v -0.09740215 -0.64762806 -0.93916463
v -0.09919369 -0.63093692 -0.96813821
v -0.08544969 -0.63703697 -0.94890296
v -1.96728372 -2.58754992 0.95606154
v -1.91436386 -2.56555271 0.89483779
v -1.94323146 -2.64892292 0.85249209
v -1.98635435 -2.64632558 0.91952544
v -1.95497727 -2.6104145 0.90360331
v -1.99998271 -2.62417221 0.97934132
v -1.98954141 -2.5967617 1.03314125
v -1.94341099 -2.54316592 1.00790238
v -1.98025202 -2.58602333 0.99852025
v -2.00526881 -2.72399807 0.90032184
v -2.02358079 -2.69389557 0.9729141
v -2.00835752 -2.67098474 0.94448757
v -0.38828235 -1.65849506 1.00092196
v -0.41286793 -1.5889492 0.93656247
v -0.51921999 -1.62597966 0.9319548
v -0.51637291 -1.69593501 1.00973391
v -0.45774066 -1.64239382 0.97098332
v -0.4020318 -1.83045458 1.12483012
v -0.28827542 -1.89770519 1.15369105
v -0.21116721 -1.83250308 1.11948287
v -0.32135868 -1.7564584 1.07640552
v -0.31144219 -1.82952976 1.12076854
v -0.18201035 -1.66757953 1.03210496
v -0.26346987 -1.60957706 0.98666858
v -0.29444786 -1.66587126 1.01968598
v -0.91184961 -0.29044881 0.21879239
v -0.86699998 -0.2872529 0.21755443
v -0.85993337 -0.34926357 0.21793925
v -0.90735113 -0.33328777 0.22274446
v -0.88416743 -0.30591014 0.22030034
v -0.93621629 -0.31295359 0.22314177
v -0.95194906 -0.28040728 0.22336402
v -0.93204063 -0.25764119 0.213281
v -0.93799865 -0.28292217 0.21841062
v -0.72015345 -0.44676613 0.17817521
v -0.71839124 -0.4515624 0.14930793
v -0.73173016 -0.46909886 0.15590852
v -0.7273274 -0.45693785 0.17325286
v -0.72410494 -0.45698502 0.16880729
v -0.75271999 -0.45751622 0.18327207
v -0.72827518 -0.43948394 0.18762193
v -0.74203455 -0.44724857 0.18757623
v -0.71482962 -0.42557483 0.17539612
v -0.72177833 -0.43630442 0.18522268
v -0.89230251 -0.11636452 0.11098504
v -0.87566846 -0.11309771 0.13192397
v -0.86967712 -0.12272089 0.11064396
v -0.88067716 -0.14301216 0.08748492
v -0.87909936 -0.12190485 0.10967478
v -0.90599668 -0.16478964 0.08795452
v -0.91952204 -0.16087059 0.10412514
v -0.93300831 -0.11985984 0.11305777
v -0.91352552 -0.11962296 0.10423868
v -0.91787827 -0.13900756 0.10010439
v -0.92628467 -0.09312106 0.12748014
v -0.90299332 -0.09838374 0.13556867
v -0.90834099 -0.10513196 0.11724654
v -0.8673737 -0.17670761 0.06392192
v -0.87243968 -0.22904676 0.05017116
v -0.88968133 -0.18261265 0.07035976
v -0.87840801 -0.17749974 0.06613449
v -0.71370393 -0.40442535 0.15904228
v -0.70903855 -0.42722171 0.15360766
v -0.71671742 -0.40191233 0.17484372
v -0.70923835 -0.41635277 0.16265064
v -0.73807811 -0.3777306 0.18516269
v -0.72328048 -0.38378262 0.16914102
v -0.7257061 -0.38785022 0.18080145
v -0.73951906 -0.37347212 0.16285049
v -0.72386622 -0.40973785 0.13909205
v -0.72196424 -0.39272528 0.15923497
v -0.78988611 -0.55148404 0.10774026
v -0.7915501 -0.53510063 0.13041701
v -0.7733187 -0.51873707 0.11506222
v -0.77490186 -0.52913093 0.08952194
v -0.78324925 -0.53391414 0.11041392
v -0.7685936 -0.696913 0.07155989
v -0.81116575 -0.56060749 0.04661548
v -0.77967041 -0.65701878 0.02922861
v -0.74765402 -0.74409037 0.06326247
v -0.77401059 -0.67670011 0.05193714
v -0.72405356 -0.75551068 0.08867693
v -0.72076118 -0.79223895 0.05253
v -0.69966274 -0.804304 0.08714906
v -0.7279576 -0.76629698 0.07223411
v -0.69892013 -0.76948398 0.13430099
v -0.70989674 -0.74016523 0.13766084
v -0.7298336 -0.7406395 0.10273306
v -0.71579802 -0.74875974 0.1101997
v -0.84026867 -0.38558226 0.04520903
v -0.84512543 -0.37344348 0.05892398
v -0.86814945 -0.32912907 0.05789224
v -0.85321396 -0.34475919 0.04639237
v -0.8481816 -0.36372613 0.05209401
v -0.87304544 -0.29633343 0.05275715
v -0.84999805 -0.30864024 0.03568374
v -0.86010623 -0.3079749 0.0438718
v -0.84868598 -0.22741478 0.03846614
v -0.84545046 -0.25658443 0.0233918
v -0.84348595 -0.3391301 0.02089941
v -0.8464936 -0.27538442 0.02911237
v -0.69865453 -0.28712815 -0.5190683
v -0.68031477 -0.29668903 -0.52875864
v -0.71970558 -0.33098456 -0.50609493
v -0.72937429 -0.30347922 -0.49085339
v -0.70624887 -0.30284383 -0.51277381
v -0.71544313 -0.22594955 -0.52806007
v -0.68293184 -0.27674618 -0.53611898
v -0.72565817 -0.25603947 -0.50078588
v -0.7058826 -0.26479026 -0.52059829
v -0.7724998 -0.30769541 -0.42400509
v -0.76205658 -0.2187116 -0.44230997
v -0.75105071 -0.27417624 -0.46216204
v -0.41091153 -0.09299713 -0.5135144
v -0.42888 -0.11485642 -0.50786697
v -0.4378573 -0.10919363 -0.53563118
v -0.4156143 -0.08995575 -0.52697932
v -0.42195886 -0.09604832 -0.521757
v -0.391626 -0.08368523 -0.52422988
v -0.36252871 -0.08784952 -0.50894588
v -0.38860285 -0.10632698 -0.49044656
v -0.38754901 -0.09092806 -0.50702405
v -0.40374386 -0.08811345 -0.57081306
v -0.36958783 -0.07729741 -0.5521599
v -0.39349719 -0.08270017 -0.54100382
v -0.21880281 -0.2729665 -0.70773416
v -0.22509585 -0.27593776 -0.72728842
v -0.26172858 -0.26794782 -0.73394715
v -0.23685029 -0.27567458 -0.70274537
v -0.22903302 -0.27673119 -0.71316087
v -0.2322396 -0.25877726 -0.70015507
v -0.25005248 -0.24089932 -0.72759878
v -0.21390442 -0.26006037 -0.72335529
v -0.22702597 -0.26060372 -0.71255695
v -0.263314 -0.27257463 -0.70485293
v -0.26342213 -0.28541508 -0.67646533
v -0.23483677 -0.27344611 -0.68481391
v -0.24538669 -0.27458438 -0.6944493
v -0.24558222 -0.27559095 -0.66543662
v -0.22601044 -0.23784062 -0.66492515
v -0.22088228 -0.25262832 -0.67955011
v -0.22866597 -0.26078814 -0.6757428
v -0.23202043 -0.23250013 -0.67140841
v -0.25568991 -0.23266659 -0.6982308
v -0.2319487 -0.24796152 -0.68512076
v -0.33300298 -0.34377673 -0.79365062
v -0.30154657 -0.32164171 -0.78858685
v -0.27834528 -0.3433668 -0.78834015
v -0.31129679 -0.36470326 -0.78979522
v -0.30209732 -0.34460982 -0.78987312
v -0.35004314 -0.37123569 -0.79297471
v -0.40390065 -0.35599693 -0.79482424
v -0.36440908 -0.33768618 -0.79762697
v -0.36421933 -0.34847533 -0.79627001
v -0.30922463 -0.3876273 -0.79146927
v -0.35482347 -0.39715826 -0.79111063
v -0.32860475 -0.38191938 -0.79021853
v -0.42715841 -0.39857 -0.78598237
v -0.34842854 -0.46072071 -0.80608093
v -0.43820026 -0.47203639 -0.79219329
v -0.39079722 -0.41606754 -0.79166066
v -0.41548317 -0.58206296 -0.80176645
v -0.51351076 -0.57185065 -0.77561241
v -0.52801787 -0.47185879 -0.7660855
v -0.47882312 -0.52834844 -0.78727155
v -0.49821874 -0.37128874 -0.7685517
v -0.45352417 -0.34898066 -0.78913736
v -0.44977152 -0.36518013 -0.78615522
v -0.12686277 -0.49053484 -0.95008057
v -0.13416941 -0.44753626 -0.9305855
v -0.11104977 -0.38086944 -0.94606339
v -0.10395026 -0.44266349 -0.96872812
v -0.11419814 -0.44654601 -0.95124244
v -0.13365326 -0.52128034 -0.95736134
v -0.18464112 -0.58063185 -0.93634635
v -0.18096284 -0.55181163 -0.91752052
v -0.15280644 -0.53595155 -0.94088035
v -0.11662964 -0.51547825 -1.00216853
v -0.15368786 -0.57209265 -1.01311111
v -0.18064814 -0.58821624 -0.9765675
v -0.14366398 -0.54379069 -0.98239445
v -0.15342749 -1.11231672 -0.90523207
v -0.11611916 -1.10946345 -0.9202308
v -0.08416596 -1.1380496 -0.90144294
v -0.12839773 -1.14657628 -0.89340317
v -0.12027292 -1.12769401 -0.90631371
v -0.20968607 -1.05987262 -0.88764154
v -0.1752184 -1.07425141 -0.91374546
v -0.17944562 -1.11665344 -0.88768786
v -0.18207114 -1.09268844 -0.89861667
v -0.12448628 -1.18822336 -0.8813979
v -0.18383595 -1.16150081 -0.86897403
v -0.15385058 -1.15648448 -0.88211733
v -0.25629174 -1.12039601 -0.84002578
v -0.31376233 -1.09935295 -0.81215876
v -0.29845088 -1.03664541 -0.83024501
v -0.26690462 -1.04077208 -0.83834773
v -0.2869046 -1.07180988 -0.83055067
v -0.2721911 -1.00044059 -0.83571386
v -0.25277033 -0.9846273 -0.84047067
v -0.23896539 -1.02372086 -0.8574292
v -0.25967109 -1.00721848 -0.83800184
v -0.20543386 -1.0178771 -0.89626354
v -0.22188794 -1.02409708 -0.87670004
v -0.10976467 -1.06288623 -0.95030468
v -0.07810331 -1.09526169 -0.93311262
v -0.14146778 -1.07892465 -0.93166744
v -0.11364319 -1.09143066 -0.93341642
v -0.17779147 -1.03190863 -0.925363
v -0.14043474 -1.04201531 -0.94685638
v -0.16302964 -1.05808377 -0.92930066
v -0.11620342 -1.0159043 -0.9596219
v -0.07440555 -1.03687119 -0.9715321
v -0.10841148 -1.03441762 -0.96323967
v -0.05975538 -0.72034752 -1.00178802
v -0.03477159 -0.73402983 -1.07019078
v 0.00018588 -0.75567954 -1.05104875
v -0.03916528 -0.76243317 -1.01612711
v -0.03390936 -0.74750518 -1.04027509
v 0.00003646 -0.80337142 -1.00731122
v -0.0444632 -0.83475518 -1.00319099
v -0.09027519 -0.75587898 -0.97619056
v -0.04328486 -0.79512774 -1.00595808
v -0.13686335 -0.74293798 -0.94319796
v -0.1735416 -0.70576983 -0.95804035
v -0.1301845 -0.70141071 -0.96431362
v -0.13177664 -0.72018355 -0.95813965
v -0.08913763 -0.68277216 -0.94946163
v -0.05116584 -0.69788944 -1.02110052
v -0.06842387 -0.69773381 -0.97693806
v -0.11836357 -0.67359924 -0.95796668
v -0.11539651 -0.64512473 -0.95866125
v -0.10783134 -0.6593883 -0.94335341
v -0.16665524 -0.68532502 -0.99590635
v -0.13920176 -0.67364084 -0.99945294
v -0.13704797 -0.68516898 -0.97659903
v -0.09221353 -0.62991464 -1.01949501
v -0.07958018 -0.64152717 -1.05084788
v -0.06920254 -0.63121068 -1.03283298
v -0.11712351 -0.64528226 -1.0119251
v -0.1081291 -0.63672256 -0.9909352
v -0.1545301 -0.84905266 -0.95852983
v -0.20425416 -0.81855458 -0.91688448
v -0.16964215 -0.73272633 -0.90761792
v -0.15903101 -0.76843541 -0.92647087
v -0.08809196 -0.88636779 -1.00035285
v -0.1398731 -0.9312424 -0.97331488
v -0.1885451 -0.91508966 -0.94564569
v -0.14426155 -0.90380591 -0.97296994
v -0.10869362 -0.65942776 -1.08304536
v -0.13954064 -0.64832538 -1.06854176
v -0.11787752 -0.62748664 -1.10622549
v -0.09362134 -0.66610318 -1.11949873
v -0.11785902 -0.65305095 -1.09529519
v -0.05068659 -0.65292936 -1.1633358
v -0.0001315 -0.70258045 -1.16054773
v -0.04700467 -0.7118448 -1.12059092
v -0.0504117 -0.68941748 -1.14911186
v -0.07169261 -0.66403466 -1.07302558
v -0.12206058 -0.64822071 -1.04635989
v -0.09357202 -0.65397614 -1.06995558
v 0.00001914 -0.73293685 -1.10599196
v -0.05854581 -0.70023202 -1.0791217
v -0.04112644 -0.72260987 -1.09536409
v -0.05681875 -0.67876732 -1.05742955
v -0.27092424 -0.16364112 -0.8723542
v -0.23687638 -0.1594015 -0.89708262
v -0.21389022 -0.17809018 -0.87846088
v -0.24442076 -0.18044328 -0.86407196
v -0.23752458 -0.17307509 -0.88001859
v -0.2325913 -0.19804193 -0.83752322
v -0.27612948 -0.17900252 -0.8212853
v -0.28853136 -0.16457074 -0.84760141
v -0.25901722 -0.18247829 -0.84314793
v -0.3248316 -0.14549851 -0.84500455
v -0.33222934 -0.13680966 -0.8631103
v -0.31505703 -0.14871129 -0.85332256
v -1.00760603 -3.46889567 -0.26917168
v -1.04674375 -3.60661029 -0.26704973
v -1.13940525 -3.55959153 -0.1886785
v -1.11825609 -3.41871094 -0.17696692
v -1.07920169 -3.51023364 -0.22707667
v -1.11297833 -3.28917956 -0.14517962
v -1.13133335 -3.17231702 -0.08809098
v -1.02078843 -3.12566089 -0.1598142
v -0.99551749 -3.24385261 -0.21955892
v -1.0647856 -3.21209001 -0.15756213
v -0.93432849 -3.35028481 -0.28893566
v -0.84650933 -3.43868494 -0.35700804
v -0.90747797 -3.55033063 -0.34555366
v -0.92844229 -3.4472599 -0.31435483
v -0.89421212 -3.16806268 -0.26314583
v -0.84205782 -3.26466059 -0.32004404
v -0.91954302 -3.25846004 -0.27418488
v -1.22383594 -3.40552401 -0.08338429
v -1.22441971 -3.29591393 -0.05172358
v -1.16913008 -3.35124492 -0.11760854
v -0.49649891 -4.33745479 0.20147559
v -0.44760242 -4.28532314 0.21607439
v -0.49097386 -4.23922729 0.24132095
v -0.54925823 -4.30526065 0.22427111
v -0.48877459 -4.29093504 0.22011508
v -0.63157796 -4.28334331 0.24818263
v -0.63799911 -4.35973453 0.2132501
v -0.55946713 -4.36372566 0.19936168
v -0.60123157 -4.32924938 0.22224183
v -0.54111474 -4.42560815 0.16596534
v -0.46916246 -4.3918147 0.17300391
v -0.5148853 -4.38097477 0.18435424
v -1.78906571 -2.86406731 1.25495982
v -1.7344948 -2.90014219 1.22928834
v -1.68331801 -2.83555269 1.29041695
v -1.75360202 -2.81885933 1.30038154
v -1.73991084 -2.85844445 1.26880729
v -1.72099542 -2.75240755 1.34427321
v -1.79503083 -2.75953459 1.32422256
v -1.80807972 -2.81840562 1.28828489
v -1.77502381 -2.78923702 1.31640982
v -1.86294293 -2.82996845 1.24836337
v -1.83929693 -2.89210724 1.20483231
v -1.82777524 -2.851408 1.25177943
v -0.84897291 -0.17404964 0.0572275
v -0.86114203 -0.14013834 0.08715418
v -0.8555451 -0.17598344 0.06138484
v -0.86426717 -0.10753522 0.13589854
v -0.86158561 -0.10124608 0.1183077
v -0.86381828 -0.11818365 0.11208228
v -0.85308879 -0.12999989 0.05754372
v -0.84385329 -0.18285945 -0.00624097
v -0.8456217 -0.20636071 0.02899257
v -0.84756428 -0.17558553 0.04165564
v -0.88291662 -0.29451268 0.07320408
v -0.89019888 -0.25371238 0.06887535
v -0.88097602 -0.29477906 0.0633064
v -0.44959616 0.57078886 -0.66238158
v -0.50576084 0.51953244 -0.64339488
v -0.5369144 0.55295157 -0.58226126
v -0.47069507 0.5968979 -0.61540401
v -0.491369 0.55964309 -0.62604671
v -0.42064446 0.61370426 -0.6550877
v -0.38005754 0.60585486 -0.70292794
v -0.41467976 0.55238622 -0.71324992
v -0.41402673 0.58719927 -0.68621599
v -0.47533243 0.64335238 -0.56356638
v -0.40787079 0.66175985 -0.61771333
v -0.44097003 0.63159346 -0.6144129
v -0.61831396 -0.25363981 -0.6037563
v -0.59422934 -0.2510893 -0.60126161
v -0.5920912 -0.26760011 -0.57774525
v -0.6131221 -0.26887756 -0.57550233
v -0.60039925 -0.25808399 -0.58837074
v -0.62106144 -0.28281772 -0.55269002
v -0.64716041 -0.27949333 -0.55813741
v -0.63722974 -0.26296317 -0.5892539
v -0.62963545 -0.27620559 -0.56600546
v -0.6472007 -0.24928349 -0.60412085
v -0.62708663 -0.24091421 -0.62792563
v -0.63393497 -0.25172126 -0.60817837
v -0.59016907 -0.23613871 -0.63088232
v -0.57251119 -0.25084495 -0.61569905
v -0.5715903 -0.2584353 -0.59998357
v -0.58228027 -0.25002181 -0.61226832
v -0.59559142 -0.22961482 -0.65000557
v -0.58128517 -0.2232193 -0.67620813
v -0.58023464 -0.23382723 -0.65454006
v -0.58675795 -0.22864566 -0.65192705
v -0.42399263 -0.36351895 -0.58933937
v -0.40738362 -0.34403169 -0.63135063
v -0.43429178 -0.3493576 -0.60552859
v -0.4159846 -0.3548727 -0.61023527
v -0.44207423 -0.33594587 -0.61568307
v -0.46068361 -0.34267014 -0.57182252
v -0.44450634 -0.35756331 -0.57675695
v -0.44781428 -0.34645655 -0.59290802
v -0.437251 -0.36643618 -0.55481708
v -0.43114113 -0.37018686 -0.56601107
v -0.60085451 -0.31526815 -0.66367209
v -0.61256671 -0.29626962 -0.60887324
v -0.59692919 -0.276232 -0.59984326
v -0.59218674 -0.27952468 -0.64433085
v -0.60188132 -0.28637048 -0.62202888
v -0.58486998 -0.31707355 -0.6982879
v -0.56919246 -0.3571012 -0.72399812
v -0.59570848 -0.35771936 -0.69489479
v -0.58971566 -0.34020972 -0.69823885
v -0.57547354 -0.26732319 -0.67672646
v -0.56413126 -0.2998858 -0.72327482
v -0.58034592 -0.28674373 -0.6868475
v -0.57345026 -0.25776833 -0.63312768
v -0.56160986 -0.25366479 -0.66159397
v -0.55960798 -0.26541587 -0.70147526
v -0.56932306 -0.25835511 -0.66936337
v -0.58014845 -0.26518321 -0.59279793
v -0.5651946 -0.25871023 -0.60418164
v -0.5714215 -0.26084458 -0.60168778
v -0.60485041 -0.27807977 -0.56499254
v -0.59128916 -0.27064254 -0.57954412
v -0.67898798 -0.80316984 -0.45231312
v -0.69124925 -0.83614808 -0.38466671
v -0.70609021 -0.76524454 -0.4119516
v -0.69385236 -0.75060671 -0.47040709
v -0.69291865 -0.78861928 -0.43112331
v -0.6754359 -0.7577573 -0.50715839
v -0.62437719 -0.81967991 -0.53485876
v -0.64949739 -0.85806483 -0.45614767
v -0.66135418 -0.80911314 -0.48195496
v -0.70230901 -0.69001489 -0.5021798
v -0.67519247 -0.70364129 -0.55652904
v -0.68817466 -0.72369408 -0.51084685
v -0.4028384 -1.22606396 -0.6672917
v -0.43793591 -1.25358378 -0.58174192
v -0.46920156 -1.18044686 -0.58162713
v -0.43449991 -1.09757781 -0.69254064
v -0.43803414 -1.19525313 -0.62888503
v -0.35719871 -1.21047079 -0.74107796
v -0.33463144 -1.31025183 -0.71620798
v -0.37266829 -1.31364512 -0.64991635
v -0.36827793 -1.26920497 -0.69410389
v -0.35432606 -1.06875968 -0.79611504
v -0.31148877 -1.2316401 -0.77930623
v -0.33867219 -1.15241718 -0.77961027
v -0.33443486 -0.5380885 -0.81856715
v -0.32512262 -0.60742229 -0.83082819
v -0.38512581 -0.67881965 -0.81203883
v -0.36586648 -0.59669649 -0.81360626
v -0.32963296 -0.82057392 -0.844204
v -0.37094813 -0.93728542 -0.82016539
v -0.43154433 -0.79497754 -0.78524923
v -0.37814575 -0.82238131 -0.81855118
v -0.29292166 -0.89810615 -0.87024813
v -0.26978817 -0.90350103 -0.88555252
v -0.26678928 -0.95172727 -0.86407792
v -0.29329523 -0.95672112 -0.85928046
v -0.2842082 -0.93076169 -0.87346345
v -0.33129459 -0.99569958 -0.8341946
v -0.40342289 -0.99982267 -0.77606701
v -0.36608648 -0.99806338 -0.81318372
v -0.30019861 -0.99314218 -0.84125512
v -0.10555198 -1.25350225 -0.90231972
v -0.07401361 -1.29394865 -0.92025333
v -0.11528718 -1.339504 -0.90183997
v -0.13721688 -1.28904163 -0.88949799
v -0.1046543 -1.29930377 -0.9084385
v -0.28863483 -0.1349349 -0.68097722
v -0.26800572 -0.1626026 -0.67404913
v -0.23986689 -0.14855054 -0.6442039
v -0.26369378 -0.12758766 -0.65075033
v -0.26210692 -0.14361512 -0.66048485
v -0.25513848 -0.11526864 -0.6272062
v -0.30598232 -0.09454853 -0.64785897
v -0.30293119 -0.10950986 -0.67235887
v -0.28194671 -0.1107004 -0.64959842
v -0.32974851 -0.10616332 -0.69935989
v -0.31899225 -0.12861496 -0.71373671
v -0.31517157 -0.11670346 -0.69616586
v -0.18513678 -0.25623267 -0.74892824
v -0.19150772 -0.2391099 -0.77169877
v -0.15806719 -0.24187737 -0.78835064
v -0.17142918 -0.26262301 -0.76979565
v -0.1702985 -0.25059324 -0.7669931
v -0.1636751 -0.28843739 -0.79541748
v -0.18385928 -0.30991804 -0.79443323
v -0.19799198 -0.28840631 -0.7713108
v -0.17656785 -0.28864359 -0.78182417
v -0.2367002 -0.31513315 -0.78317344
v -0.26168957 -0.30093771 -0.7763617
v -0.22148492 -0.2845062 -0.75652819
v -0.22666782 -0.29650208 -0.77083146
v -0.17896188 -0.60775685 -1.00261688
v -0.1931196 -0.64298355 -0.98816472
v -0.19677174 -0.61354374 -0.95880734
v -0.19043783 -0.61140054 -0.97896659
v -0.13725504 -0.59110975 -1.06527888
v -0.16194701 -0.6301037 -1.04095697
v -0.16152305 -0.60144448 -1.02953743
v -0.35575071 -0.15604156 -0.81639462
v -0.32728964 -0.16790671 -0.80702781
v -0.36830627 -0.1691266 -0.81239628
v -0.41196069 -0.16849845 -0.81934481
v -0.36416107 -0.16405615 -0.81700992
v -0.45521301 -0.18731069 -0.81070864
v -0.50125575 -0.18864466 -0.79637295
v -0.46598997 -0.16275784 -0.81206023
v -0.45827344 -0.17903849 -0.81425958
v -0.51884716 -0.16631786 -0.80028224
v -0.49687683 -0.14184978 -0.8263998
v -0.44164565 -0.14616328 -0.83026385
v -0.48050212 -0.15609519 -0.81750327
v -0.41433325 -0.11915793 -0.85566842
v -0.36390033 -0.12484693 -0.86300444
v -0.37590509 -0.14679455 -0.8336395
v -0.39975607 -0.13327625 -0.84588104
v -0.31491404 -0.16316491 -0.81235581
v -0.34453123 -0.15408262 -0.82295942
v -0.27308762 -0.18033856 -0.51307165
v -0.2882398 -0.20952355 -0.49726823
v -0.3102909 -0.19640693 -0.47393924
v -0.29201591 -0.16789595 -0.49588397
v -0.29061323 -0.19040851 -0.49272194
v -0.31422746 -0.13527417 -0.49378135
v -0.2865394 -0.1131592 -0.52609998
v -0.27072775 -0.15007349 -0.52229547
v -0.28914865 -0.14102703 -0.50881403
v -0.24921038 -0.14497628 -0.55185455
v -0.25281935 -0.18169407 -0.54333138
v -0.25953269 -0.16420096 -0.53234982
v -0.79349637 -0.77168649 0.16749759
v -0.77544653 -0.75014478 0.17050343
v -0.79248082 -0.7187922 0.20469459
v -0.803478 -0.75131082 0.1922896
v -0.79008954 -0.75209748 0.18308731
v -0.81145203 -0.76794278 0.17593686
v -0.81515562 -0.77176791 0.1533941
v -0.79058384 -0.78251141 0.14005138
v -0.80277299 -0.77781593 0.15795922
v -0.82118094 -0.7239272 0.2160661
v -0.81678181 -0.75041836 0.19507095
v -0.93870377 -0.14796271 0.14271658
v -0.92128592 -0.16726627 0.14842942
v -0.94247937 -0.16223792 0.16924579
v -0.95315736 -0.14277894 0.15737725
v -0.9375261 -0.15412871 0.15407715
v -0.95547449 -0.1304277 0.14535702
v -0.94776165 -0.12389632 0.12908393
v -0.93015027 -0.15463216 0.12317418
v -0.9430769 -0.13881994 0.13445189
v -0.98226767 -0.13820414 0.17489393
v -0.98048019 -0.11586861 0.15890152
v -0.96801656 -0.1305305 0.15816684
v -0.73341077 -4.10540008 -0.31307598
v -0.79419136 -4.12363243 -0.288033
v -0.84383231 -3.99253106 -0.32733595
v -0.72052902 -4.06060981 -0.3321872
v -0.75923043 -4.08982276 -0.31022679
v -0.7312231 -3.95637869 -0.37218543
v -0.62726604 -4.03126525 -0.37039929
v -0.67200946 -4.07281875 -0.34320506
v -0.6750949 -4.04268169 -0.35211616
v -0.63026541 -4.11149311 -0.35026764
v -0.72494602 -4.15193033 -0.30588716
v -0.68952089 -4.11157894 -0.32719922
v -0.76021724 -0.4503597 0.08965966
v -0.74083805 -0.45975989 0.10196036
v -0.73926127 -0.42958319 0.10789271
v -0.76556426 -0.42682632 0.09392286
v -0.74930703 -0.44187581 0.09701379
v -0.7874009 -0.42621672 0.0827201
v -0.80372524 -0.4645532 0.07791857
v -0.77000981 -0.48548388 0.08668041
v -0.78735685 -0.45618492 0.08284322
v -0.77493745 -0.39574101 0.11195936
v -0.79674196 -0.40277513 0.09412224
v -0.78219962 -0.41708815 0.09209343
v -0.83045566 -0.37834659 0.08073215
v -0.86488348 -0.33125388 0.07684744
v -0.8248496 -0.41850224 0.06455124
v -0.83793383 -0.38095188 0.06822137
v -0.80834144 -0.33030217 0.12738376
v -0.83473324 -0.31472915 0.11477294
v -0.81933075 -0.35550519 0.1044384
v -0.78313773 -0.63110613 0.08594571
v -0.75658136 -0.7429552 0.08548957
v -0.76648652 -0.72611045 0.08571921
v -0.76677542 -0.7117843 0.07943603
v -0.75967812 -0.76140904 0.08922353
v -0.78539806 -0.73808062 0.11350005
v -0.79551196 -0.66801583 0.13961818
v -0.77181184 -0.73577439 0.09633777
v -0.81589061 -0.58941119 0.15572086
v -0.83259606 -0.54261708 0.17205323
v -0.81132954 -0.54452383 0.14524191
v -0.79928404 -0.57739293 0.12249106
v -0.81543844 -0.56348758 0.14751374
v -0.81303942 -0.63538897 0.18217054
v -0.83427631 -0.58894944 0.20307256
v -0.81536471 -0.62075328 0.17670202
v -0.83074033 -0.4203355 0.22402104
v -0.85688597 -0.41187602 0.22370377
v -0.83769887 -0.36130657 0.2138351
v -0.84579491 -0.38367304 0.21946448
v -0.82321429 -0.3715392 0.20937421
v -0.79500871 -0.3626191 0.19743788
v -0.80056226 -0.4118008 0.21973079
v -0.80239564 -0.38650965 0.21025633
v -0.04403543 -1.16854417 -0.88655674
v -0.02990425 -1.10966873 -0.90686917
v -0.00009738 -1.13808774 -0.89209997
v -0.03754671 -1.13905668 -0.89478838
v 0.00008318 -1.1981095 -0.9012351
v -0.03779196 -1.25124263 -0.92109024
v -0.08410744 -1.19769763 -0.89267808
v -0.04440204 -1.19700098 -0.89835286
v 0.0000146 -4.11686325 -0.45694789
v -0.06397444 -4.24001789 -0.45579266
v -0.1367395 -4.11291885 -0.45309585
v -0.06669527 -4.01845073 -0.45726531
v -0.06617638 -4.11514616 -0.45602351
v -0.13377967 -3.9732654 -0.4592334
v -0.06544596 -3.93080878 -0.46670109
v -0.00000296 -3.96817255 -0.46132278
v -0.06583336 -3.96946287 -0.46084523
v -0.04246997 -1.32929933 -0.92599201
v 0.00000518 -1.28490495 -0.93073964
v -0.03861644 -1.28750336 -0.92799514
v -0.05501974 0.64441537 -0.81927114
v -0.11125787 0.69287377 -0.76441031
v -0.05841733 0.74750685 -0.70889884
v 0.00009091 0.70051187 -0.76905268
v -0.0561995 0.69851899 -0.76786786
v 0.00004665 0.58732354 -0.8632977
v -0.05405587 0.52476817 -0.89421182
v -0.107912 0.58324849 -0.85654926
v -0.05439665 0.58624655 -0.86157941
v -0.05985597 -4.35903263 0.16509537
v -0.12208449 -4.43073654 0.13481667
v -0.06181595 -4.49819707 0.10341523
v -0.00028892 -4.43527317 0.1343265
v -0.0606377 -4.43334865 0.13391511
v -0.00195353 -4.29064941 0.19242766
v -0.06082743 -4.22710657 0.21354578
v -0.11931899 -4.28698158 0.19255897
v -0.05962774 -4.28863191 0.19204047
v 0.00192972 -1.66825532 1.04011273
v -0.0753221 -1.62078142 1.01464676
v -0.09599472 -1.74845755 1.07858371
v -0.08404877 -1.66804719 1.03865706
v -0.10109243 -1.90133726 1.14523923
v 0.00029804 -1.8308289 1.115646
v -0.10419455 -1.83178818 1.11717414
v -0.18359068 -1.97630345 1.1769061
v -0.08700508 -2.05695724 1.1971029
v -0.00002422 -1.98041188 1.17150831
v -0.09342541 -1.97918748 1.17307972
v -0.16300943 -2.13150954 1.22001051
v -0.07976648 -2.21210765 1.23106551
v 0.00023111 -2.13329553 1.21483731
v -0.08277569 -2.13264632 1.21623444
v -0.15474751 -2.29432511 1.24196147
v -0.07612393 -2.37378215 1.24219381
v 0.00012793 -2.29621219 1.23986315
v -0.07733807 -2.29558253 1.24041557
v -0.15205974 -2.44547104 1.23562324
v -0.0759892 -2.50899219 1.22195768
v 0.00010227 -2.4438436 1.23597967
v -0.075959 -2.44426298 1.23593664
v -0.15223304 -2.57141637 1.19912481
v -0.07619532 -2.6275177 1.17013084
v 0.00003769 -2.56837058 1.20057201
v -0.07597201 -2.5691595 1.20024728
v -0.15298187 -2.68555855 1.13264775
v -0.077785 -2.72838974 1.09502577
v -0.00028429 -2.67984128 1.13453984
v -0.07680011 -2.68151688 1.1339457
v -0.15280297 -2.78043294 1.0485239
v -0.07526294 -2.84462499 0.97351801
v -0.00180917 -2.77509498 1.04723453
v -0.07815393 -2.77707147 1.0470339
v -0.13678559 -2.911134 0.90603971
v -0.0694603 -2.95787334 0.84859085
v -0.00296501 -2.90806675 0.90017765
v -0.07128153 -2.90862798 0.90194857
v -0.13609544 -3.00474906 0.80967038
v -0.07201708 -3.04379868 0.76867926
v -0.00175008 -2.99618959 0.80833745
v -0.07019066 -2.99844145 0.80848628
v -0.13665716 -3.10558915 0.72542256
v -0.07868274 -3.15946149 0.68079334
v -0.00356666 -3.09451723 0.72682732
v -0.07520411 -3.09864711 0.72526478
v -0.13741362 -3.22715807 0.63826507
v -0.08253723 -3.28344631 0.59813624
v -0.00591674 -3.219105 0.63901877
v -0.0810135 -3.22147274 0.6382451
v -0.13971 -3.3511734 0.55956858
v -0.08428017 -3.41023588 0.52290523
v -0.00518717 -3.34478044 0.56049335
v -0.08375066 -3.34616661 0.55981046
v -0.14084869 -3.47842383 0.48790761
v -0.08378516 -3.54038548 0.45502212
v -0.00384497 -3.47451663 0.48867157
v -0.08409474 -3.47517538 0.48781657
v -0.14043462 -3.60551595 0.42587208
v -0.08399756 -3.65729165 0.40305712
v -0.00382253 -3.6020677 0.42747807
v -0.08312192 -3.60302901 0.42595496
v -0.13891938 -3.72769355 0.37655675
v -0.08187027 -3.7972145 0.35099881
v -0.0057427 -3.72656178 0.37792727
v -0.08665822 -3.72684478 0.37635088
v -0.13338126 -3.86008811 0.33030384
v -0.06944054 -3.92814207 0.30752944
v -0.00477469 -3.86737322 0.32822626
v -0.07445026 -3.86348104 0.32845908
v -0.12944704 -3.99755311 0.28650674
v -0.06426652 -4.07346773 0.26240098
v -0.00564082 -3.99855279 0.28636723
v -0.06650873 -3.99798679 0.28570377
v -0.12376625 -4.15253925 0.23804912
v -0.00568161 -4.15610313 0.2374552
v -0.06249812 -4.15459966 0.23708023
v -0.18501886 -4.07284688 0.26488021
v -0.23627519 -4.15076732 0.24275767
v -0.18006438 -4.22141647 0.21675631
v -0.18292772 -4.14970159 0.24044491
v -0.1835253 -3.93285679 0.30894061
v -0.2353377 -4.00860691 0.28840878
v -0.18526282 -4.0010457 0.28740671
v -0.30028733 -3.95032668 0.31425327
v -0.36039376 -4.02394342 0.29721796
v -0.29350078 -4.08452272 0.26913863
v -0.29605424 -4.01657676 0.2917549
v -0.17850112 -3.79909753 0.35320633
v -0.2349365 -3.87619829 0.33190169
v -0.18051081 -3.8660624 0.33054661
v -0.31772559 -3.81163859 0.3644002
v -0.37212824 -3.88862848 0.34517979
v -0.30710893 -3.88360595 0.33778631
v -0.42125329 -3.82716822 0.37555426
v -0.4524118 -3.91250681 0.35152369
v -0.41157031 -3.96789574 0.3241921
v -0.41442114 -3.89813876 0.34900406
v -0.24680021 -3.73443508 0.383542
v -0.32860001 -3.67692709 0.41660568
v -0.38482582 -3.75171113 0.39649245
v -0.32701075 -3.74010062 0.39177829
v -0.44343006 -3.70350265 0.42730969
v -0.50024664 -3.76489448 0.41582462
v -0.4343692 -3.75996851 0.40304529
v -0.5812428 -3.73842215 0.44584959
v -0.65387731 -3.81291341 0.43319141
v -0.57798594 -3.84036302 0.40556618
v -0.57885599 -3.78216671 0.42756649
v -0.39024278 -3.64111328 0.44305461
v -0.45409888 -3.59896206 0.47791534
v -0.51322245 -3.66643428 0.46014979
v -0.44826683 -3.65275597 0.45044794
v -0.59486627 -3.62857008 0.4994322
v -0.6592617 -3.70515227 0.47974669
v -0.58585256 -3.68372416 0.47089648
v -0.73566949 -3.66466856 0.51702725
v -0.79572117 -3.74971532 0.49054244
v -0.7232396 -3.78650093 0.45944908
v -0.72887194 -3.72739553 0.4862748
v -0.53219091 -3.54790163 0.52453506
v -0.61254406 -3.50350856 0.57045412
v -0.67502069 -3.58066892 0.54449546
v -0.60410291 -3.56259393 0.53564196
v -0.75019276 -3.53661084 0.58671641
v -0.8088628 -3.61953568 0.55549359
v -0.74309003 -3.59989881 0.55112385
v -0.88366514 -3.57503795 0.59312117
v -0.94605332 -3.66399169 0.55617225
v -0.87078559 -3.70835351 0.52332568
v -0.87706267 -3.64113664 0.55735224
v -0.69187569 -3.45870018 0.61763155
v -0.76649308 -3.4141829 0.66375708
v -0.82344406 -3.49129962 0.62892144
v -0.75846731 -3.47431922 0.62459337
v -0.89762324 -3.44923257 0.66897517
v -0.96031665 -3.53163981 0.62947011
v -0.89072108 -3.51043081 0.6306774
v -1.03567326 -3.49072122 0.66357433
v -1.08970689 -3.57167744 0.61830949
v -1.01912713 -3.61761856 0.58813077
v -1.02744174 -3.55255508 0.62534815
v -0.83783018 -3.37529563 0.70561313
v -0.91157245 -3.3410263 0.74511849
v -0.9744634 -3.41219496 0.70633661
v -0.90440142 -3.39265012 0.70724266
v -1.05303621 -3.37905931 0.7415992
v -1.10895323 -3.45184111 0.69608581
v -1.04413032 -3.4325273 0.70264178
v -1.18091464 -3.41559672 0.72710323
v -1.23212456 -3.49013638 0.6706202
v -1.15952515 -3.52866172 0.64595311
v -1.16996789 -3.47052288 0.68592655
v -0.98932832 -3.31009006 0.78331518
v -1.07492768 -3.27767396 0.82438331
v -1.13094949 -3.34731054 0.77627706
v -1.06292414 -3.32980012 0.78052204
v -1.20910751 -3.30873918 0.81685012
v -1.25754785 -3.38262081 0.75675153
v -1.19331777 -3.36394286 0.76908779
v -1.34769165 -3.34657383 0.79059034
v -1.39542973 -3.42129778 0.71813702
v -1.31092619 -3.45561385 0.69335961
v -1.32775497 -3.40327215 0.73869055
v -1.16382551 -3.23525047 0.8737424
v -1.24615824 -3.19453382 0.91924536
v -1.29384124 -3.2666943 0.8607248
v -1.22800803 -3.25059747 0.86882847
v -1.38756442 -3.22915101 0.90008294
v -1.4437592 -3.30808687 0.82695561
v -1.36855745 -3.286798 0.84638339
v -1.53211534 -3.27143883 0.85915607
v -1.57273697 -3.34017038 0.78348767
v -1.48507213 -3.38094806 0.75076621
v -1.51160526 -3.3260169 0.80592036
v -1.33556044 -3.15765094 0.96069216
v -1.42555582 -3.12153625 1.0004847
v -1.47742927 -3.19335842 0.9355309
v -1.40646767 -3.17366123 0.95163804
v -1.56146502 -3.15777754 0.96748673
v -1.61599671 -3.23045301 0.89078629
v -1.54810023 -3.21393132 0.91393423
v -1.69465625 -3.18281459 0.92353212
v -1.731467 -3.24890708 0.84172141
v -1.6543622 -3.29937219 0.81147503
v -1.67714417 -3.24191761 0.8668766
v -1.50348329 -3.08767318 1.03646099
v -1.58308601 -3.05632066 1.06895542
v -1.64353323 -3.12056732 0.99782586
v -1.57310235 -3.10610342 1.01815152
v -1.7168653 -3.07932925 1.02968406
v -1.76679551 -3.13130164 0.95546406
v -1.70740246 -3.12882256 0.97723043
v -1.83011317 -3.07565259 0.98881763
v -1.86048233 -3.12155056 0.91124022
v -1.80075788 -3.18784833 0.8759076
v -1.81806731 -3.12867832 0.93321442
v -1.66029906 -3.02276873 1.10242939
v -1.72827696 -2.98553609 1.1364305
v -1.78360581 -3.03268408 1.0641241
v -1.72375655 -3.03157997 1.08339619
v -1.84329056 -2.97909236 1.10109233
v -1.88699102 -3.01253294 1.02678096
v -1.83859181 -3.02598476 1.0452007
v -1.93680214 -2.94016027 1.06932342
v -1.96215629 -2.97123718 0.99127501
v -1.91445088 -3.04988217 0.94860935
v -1.92875349 -2.99333 1.00890159
v -1.78982329 -2.9439826 1.16844666
v -1.89279437 -2.91614842 1.14144396
v -1.8437457 -2.93482875 1.15435397
v -1.92417228 -2.84401106 1.18547213
v -1.97055971 -2.86195349 1.11436963
v -1.93604648 -2.89048218 1.1283487
v -1.9834975 -2.78229713 1.15500617
v -2.01715564 -2.80373072 1.07795178
v -1.99822032 -2.88794398 1.03672742
v -1.99753999 -2.83244872 1.09779739
v -1.86351728 -2.76136064 1.28658926
v -1.93069064 -2.76825261 1.22661972
v -1.89962172 -2.80093741 1.23940467
v -1.91320729 -2.69133544 1.25769376
v -1.97442722 -2.70557093 1.18383407
v -1.95537376 -2.73619866 1.20835268
v -1.83922648 -2.68228673 1.31802868
v -1.79487121 -2.60315823 1.33401787
v -1.87452697 -2.61236357 1.27392339
v -1.85861408 -2.64668655 1.30054175
v -1.82205176 -2.53358101 1.26782012
v -1.89500355 -2.54731392 1.19036245
v -1.94358253 -2.62701177 1.1982429
v -1.8866384 -2.57890725 1.2375102
v -1.9945029 -2.64628815 1.11686468
v -2.01600718 -2.72441601 1.10592436
v -1.98767554 -2.67577981 1.15325617
v -2.03490424 -2.74909186 1.02938652
v -2.02931237 -2.83491277 0.99810969
v -2.02963209 -2.77625489 1.05494594
v -1.95398116 -2.57024478 1.10637891
v -2.02007293 -2.66639614 1.04203915
v -1.99479174 -2.6180675 1.07453608
v -2.03216767 -2.7816019 0.95237565
v -2.03283691 -2.7210977 1.00160074
v -2.00995969 -2.81791687 0.8758254
v -1.99567246 -2.92163276 0.83823931
v -2.02073979 -2.87553143 0.91734993
v -2.01891946 -2.84838628 0.89727962
v -1.993505 -2.97137689 0.87224447
v -2.00515079 -2.92462682 0.95487779
v -2.01615333 -2.90050816 0.93637055
v -1.96855664 -3.02293968 0.79310053
v -1.93408763 -3.11822509 0.74783837
v -1.95778751 -3.06385254 0.8263849
v -1.96565413 -3.04486894 0.80870193
v -1.91477763 -3.1533904 0.78347718
v -1.92347741 -3.09657526 0.86751365
v -1.96833705 -3.01241135 0.90942472
v -1.94406724 -3.08091163 0.8462224
v -1.98740601 -2.94810009 0.97331523
v -1.89163172 -3.20567107 0.70737624
v -1.8400973 -3.28064346 0.67411309
v -1.86313724 -3.23518228 0.74635243
v -1.88000154 -3.2225039 0.72501975
v -1.80434751 -3.30215096 0.7163794
v -1.81191659 -3.24892497 0.79385244
v -1.87138855 -3.17680907 0.82903558
v -1.8405931 -3.2437644 0.76994717
v -1.8956443 -3.11047911 0.88925838
v -1.7795161 -3.34315109 0.64438617
v -1.70996201 -3.39991807 0.61115825
v -1.73863625 -3.35682821 0.68898606
v -1.76171195 -3.35202288 0.66557455
v -1.66488468 -3.40795421 0.65657132
v -1.67252898 -3.35679554 0.73534804
v -1.74542081 -3.30859756 0.76314115
v -1.70923638 -3.35845732 0.71233624
v -1.77622962 -3.2509377 0.81739616
v -1.6398704 -3.45340967 0.57727062
v -1.57768583 -3.50311064 0.54916501
v -1.59065914 -3.45708513 0.62272787
v -1.61819601 -3.45688724 0.59964555
v -1.52148544 -3.50264549 0.59583789
v -1.51002025 -3.44661116 0.67167294
v -1.59250807 -3.40190386 0.70403271
v -1.55497694 -3.45392417 0.64666968
v -1.62683379 -3.35061073 0.75953203
v -1.52073812 -3.55253648 0.52577614
v -1.46670627 -3.6023364 0.50770026
v -1.45507037 -3.54712057 0.575226
v -1.49206149 -3.55168771 0.5496906
v -1.38934505 -3.59137702 0.56009012
v -1.35534739 -3.52563524 0.62717223
v -1.43135428 -3.48677492 0.64689481
v -1.40902578 -3.53831553 0.60170036
v -1.45649838 -3.43558287 0.69587016
v -1.41238474 -3.65372467 0.49446326
v -1.35462093 -3.70923543 0.48324701
v -1.32272589 -3.6376872 0.54742151
v -1.37151479 -3.64760446 0.52119815
v -1.25531816 -3.68794488 0.53333532
v -1.20938253 -3.60800552 0.59154319
v -1.28156793 -3.56542539 0.60975074
v -1.26810872 -3.62440872 0.57117927
v -1.29569268 -3.50948238 0.65031212
v -1.29409527 -3.7659769 0.47289708
v -1.23181355 -3.82195258 0.46169552
v -1.18796443 -3.73899054 0.51741921
v -1.24334621 -3.75409388 0.49683499
v -1.12013781 -3.78951358 0.49931335
v -1.07110893 -3.70388436 0.54499054
v -1.13950789 -3.6546719 0.56989842
v -1.12982082 -3.72178697 0.53366035
v -1.14941382 -3.58986806 0.60743635
v -1.16720736 -3.87628412 0.44866505
v -1.09967601 -3.92833113 0.43344217
v -1.05222964 -3.83960032 0.47848326
v -1.11030244 -3.85853743 0.46603408
v -0.98397266 -3.88826847 0.45546883
v -0.93123209 -3.79790473 0.49083274
v -1.00216949 -3.75235891 0.51833808
v -0.99335956 -3.81979346 0.48640081
v -1.01078844 -3.68504738 0.55214691
v -1.03049707 -3.97838401 0.41548728
v -0.96041995 -4.02640962 0.39492285
v -0.91519182 -3.93447995 0.43107268
v -0.97331374 -3.95737409 0.4251343
v -0.84527814 -3.97863531 0.40548959
v -0.78607797 -3.87586402 0.43617996
v -0.85790962 -3.83899307 0.46313831
v -0.85253965 -3.90695476 0.43469137
v -0.86408233 -3.77367663 0.49222564
v -0.88955199 -4.0718379 0.37229266
v -0.81617552 -4.11275625 0.34842845
v -0.771694 -4.02290058 0.37784728
v -0.83284163 -4.04827499 0.37651592
v -0.70677614 -4.06881713 0.34964039
v -0.6695913 -3.97143125 0.37791997
v -0.72271716 -3.91823482 0.40817886
v -0.71884584 -4.00067186 0.37707427
v -0.72112965 -3.84486627 0.43557384
v -0.73912984 -4.14495086 0.3249914
v -0.6742261 -4.17546463 0.30175837
v -0.65120387 -4.10960006 0.3233529
v -0.69136643 -4.12140035 0.32664918
v -0.51172292 -4.12804365 0.28717747
v -0.45295143 -4.04871749 0.30366063
v -0.53301048 -4.01038217 0.33407944
v -0.5203917 -4.07376384 0.30859714
v -0.56382209 -3.9313085 0.36930978
v -0.60477852 -4.20871114 0.27497702
v -0.4491845 -4.1700735 0.26007509
v -0.49961313 -4.18386268 0.26414468
v -0.40097165 -4.22435951 0.23314648
v -0.35088652 -4.15810585 0.25060603
v -0.40789711 -4.09783935 0.27888235
v -0.40420338 -4.16215229 0.25597032
v -0.41002562 -4.03388118 0.30119097
v -0.40754538 -4.34226989 0.18753916
v -0.34902358 -4.28350353 0.20509256
v -0.40154561 -4.28347683 0.21075433
v -0.29804557 -4.34880685 0.17512865
v -0.23675489 -4.28366899 0.19692565
v -0.29126384 -4.22118616 0.22290325
v -0.29307746 -4.28349494 0.20039084
v -0.2918958 -4.15456056 0.24576975
v -0.24542281 -4.42165088 0.14145594
v -0.18856167 -4.49212741 0.10684365
v -0.18112509 -4.35488843 0.16748507
v -0.1841672 -4.42677307 0.13734594
v -0.1792991 -4.28498745 0.19429744
v -0.36364525 -4.40891552 0.15422609
v -0.31466525 -4.47896051 0.11778923
v -0.30536642 -4.41576767 0.14704048
v -0.3902103 -4.52774143 0.09644305
v -0.33755138 -4.59413719 0.05382168
v -0.26064151 -4.54819107 0.07892711
v -0.32598692 -4.53941822 0.08637839
v -0.43420884 -4.45809173 0.13699379
v -0.41872429 -4.40090704 0.16297459
v -0.51261359 -4.49496889 0.12511815
v -0.47216665 -4.56454181 0.0798439
v -0.45264592 -4.51315355 0.10923355
v -0.56157743 -4.58771324 0.06996797
v -0.509575 -4.65211629 0.0175456
v -0.4205687 -4.62947034 0.03252189
v -0.49143314 -4.61121082 0.04903738
v -0.62725782 -4.43869495 0.17016863
v -0.60124754 -4.51569366 0.12163111
v -0.57094854 -4.47129631 0.14501449
v -0.6956135 -4.51887035 0.12682989
v -0.65809619 -4.59446144 0.06916859
v -0.63059389 -4.55735588 0.09602197
v -0.75649392 -4.58429527 0.07685388
v -0.70516192 -4.65108633 0.01622546
v -0.60502338 -4.6597557 0.01171881
v -0.68318575 -4.62577533 0.04227167
v -0.71436554 -4.43500566 0.18147587
v -0.80037909 -4.42032003 0.19492019
v -0.78857499 -4.50728416 0.13708363
v -0.75249517 -4.472929 0.16031616
v -0.8766393 -4.48204183 0.14979618
v -0.84844559 -4.55991745 0.08910954
v -0.82082414 -4.53637504 0.11303994
v -0.93312454 -4.52193164 0.10407795
v -0.88689613 -4.59282398 0.04377297
v -0.80048221 -4.62798309 0.0282091
v -0.87038731 -4.57838678 0.06601978
v -0.88464957 -4.39357996 0.20947694
v -0.96804028 -4.35312128 0.22514043
v -0.96114075 -4.44171047 0.16482359
v -0.92556321 -4.42069912 0.18723057
v -1.04069578 -4.38765049 0.18139562
v -1.01291024 -4.47016382 0.12092305
v -0.99014341 -4.45777511 0.14270763
v -1.08628666 -4.40914154 0.13667422
v -1.0445435 -4.48615264 0.07790708
v -0.96796011 -4.54535245 0.06090949
v -1.03048992 -4.47984647 0.0991989
v -1.04798328 -4.30002403 0.24175706
v -1.11993646 -4.24073791 0.25720542
v -1.11297988 -4.32537841 0.19717514
v -1.08410584 -4.31399107 0.21992608
v -1.17954385 -4.25871133 0.21023729
v -1.15492379 -4.3406744 0.14999592
v -1.13614964 -4.33441352 0.17372743
v -1.21822583 -4.26792144 0.16075216
v -1.18051481 -4.34273386 0.10662589
v -1.11566233 -4.41766834 0.09301599
v -1.16966342 -4.34366416 0.12702238
v -1.18509662 -4.17875242 0.26980781
v -1.24532723 -4.11452007 0.27911701
v -1.24070394 -4.18996 0.21989339
v -1.21571803 -4.18527603 0.24538677
v -1.2943809 -4.12075853 0.22714756
v -1.27398443 -4.19407081 0.16959101
v -1.25990784 -4.19323492 0.19413021
v -1.32171726 -4.11917209 0.17754937
v -1.29101467 -4.1843605 0.12830258
v -1.23950171 -4.26399469 0.11871007
v -1.28410232 -4.1910305 0.14778152
v -1.29948449 -4.04839801 0.28628891
v -1.34682405 -3.98083066 0.292802
v -1.3407222 -4.05014371 0.23352094
v -1.32288324 -4.04997634 0.26003262
v -1.38005876 -3.97795724 0.24072673
v -1.36133587 -4.04301738 0.18611432
v -1.35330963 -4.04793453 0.20863263
v -1.39418613 -3.96540474 0.19569006
v -1.36603808 -4.02603721 0.14188639
v -1.33278894 -4.10574817 0.13560113
v -1.36554896 -4.03570175 0.16446048
v -1.38818526 -3.91229105 0.29936653
v -1.42454922 -3.84281301 0.30759733
v -1.41351068 -3.90443396 0.25011077
v -1.40333437 -3.90967822 0.27360835
v -1.44287657 -3.83008933 0.2618407
v -1.42198967 -3.88652586 0.20597919
v -1.41960632 -3.89659786 0.22824049
v -1.44600689 -3.80706667 0.21658742
v -1.41386246 -3.8576157 0.1529096
v -1.3925836 -3.94363188 0.14787408
v -1.42041957 -3.87381982 0.18161049
v -1.45721495 -3.77283263 0.31913745
v -1.48796224 -3.70326328 0.33475226
v -1.46968722 -3.75580191 0.27583098
v -1.4652152 -3.76567435 0.297102
v -1.49549806 -3.6818335 0.29251262
v -1.46733105 -3.72722578 0.22795385
v -1.47059321 -3.74321436 0.25333246
v -1.48730814 -3.64637589 0.2413235
v -1.44174814 -3.67973399 0.15869142
v -1.42984354 -3.76941919 0.15576677
v -1.45852863 -3.70646333 0.19742497
v -1.51886832 -3.63484907 0.35453015
v -1.55158257 -3.56878256 0.3776853
v -1.52195966 -3.60807204 0.31253173
v -1.52214241 -3.62308931 0.33431744
v -1.55006396 -3.53545522 0.33577197
v -1.50741279 -3.56439542 0.25850743
v -1.51754331 -3.58889007 0.28785297
v -1.52840769 -3.48186445 0.28045445
v -1.46187615 -3.49336838 0.17849817
v -1.45178377 -3.58697319 0.16514033
v -1.48891019 -3.53271269 0.22139364
v -1.58789658 -3.50436711 0.40423098
v -1.62900066 -3.44031024 0.43460831
v -1.58047652 -3.46437883 0.36236128
v -1.58632111 -3.48659706 0.38427162
v -1.61348962 -3.39301967 0.39241331
v -1.55040705 -3.3993566 0.30709523
v -1.56908321 -3.43583035 0.33708822
v -1.5734241 -3.3170681 0.33861905
v -1.49506413 -3.31114268 0.24299226
v -1.47618889 -3.40111732 0.20482215
v -1.52505254 -3.35674285 0.27462279
v -1.67382812 -3.37617111 0.46746265
v -1.72130489 -3.30792093 0.50205427
v -1.6460874 -3.31983542 0.42301017
v -1.66297292 -3.35191154 0.44656297
v -1.67509627 -3.24311757 0.45255589
v -1.59519958 -3.23541021 0.37240684
v -1.62300753 -3.28020811 0.39753174
v -1.61280751 -3.14849472 0.40618464
v -1.52771031 -3.13090252 0.32687294
v -1.51405131 -3.22193861 0.28599977
v -1.56318306 -3.18519568 0.34858611
v -1.77438902 -3.22596287 0.54409313
v -1.81961584 -3.13343691 0.58729547
v -1.70051384 -3.15826559 0.48351237
v -1.74134373 -3.19660854 0.5149492
v -1.73261261 -3.05131292 0.52797341
v -1.62436389 -3.05346632 0.43879082
v -1.66211485 -3.10860633 0.45888143
v -1.63233768 -2.94623637 0.47320866
v -1.54179072 -2.93895149 0.40215086
v -1.5369184 -3.03779602 0.36542874
v -1.58420646 -2.9968009 0.41986659
v -1.84169936 -3.03153276 0.62122398
v -1.84709537 -2.90554642 0.65374034
v -1.7611072 -2.91545248 0.58065956
v -1.80728364 -2.97684764 0.60320699
v -1.75239276 -2.77317214 0.6139208
v -1.65206182 -2.78619694 0.53464502
v -1.70741927 -2.85227274 0.55614781
v -1.83554422 -2.7657516 0.68476402
v -1.81152904 -2.65376853 0.71084952
v -1.72998118 -2.66246628 0.63910329
v -1.7835015 -2.70784926 0.66209131
v -1.70595896 -2.57641935 0.67270255
v -1.62182617 -2.59243416 0.59909403
v -1.64249968 -2.67096805 0.56994074
v -1.67575442 -2.6251893 0.61758536
v -1.54717254 -2.6823318 0.49739304
v -1.54443764 -2.81646752 0.44493028
v -1.59965586 -2.72913599 0.51599174
v -1.53225791 -2.60241317 0.52971875
v -1.43761801 -2.60246276 0.46324649
v -1.45183372 -2.68832349 0.42680507
v -1.49291181 -2.64153814 0.47894156
v -1.35665893 -2.67484903 0.3631441
v -1.36560833 -2.79357433 0.31352561
v -1.45364522 -2.81533479 0.37511426
v -1.40762162 -2.746706 0.36788409
v -1.4532206 -2.92255473 0.33236211
v -1.49788022 -2.8786149 0.38674539
v -1.27345919 -2.74721431 0.25898069
v -1.28323638 -2.85731601 0.20920249
v -1.3730297 -2.89642906 0.27212405
v -1.32720351 -2.82653641 0.26497796
v -1.36712932 -2.99879694 0.21725302
v -1.45213937 -3.01741051 0.29282885
v -1.41306972 -2.95855093 0.28066524
v -1.44245767 -3.11393141 0.24367046
v -1.49053144 -3.07495713 0.3082368
v -1.27022111 -2.9878509 0.12776832
v -1.24825644 -3.09523344 0.05216328
v -1.34349656 -3.10508966 0.14295582
v -1.30628991 -3.0502839 0.13120321
v -1.32752859 -3.20343399 0.0838053
v -1.42307305 -3.21188378 0.18534945
v -1.38362646 -3.15934276 0.16180595
v -1.23397719 -3.19120836 -0.00429158
v -1.31909012 -3.30019784 0.04014957
v -1.2766062 -3.24704456 0.01505851
v -1.3158319 -3.40270018 0.00875812
v -1.39715564 -3.40264582 0.10202914
v -1.40739059 -3.30667495 0.13704612
v -1.35998988 -3.35256195 0.06965579
v -1.4609071 -3.26287937 0.21299642
v -1.23150348 -3.52785134 -0.10083964
v -1.31622171 -3.50941348 -0.01039589
v -1.27330112 -3.45871162 -0.04728121
v -1.3161534 -3.62526702 -0.02221399
v -1.38636541 -3.60430216 0.0682168
v -1.39090633 -3.49985694 0.08006842
v -1.3533566 -3.55804681 0.02754815
v -1.4306333 -3.44921207 0.13774037
v -1.23884069 -3.65340232 -0.10918393
v -1.24504482 -3.77379965 -0.10617907
v -1.31587958 -3.74041295 -0.02461781
v -1.27985644 -3.6982789 -0.06766641
v -1.31290257 -3.85097289 -0.01876485
v -1.37615108 -3.8106122 0.06830111
v -1.38194847 -3.7087593 0.06471139
v -1.34735584 -3.7780416 0.02002593
v -1.41648829 -3.64549684 0.11313011
v -1.24782788 -3.88509345 -0.09282134
v -1.24614179 -3.98430061 -0.07111315
v -1.3076508 -3.95274925 -0.00365282
v -1.27983391 -3.92085218 -0.04849819
v -1.29915404 -4.04206848 0.01719157
v -1.3512429 -3.99903535 0.08371038
v -1.3661971 -3.90929412 0.07560385
v -1.3322047 -3.97942733 0.04198245
v -1.39949154 -3.8369224 0.11514494
v -1.23917746 -4.0740652 -0.04435247
v -1.22347283 -4.16221714 -0.01737886
v -1.28197264 -4.1260395 0.03639606
v -1.26391077 -4.10134983 -0.00184693
v -1.2485671 -4.21419 0.04673009
v -1.29565596 -4.162364 0.08992075
v -1.32906198 -4.08110141 0.08948419
v -1.2921288 -4.146636 0.06696076
v -1.36207521 -4.01386356 0.11642406
v -1.1828376 -4.26888132 -0.00148744
v -1.13110828 -4.36475372 -0.00312328
v -1.19830787 -4.30406856 0.0431968
v -1.1940813 -4.28859043 0.02430481
v -1.13808941 -4.39270544 0.02952648
v -1.19395566 -4.32951974 0.07364624
v -1.2503736 -4.24464464 0.08488182
v -1.19754803 -4.31802272 0.05884952
v -1.2949568 -4.17474651 0.10956081
v -1.0706495 -4.45308113 -0.01853291
v -1.00379383 -4.5323944 -0.04177717
v -1.07338225 -4.47437906 0.00933628
v -1.07344806 -4.46519279 -0.00413273
v -1.00429737 -4.5467863 -0.01312756
v -1.0656383 -4.48564434 0.03981237
v -1.13196992 -4.41103553 0.05769757
v -1.07105767 -4.48104047 0.02369046
v -1.18837428 -4.33783817 0.08914876
v -0.93247431 -4.59965038 -0.06625685
v -0.85230404 -4.65780162 -0.08946782
v -0.92672884 -4.61085128 -0.03511932
v -0.93136477 -4.60620164 -0.05142141
v -0.84124362 -4.66376304 -0.0552042
v -0.91020333 -4.61004209 0.00219255
v -0.99094092 -4.5535593 0.02095667
v -0.91936993 -4.61241054 -0.01701686
v -1.05660188 -4.48773241 0.05801964
v -0.76290106 -4.70634365 -0.10997036
v -0.6709584 -4.74284267 -0.12625829
v -0.75162017 -4.70414018 -0.07309557
v -0.75749999 -4.70729637 -0.0922176
v -0.6593669 -4.73320102 -0.08759616
v -0.73531574 -4.68632125 -0.03174544
v -0.82508677 -4.65399456 -0.01582124
v -0.74442589 -4.69720554 -0.05306251
v -0.89947342 -4.60353469 0.02244233
v -0.57970464 -4.76804685 -0.13751775
v -0.48981311 -4.78294563 -0.14251449
v -0.56544327 -4.7512536 -0.09580266
v -0.57361418 -4.76166725 -0.11757001
v -0.47198355 -4.75694513 -0.09408805
v -0.54114532 -4.71413803 -0.04326406
v -0.63905912 -4.70727014 -0.04248014
v -0.55452984 -4.73576211 -0.07113055
v -0.72266221 -4.67109203 -0.00861659
v -0.40184706 -4.78743219 -0.13920524
v -0.31377533 -4.78113412 -0.1255624
v -0.38094154 -4.74989604 -0.08160421
v -0.39220744 -4.77164125 -0.11187446
v -0.29439678 -4.73201274 -0.06103809
v -0.36043232 -4.68619108 -0.01504816
v -0.44777637 -4.70675945 -0.03356935
v -0.3704864 -4.72173118 -0.04923041
v -0.52608376 -4.68638801 -0.01347426
v -0.22659914 -4.76528739 -0.10298636
v -0.14560942 -4.74246025 -0.07533127
v -0.21386176 -4.70384788 -0.03391478
v -0.21941122 -4.73854255 -0.0695658
v -0.13826166 -4.66449546 -0.000862
v -0.20162825 -4.61006689 0.03969491
v -0.27848303 -4.65313625 0.01046127
v -0.20817834 -4.65996885 0.00368096
v -0.34936237 -4.6432352 0.01986123
v -0.07072085 -4.71111583 -0.04222786
v -0.00030402 -4.66879177 -0.00345258
v -0.06690205 -4.61634492 0.03467244
v -0.06900569 -4.66732883 -0.00327004
v 0.000246 -4.56067562 0.07090468
v -0.12921553 -4.55797004 0.07103558
v -0.06417682 -4.55987596 0.07013209
v -0.19484317 -4.55425548 0.07388988
v -0.07478639 -4.77058315 -0.11301818
v -0.00039983 -4.74591255 -0.07914005
v -0.072656 -4.74467945 -0.07849478
v -0.15573863 -4.79026985 -0.14401464
v -0.07844166 -4.80978107 -0.18476764
v 0.00063537 -4.79358959 -0.1505652
v -0.07704354 -4.79230022 -0.14898322
v -0.16093352 -4.81828975 -0.20618683
v -0.08036156 -4.82551765 -0.2340634
v 0.00116304 -4.82141351 -0.21487133
v -0.07935173 -4.8203063 -0.21280804
v -0.16382774 -4.82559394 -0.24602182
v -0.08282692 -4.82600879 -0.26905375
v 0.00046702 -4.82812547 -0.25427117
v -0.08160807 -4.82725286 -0.25226146
v -0.16695088 -4.82012176 -0.27886155
v -0.08393658 -4.81440591 -0.30035379
v -0.00058996 -4.82255029 -0.28705519
v -0.08374643 -4.82179975 -0.28495356
v -0.16633057 -4.80159902 -0.30919042
v -0.08187638 -4.78813219 -0.33039417
v -0.00056682 -4.80400991 -0.31774658
v -0.08329135 -4.80336189 -0.31549918
v -0.16079694 -4.76618194 -0.33873507
v -0.07835724 -4.74069547 -0.36038351
v 0.00023855 -4.76851558 -0.34741157
v -0.07995481 -4.76794338 -0.34514361
v -0.15586885 -4.70101642 -0.37079548
v -0.07656694 -4.65528631 -0.3937872
v 0.00021613 -4.70472335 -0.37860217
v -0.07728406 -4.70380544 -0.37660795
v -0.15392696 -4.59245681 -0.40573445
v -0.07420644 -4.52724266 -0.42680051
v 0.00004428 -4.59666442 -0.4127168
v -0.07568877 -4.59580421 -0.41091835
v -0.14544598 -4.45530414 -0.43483722
v -0.06802152 -4.38306522 -0.44893577
v 0.00024807 -4.45418453 -0.44155857
v -0.07140305 -4.45432853 -0.43989485
v -0.13398757 -4.31814527 -0.44967421
v 0.00006599 -4.31551742 -0.45524883
v -0.06528499 -4.31639957 -0.45386809
v -0.22794058 -4.52255535 -0.41338411
v -0.29617676 -4.45345592 -0.41573554
v -0.21334892 -4.38719463 -0.43647754
v -0.22117058 -4.45532894 -0.42667239
v -0.28284931 -4.31656408 -0.43278718
v -0.20770025 -4.23468923 -0.4456458
v -0.20770837 -4.31895875 -0.44253736
v -0.28110975 -4.11973094 -0.44064667
v -0.20697501 -4.03246784 -0.45116478
v -0.21025116 -4.11418151 -0.44795054
v -0.36013746 -4.3835535 -0.41322961
v -0.41706746 -4.3085227 -0.40725666
v -0.34853225 -4.22553539 -0.42652535
v -0.35276049 -4.31233406 -0.42107814
v -0.40492314 -4.12825107 -0.42024639
v -0.34361359 -4.05051517 -0.43668142
v -0.34556135 -4.12534236 -0.43145546
v -0.46545454 -4.217597 -0.39994221
v -0.51667749 -4.12359905 -0.39054796
v -0.46185717 -4.0610733 -0.41305169
v -0.46102985 -4.12770366 -0.40678215
v -0.52167874 -4.01399898 -0.40591606
v -0.4742237 -3.95238494 -0.43245586
v -0.40756782 -4.00021839 -0.4334791
v -0.46578329 -4.00686121 -0.42105326
v -0.35011214 -3.94178271 -0.45243382
v -0.27633997 -3.9866116 -0.45085972
v -0.34473431 -3.99363684 -0.44335967
v -0.44375711 -3.83664131 -0.46841728
v -0.39286786 -3.73210406 -0.49796545
v -0.29673603 -3.83493614 -0.48121839
v -0.37288105 -3.83704137 -0.47537595
v -0.22677266 -3.72351622 -0.50938826
v -0.14036196 -3.82567143 -0.48994556
v -0.20564124 -3.93731236 -0.46262121
v -0.21767681 -3.83018779 -0.48619231
v -0.20467874 -3.97933101 -0.45607221
v -0.3194648 -3.67163538 -0.5123834
v -0.2420392 -3.62032985 -0.51992827
v -0.1507404 -3.67129063 -0.52066731
v -0.23371446 -3.67062163 -0.51694786
v -0.07511211 -3.62375354 -0.52659928
v -0.00006368 -3.67219638 -0.52457934
v -0.07058007 -3.72178673 -0.51590067
v -0.07259129 -3.67201113 -0.52350997
v -0.00003215 -3.82169389 -0.49317872
v -0.06743624 -3.82301306 -0.49228891
v -0.1636652 -3.57217764 -0.52221316
v -0.07837741 -3.51379728 -0.51875358
v -0.0000309 -3.57344579 -0.5261994
v -0.07793788 -3.5735619 -0.52512884
v -0.17038245 -3.4501338 -0.50571161
v -0.06504838 -3.36955475 -0.49303215
v 0.00010848 -3.43843245 -0.50757515
v -0.07257667 -3.44245243 -0.50733482
v -0.18032702 -3.28988409 -0.47164636
v -0.06158222 -3.20116066 -0.45407235
v 0.00042855 -3.29315495 -0.47668105
v -0.06112559 -3.29438686 -0.47626647
v -0.17577134 -3.11642384 -0.4308871
v -0.06281393 -3.05646872 -0.41718244
v 0.00027838 -3.1149559 -0.43322229
v -0.06404621 -3.11358213 -0.43238115
v -0.16508653 -2.99213242 -0.39849811
v -0.05346379 -2.91095447 -0.37157279
v -0.0000031 -2.99616241 -0.39925018
v -0.06083692 -2.99619579 -0.39932656
v -0.18376383 -2.83283639 -0.35381135
v -0.03594078 -2.76355528 -0.32050877
v -0.00001111 -2.82427144 -0.34060418
v -0.04189831 -2.82694459 -0.34261179
v -0.14900828 -2.7005124 -0.31553423
v -0.02652075 -2.64400696 -0.28085809
v 0.00001459 -2.70273995 -0.29813113
v -0.03133299 -2.7046051 -0.30049991
v -0.12675103 -2.55957078 -0.27497512
v -0.02734009 -2.51309776 -0.23925839
v 0.00001412 -2.57730627 -0.25715053
v -0.02525562 -2.57719707 -0.26007998
v -0.12118306 -2.43611335 -0.23610971
v -0.03869414 -2.38994574 -0.19959199
v 0.00003431 -2.45924139 -0.21644105
v -0.02907911 -2.45141267 -0.2175078
v -0.10233569 -2.33357167 -0.19947573
v -0.05311192 -2.29579901 -0.19153527
v 0.00006498 -2.35434484 -0.1899421
v -0.04672593 -2.34796285 -0.19207498
v -0.11098096 -2.17395639 -0.19128972
v -0.03782199 -2.07412529 -0.20377758
v -0.00005632 -2.15315651 -0.19863946
v -0.04488575 -2.15833401 -0.19684884
v -0.0736448 -1.99770164 -0.21218854
v -0.03545157 -1.94368505 -0.23104886
v -0.0001963 -2.0009222 -0.21641881
v -0.03404028 -1.99822485 -0.21579323
v -0.07102359 -1.88393354 -0.24686577
v -0.03635294 -1.82757437 -0.279464
v -0.00027566 -1.88836991 -0.25599408
v -0.0357774 -1.88651442 -0.2540743
v -0.06969763 -1.76808452 -0.2945629
v -0.0364888 -1.71870231 -0.31735399
v -0.00023852 -1.77299916 -0.30321478
v -0.03678445 -1.77213239 -0.3007673
v -0.06947913 -1.66560149 -0.32373735
v -0.03498903 -1.60840487 -0.34108197
v -0.00011757 -1.66606652 -0.33194899
v -0.0356022 -1.66640198 -0.32976687
v -0.06696382 -1.57021153 -0.34630173
v -0.03158083 -1.55953621 -0.35542386
v -0.00002894 -1.56632399 -0.35199075
v -0.03464014 -1.567155 -0.35059315
v -0.06466227 -1.5559262 -0.3695302
v -0.03492269 -1.54697573 -0.40319138
v -0.00001272 -1.55332994 -0.36850434
v -0.03160418 -1.55417084 -0.36891612
v -0.07550826 -1.53504264 -0.47099971
v -0.03743777 -1.52578103 -0.57575231
v 0.00007913 -1.53655386 -0.48095187
v -0.03881537 -1.53634882 -0.47717887
v -0.07753223 -1.51250922 -0.64833664
v -0.03910778 -1.50633001 -0.71389091
v 0.00016018 -1.51807785 -0.65783476
v -0.03760549 -1.51656985 -0.65614467
v -0.08159366 -1.4838469 -0.76889127
v -0.0461049 -1.46528065 -0.83475297
v 0.00009558 -1.49229276 -0.77308362
v -0.0417962 -1.4897331 -0.77322495
v -0.09084322 -1.43922376 -0.86340534
v -0.04916409 -1.42182755 -0.89097899
v 0.00002982 -1.44603371 -0.87232011
v -0.04758185 -1.44453907 -0.86999565
v -0.09107337 -1.38258028 -0.90151888
v 0.00001761 -1.37917375 -0.91443061
v -0.04864283 -1.38096666 -0.9108864
v -0.12360745 -1.45028519 -0.81861174
v -0.16676206 -1.41290402 -0.83279317
v -0.13028389 -1.40829563 -0.87128251
v -0.12850594 -1.42909669 -0.85232186
v -0.16081944 -1.36941731 -0.86644721
v -0.12679263 -1.37966883 -0.88702356
v -0.22251783 -1.41611754 -0.75425237
v -0.2598631 -1.36988031 -0.7653042
v -0.20604744 -1.37125682 -0.82294541
v -0.21496769 -1.39133524 -0.79776668
v -0.2356497 -1.31706416 -0.81604963
v -0.18676076 -1.30804312 -0.85458564
v -0.1984598 -1.34619617 -0.83959686
v -0.29019975 -1.31104064 -0.77053165
v -0.25038763 -1.2450093 -0.81949198
v -0.2765665 -1.28014874 -0.79433298
v -0.18352223 -1.22993397 -0.86050748
v -0.21231901 -1.19422364 -0.84978306
v -0.1446475 -1.2258563 -0.88012576
v -0.16650492 -1.25835597 -0.87000483
v -0.30286854 -1.37073361 -0.70432382
v -0.29926297 -1.34373223 -0.73908448
v -0.25769966 -1.42029023 -0.68987041
v -0.28491273 -1.41924381 -0.62239396
v -0.33551579 -1.36939227 -0.64113843
v -0.29816287 -1.39520704 -0.66723567
v -0.17046663 -1.46239423 -0.72767543
v -0.20245188 -1.46530628 -0.66109991
v -0.21621865 -1.44306826 -0.70842886
v -0.15317723 -1.49807167 -0.6122834
v -0.175711 -1.50601625 -0.51206529
v -0.22074946 -1.47220945 -0.57282
v -0.1875728 -1.48718249 -0.5915476
v -0.11869934 -1.49407315 -0.69333946
v -0.12129204 -1.47582089 -0.75391197
v -0.11316546 -1.51956367 -0.54658281
v -0.11545422 -1.50661683 -0.63280057
v -0.19357964 -1.51406061 -0.43248635
v -0.21691641 -1.52135276 -0.36494681
v -0.2574971 -1.48534107 -0.38575899
v -0.23459783 -1.48254549 -0.4676516
v -0.22355294 -1.50224411 -0.41146788
v -0.30054095 -1.42439329 -0.53087633
v -0.25991565 -1.4499818 -0.55414444
v -0.13892845 -1.5278629 -0.45748096
v -0.16035796 -1.5375477 -0.39750397
v -0.16695538 -1.52187907 -0.44720161
v -0.12700912 -1.55681848 -0.36492076
v -0.15237087 -1.56848311 -0.33153432
v -0.18349754 -1.54871082 -0.34471857
v -0.15536521 -1.55408597 -0.35737016
v -0.10272759 -1.54458761 -0.40841472
v -0.10869252 -1.53218865 -0.46499091
v -0.09377876 -1.56754875 -0.34724605
v -0.09681715 -1.55722785 -0.36866831
v -0.18176046 -1.57697534 -0.30299574
v -0.22232952 -1.5917263 -0.26406091
v -0.24735614 -1.55936908 -0.26209482
v -0.21255031 -1.55486416 -0.3011986
v -0.2138426 -1.57018661 -0.28373
v -0.24711233 -1.52474236 -0.30279892
v -0.21407882 -1.53945672 -0.32581132
v -0.12487588 -1.57906806 -0.3297488
v -0.1565952 -1.59707391 -0.30637258
v -0.15260455 -1.5799601 -0.31798976
v -0.12983286 -1.6519736 -0.30408775
v -0.1693003 -1.69923353 -0.26622614
v -0.20155564 -1.63569092 -0.26340591
v -0.15949775 -1.64042639 -0.29018208
v -0.10034385 -1.6036992 -0.32889062
v -0.09668371 -1.5750544 -0.33922207
v -0.10044237 -1.71108102 -0.30168947
v -0.10070045 -1.6611278 -0.31491696
v -0.23124702 -1.76269257 -0.20857209
v -0.27036702 -1.79170191 -0.18732987
v -0.29988572 -1.73595976 -0.18057492
v -0.25775927 -1.69796323 -0.20815374
v -0.26538583 -1.74865758 -0.19425952
v -0.27507817 -1.63093125 -0.21249975
v -0.24131752 -1.6361196 -0.23481518
v -0.13587389 -1.75754964 -0.26762431
v -0.19617296 -1.82042443 -0.21197232
v -0.19387948 -1.77280366 -0.22789447
v -0.1561795 -1.87194943 -0.21639788
v -0.20887248 -1.9375087 -0.19485533
v -0.24022537 -1.85588634 -0.19243021
v -0.19086234 -1.85452818 -0.20730255
v -0.10432798 -1.82078814 -0.2601732
v -0.09972254 -1.76054322 -0.28564405
v -0.11320524 -1.92583549 -0.21826487
v -0.11484026 -1.88310241 -0.23074078
v -0.27573812 -2.03998279 -0.17383536
v -0.30796861 -2.09594965 -0.16153129
v -0.34512957 -2.01060867 -0.14716301
v -0.31130284 -1.95244407 -0.16505956
v -0.31124854 -2.02394199 -0.16234073
v -0.33776012 -1.87413275 -0.15827298
v -0.29874721 -1.87433171 -0.17286631
v -0.17942675 -2.03127145 -0.19351758
v -0.23970426 -2.11773586 -0.18159829
v -0.23630417 -2.04851818 -0.18303024
v -0.20014679 -2.18332862 -0.18786996
v -0.23893888 -2.24455142 -0.19031399
v -0.27157825 -2.17172956 -0.17602893
v -0.23983261 -2.17928791 -0.18399785
v -0.14355787 -2.11646556 -0.19013106
v -0.12399241 -2.0139482 -0.20302608
v -0.15897546 -2.26328039 -0.19677802
v -0.15167212 -2.17747044 -0.18898387
v -0.28342646 -2.30917811 -0.18400296
v -0.33480823 -2.35103583 -0.1702048
v -0.36523842 -2.30954074 -0.13697455
v -0.31302696 -2.24109578 -0.16104672
v -0.3251307 -2.31229496 -0.16340667
v -0.34810644 -2.16468715 -0.13748422
v -0.30683416 -2.16558265 -0.16135728
v -0.20315456 -2.31519031 -0.20723618
v -0.25137481 -2.35587334 -0.20760673
v -0.24124482 -2.30750036 -0.19885551
v -0.20707367 -2.40592718 -0.23446449
v -0.29789379 -2.47838568 -0.25759959
v -0.31140372 -2.39581966 -0.20932912
v -0.26289191 -2.39858722 -0.22350229
v -0.16567505 -2.37116432 -0.22227475
v -0.16098626 -2.32364797 -0.20761573
v -0.16691988 -2.47986865 -0.25794917
v -0.16524805 -2.42111253 -0.23920187
v -0.36427152 -2.52358007 -0.26933944
v -0.435487 -2.56701803 -0.26926091
v -0.45795247 -2.49465942 -0.22526618
v -0.38507187 -2.45513916 -0.2271793
v -0.41097885 -2.50733184 -0.25032261
v -0.39008611 -2.3774786 -0.15951916
v -0.35149934 -2.38851952 -0.18897967
v -0.26028943 -2.560997 -0.28982502
v -0.32970717 -2.60744929 -0.30272388
v -0.31628486 -2.54364252 -0.28309178
v -0.28911596 -2.68986845 -0.32496812
v -0.36146941 -2.7543118 -0.33587771
v -0.40131777 -2.66039371 -0.30693453
v -0.34474843 -2.67823553 -0.31976032
v -0.21234566 -2.62969207 -0.3063091
v -0.18898093 -2.56129741 -0.28480082
v -0.24355748 -2.76538324 -0.34078368
v -0.22890096 -2.6964631 -0.32394483
v -0.43919676 -2.821105 -0.34033098
v -0.52551531 -2.88889312 -0.33839812
v -0.57030004 -2.78901028 -0.29457584
v -0.4823848 -2.72307181 -0.30391913
v -0.50421541 -2.80730009 -0.3211503
v -0.5167129 -2.61873054 -0.2593666
v -0.45930957 -2.63932871 -0.28653138
v -0.32086962 -2.83241128 -0.35688564
v -0.39658665 -2.90372824 -0.36821967
v -0.3789708 -2.829005 -0.35168901
v -0.35326126 -2.9797728 -0.39133784
v -0.42679709 -3.05232715 -0.40192967
v -0.47607263 -2.97556543 -0.37407904
v -0.41296172 -2.97887802 -0.38531783
v -0.27433854 -2.90343642 -0.3751797
v -0.2585833 -2.83258676 -0.35738313
v -0.29135686 -3.0544815 -0.41261544
v -0.28546729 -2.98023653 -0.39440888
v -0.50525134 -3.1229124 -0.40582016
v -0.59157276 -3.19478488 -0.40203431
v -0.6564511 -3.11652874 -0.36204946
v -0.56342798 -3.04614925 -0.37232697
v -0.57893848 -3.12109613 -0.38769528
v -0.61870193 -2.95766067 -0.32955411
v -0.54564964 -2.96867322 -0.35567849
v -0.37397304 -3.12547493 -0.42495581
v -0.44467517 -3.19630265 -0.43300801
v -0.43742135 -3.12423205 -0.41771614
v -0.37959605 -3.27323007 -0.45723021
v -0.44382318 -3.34943175 -0.46564042
v -0.51941573 -3.26974296 -0.43582987
v -0.4474641 -3.27078819 -0.44864952
v -0.311398 -3.19845604 -0.44566351
v -0.3022418 -3.12551856 -0.42922809
v -0.29373511 -3.36360836 -0.48275053
v -0.30887326 -3.27729749 -0.46331265
v -0.51074945 -3.43051695 -0.47039333
v -0.58115595 -3.51722645 -0.47002917
v -0.67875242 -3.4317255 -0.42559635
v -0.60039293 -3.34703779 -0.43254658
v -0.59378242 -3.43061041 -0.45104348
v -0.68093079 -3.26989984 -0.39121705
v -0.59926855 -3.26951313 -0.4165942
v -0.35824313 -3.43745827 -0.49313297
v -0.4224888 -3.50932836 -0.49875897
v -0.43365335 -3.43245816 -0.48378318
v -0.33609074 -3.56763601 -0.51354825
v -0.41014507 -3.62435865 -0.50898605
v -0.49329766 -3.57875204 -0.49674728
v -0.41572433 -3.57085657 -0.50678271
v -0.26135581 -3.51304054 -0.51213181
v -0.27413347 -3.44672346 -0.50054454
v -0.25152233 -3.56920647 -0.51836919
v -0.48149508 -3.68413734 -0.49706357
v -0.54468804 -3.74817323 -0.47764676
v -0.63116645 -3.71056079 -0.46832191
v -0.56521791 -3.64531803 -0.48627665
v -0.55775505 -3.69563269 -0.48451364
v -0.64957946 -3.60216784 -0.4627487
v -0.57142645 -3.58976268 -0.4822328
v -0.40273815 -3.6760447 -0.50610226
v -0.68698608 -3.7763977 -0.44413316
v -0.76897639 -3.75162792 -0.42537018
v -0.71348607 -3.67945981 -0.44733798
v -0.70179575 -3.72931003 -0.44846394
v -0.80340051 -3.6316452 -0.40894705
v -0.74727791 -3.52878332 -0.41798025
v -0.72740572 -3.61608624 -0.43816778
v -0.81299555 -3.82186675 -0.39834326
v -0.89072233 -3.80624508 -0.37062647
v -0.85115337 -3.724895 -0.39344638
v -0.83188414 -3.77708101 -0.39945137
v -0.94708621 -3.67226004 -0.33910262
v -0.87726759 -3.64986276 -0.37546563
v -0.92053502 -3.8858006 -0.34131458
v -0.99613529 -3.87394213 -0.3046042
v -0.97393339 -3.78047323 -0.32725444
v -0.94546783 -3.83893585 -0.33895942
v -1.06846272 -3.73208642 -0.26273804
v -1.01075172 -3.69968676 -0.30149707
v -1.01073277 -3.95847892 -0.27435243
v -1.08847677 -3.94450259 -0.22689487
v -1.08036899 -3.84722709 -0.25038206
v -1.04351115 -3.90945315 -0.26735705
v -1.1669799 -3.80817246 -0.18156367
v -1.1560688 -3.68775057 -0.19007635
v -1.12042236 -3.76874709 -0.222844
v -1.09276163 -4.03092098 -0.19477435
v -1.17158985 -4.01269483 -0.13695731
v -1.17155611 -3.9172132 -0.16365166
v -1.13118982 -3.97915101 -0.18324898
v -1.21000087 -3.84761548 -0.13754433
v -1.01394951 -4.04144144 -0.23995611
v -0.95677274 -4.18881321 -0.20521685
v -1.08558368 -4.12153339 -0.15907405
v -1.05128788 -4.0808053 -0.20066896
v -1.02464067 -4.27150487 -0.13335412
v -1.14315915 -4.20627975 -0.07299616
v -1.16760444 -4.09900188 -0.10469708
v -1.11681222 -4.16361236 -0.11573232
v -1.20806109 -4.04411506 -0.0901243
v -0.93579518 -4.28400659 -0.18252244
v -0.91629135 -4.37563753 -0.17223364
v -1.0017066 -4.36051178 -0.11741749
v -0.97023797 -4.32330942 -0.15023732
v -0.95230287 -4.46376276 -0.12279421
v -1.04730582 -4.4191823 -0.05990304
v -1.09081721 -4.32861995 -0.06004874
v -1.02738452 -4.39305687 -0.08695706
v -1.16487479 -4.24218559 -0.0347271
v -0.85673618 -4.48948955 -0.18485894
v -0.80885076 -4.56193065 -0.19434568
v -0.89476281 -4.54769802 -0.1382378
v -0.87684047 -4.52198362 -0.16109313
v -0.8356297 -4.6133337 -0.15338164
v -0.92193943 -4.5815792 -0.09768286
v -0.9858061 -4.50937795 -0.07672726
v -0.90979254 -4.56745243 -0.11704667
v -1.06266415 -4.43825531 -0.03632374
v -0.74719822 -4.62694358 -0.20674186
v -0.67362552 -4.68457603 -0.21980495
v -0.76312577 -4.6713128 -0.17123253
v -0.75660288 -4.65230846 -0.18793983
v -0.68098425 -4.71920442 -0.18902944
v -0.76859343 -4.69446182 -0.14142364
v -0.85022658 -4.64245319 -0.11992632
v -0.76709592 -4.68468999 -0.15616881
v -0.92938315 -4.59177732 -0.08119209
v -0.59068203 -4.73198652 -0.23294325
v -0.50387352 -4.76801443 -0.24450728
v -0.59212482 -4.75792312 -0.20451042
v -0.59240233 -4.74692726 -0.21862648
v -0.50362956 -4.78649711 -0.21531498
v -0.58792179 -4.76989364 -0.17351122
v -0.67884767 -4.73757791 -0.15989461
v -0.59050524 -4.76557683 -0.18963328
v -0.76708322 -4.70174312 -0.12620949
v -0.41868656 -4.7937293 -0.2520436
v -0.33419799 -4.81094169 -0.25483533
v -0.41709896 -4.80554676 -0.22077286
v -0.41852611 -4.80121946 -0.2369935
v -0.33036482 -4.8164711 -0.22129856
v -0.41169288 -4.80420541 -0.18429057
v -0.49920219 -4.79167747 -0.18160393
v -0.41461947 -4.80660915 -0.20324169
v -0.58434397 -4.77075672 -0.15613128
v -0.24864086 -4.82118415 -0.25280311
v -0.24501019 -4.82033348 -0.21692439
v -0.24668203 -4.82237958 -0.23563884
v -0.24105568 -4.80376434 -0.16832976
v -0.32616478 -4.80819273 -0.18077144
v -0.24358652 -4.81459808 -0.19530414
v -0.40792056 -4.7980194 -0.16322511
v -0.25093489 -4.80932855 -0.28396552
v -0.25035202 -4.81684637 -0.26880979
v -0.33318591 -4.79244422 -0.28443941
v -0.24668458 -4.7832098 -0.31335395
v -0.24960601 -4.79827022 -0.29878348
v -0.41515833 -4.76769208 -0.28069448
v -0.41750371 -4.78283739 -0.26639115
v -0.32656452 -4.75690555 -0.31357798
v -0.23880313 -4.73471307 -0.34395992
v -0.24253301 -4.76286983 -0.32818305
v -0.50010573 -4.73155117 -0.27373072
v -0.41110891 -4.71741724 -0.3113231
v -0.41293397 -4.74674892 -0.29532617
v -0.49383205 -4.66390228 -0.30843749
v -0.4016709 -4.62869691 -0.34938168
v -0.32078138 -4.68835163 -0.34739628
v -0.40784335 -4.67793989 -0.32949543
v -0.58328014 -4.6823883 -0.26561868
v -0.58738708 -4.71094703 -0.24856248
v -0.65742594 -4.62356233 -0.25722739
v -0.56612056 -4.60264539 -0.30495798
v -0.57653641 -4.6460905 -0.28454563
v -0.62780678 -4.53644657 -0.29986923
v -0.53412622 -4.49659252 -0.34634646
v -0.4727433 -4.56427621 -0.34922444
v -0.55179536 -4.55262517 -0.32592931
v -0.71927321 -4.5582776 -0.24888236
v -0.73523068 -4.59570169 -0.22690208
v -0.76807427 -4.48781204 -0.24100083
v -0.67686224 -4.46706438 -0.29362908
v -0.69983947 -4.51544284 -0.27134752
v -0.71810811 -4.39042139 -0.28544831
v -0.62602162 -4.35792875 -0.33221948
v -0.58455622 -4.42845392 -0.34054386
v -0.65226697 -4.4140501 -0.31401088
v -0.81486362 -4.39548301 -0.23153226
v -0.83475893 -4.44830513 -0.20919314
v -0.86412429 -4.27217245 -0.224294
v -0.78512704 -4.26616668 -0.2656987
v -0.79897362 -4.33284997 -0.25019863
v -0.79897606 -4.1823225 -0.27087068
v -0.66851472 -4.26645088 -0.32042998
v -0.76329499 -4.20182848 -0.28304705
v -0.86453378 -4.20152807 -0.24034115
v -0.90006434 -4.24313545 -0.21290606
v -0.90260094 -4.08713865 -0.26895228
v -0.82916319 -4.16068744 -0.26517248
v -0.53865832 -4.30026578 -0.37122908
v -0.49574646 -4.37463522 -0.37912797
v -0.47834223 -4.30507755 -0.39076346
v -0.44267356 -4.44382953 -0.38504082
v -0.51466161 -4.43730688 -0.36439156
v -0.57877916 -4.19194316 -0.36309206
v -0.59837532 -4.29197883 -0.34892845
v -0.3808223 -4.5120716 -0.38731616
v -0.37016803 -4.44918012 -0.40198731
v -0.31163275 -4.58026123 -0.38524651
v -0.3920595 -4.57274866 -0.36924323
v -0.23510128 -4.64596796 -0.37933543
v -0.2326 -4.58709096 -0.3972314
v -0.23661756 -4.69588232 -0.36116719
v -0.93552219 -3.96722722 -0.3077265
v -0.97500753 -4.00396013 -0.27565762
v -0.84461778 -3.8960576 -0.36619076
v -0.89276278 -3.93025207 -0.33795312
v -0.73228579 -3.84299826 -0.41465598
v -0.79134953 -3.86643481 -0.39186739
v -0.58973455 -3.82870554 -0.44867631
v -0.59008854 -3.96958017 -0.40198805
v -0.66526192 -3.82946157 -0.43385496
v -0.51357287 -3.83390951 -0.45981708
v -0.76764881 -3.34854602 -0.37474671
v -0.76290923 -3.43477988 -0.39443105
v -0.75083673 -3.18866419 -0.34399786
v -0.7630462 -3.26844644 -0.35866519
v -0.80430042 -3.09512519 -0.29161036
v -0.71367883 -3.02593016 -0.3133431
v -0.73377353 -3.10752797 -0.32906681
v -0.75339967 -2.92653989 -0.26113987
v -0.6631239 -2.85777401 -0.2799403
v -0.69009047 -2.94343948 -0.29706794
v -0.83729028 -2.99391174 -0.23835314
v -0.85735017 -2.88480615 -0.18080437
v -0.77675837 -2.81816434 -0.20538349
v -0.80764633 -2.90745043 -0.22315999
v -0.79268801 -2.69875717 -0.13832181
v -0.71209287 -2.63959264 -0.16341453
v -0.69183158 -2.74869489 -0.22572588
v -0.74463492 -2.72551155 -0.18452766
v -0.60287475 -2.67968606 -0.24400743
v -0.6334384 -2.76901149 -0.26232662
v -0.73258459 -2.56964206 -0.10400496
v -0.64342051 -2.52732038 -0.1363998
v -0.62549072 -2.586833 -0.18995615
v -0.67950558 -2.57671928 -0.14846256
v -0.53958511 -2.53851914 -0.21180903
v -0.57195663 -2.60068869 -0.22684232
v -0.65278369 -2.47868514 -0.07529556
v -0.54463863 -2.40068388 -0.0690898
v -0.55307877 -2.48153948 -0.15985615
v -0.60278791 -2.48047184 -0.12076463
v -0.46813443 -2.43385934 -0.16849273
v -0.50540393 -2.48632335 -0.19490887
v -0.54949373 -2.33756756 0.01517891
v -0.49336203 -2.32150936 -0.02619522
v -0.46695789 -2.35421371 -0.07854631
v -0.50718581 -2.34522962 -0.03254994
v -0.41424483 -2.33918523 -0.11024417
v -0.42822837 -2.36524295 -0.1217781
v -0.52114659 -2.27301216 0.02645556
v -0.47201663 -2.22876882 -0.02227435
v -0.44408088 -2.29518151 -0.06510979
v -0.48290514 -2.28549766 -0.02091692
v -0.39613717 -2.2419188 -0.10233882
v -0.40479496 -2.30325269 -0.10420177
v -0.49970307 -2.15283465 0.01618137
v -0.45562726 -2.08172226 -0.04755238
v -0.42661398 -2.16285181 -0.07226137
v -0.46270039 -2.15906477 -0.03170182
v -0.3836925 -2.08482313 -0.11606607
v -0.38904133 -2.16506958 -0.1069916
v -0.48692232 -1.98498511 -0.02426755
v -0.44657602 -1.92040109 -0.07759909
v -0.41525858 -2.00388336 -0.09763741
v -0.45180362 -1.99842989 -0.06287153
v -0.37448239 -1.93130207 -0.13553589
v -0.378977 -2.00454568 -0.12638956
v -0.47421786 -1.83871698 -0.05854927
v -0.42859494 -1.77561044 -0.10862942
v -0.40190041 -1.8553195 -0.12266033
v -0.43767279 -1.84474468 -0.09434071
v -0.35810753 -1.79867696 -0.15205247
v -0.36892968 -1.86650109 -0.14332975
v -0.45086675 -1.6999998 -0.09625872
v -0.40379962 -1.65333938 -0.13410309
v -0.38128989 -1.72323191 -0.1432408
v -0.41815456 -1.71268951 -0.12099215
v -0.32481807 -1.6738975 -0.17516945
v -0.33988609 -1.72951459 -0.16362857
v -0.42354732 -1.58287322 -0.12677061
v -0.3651852 -1.54526054 -0.17194762
v -0.34581357 -1.60876202 -0.17244721
v -0.38435858 -1.59592151 -0.1510609
v -0.29301914 -1.5761578 -0.21593959
v -0.30969584 -1.62134957 -0.19212657
v -0.3864206 -1.48127603 -0.17222461
v -0.3443503 -1.47407078 -0.21624741
v -0.31622135 -1.52591192 -0.21725973
v -0.35109639 -1.50457096 -0.19486957
v -0.27808871 -1.52213835 -0.25992879
v -0.28154918 -1.54444003 -0.23976129
v -0.37776464 -1.42493331 -0.20914085
v -0.34782168 -1.43921876 -0.25210267
v -0.31220397 -1.48100352 -0.25623953
v -0.34452638 -1.45397925 -0.23310515
v -0.28352752 -1.48760104 -0.30993217
v -0.28005224 -1.50488138 -0.2792322
v -0.3857603 -1.39524412 -0.25767099
v -0.3643583 -1.39980459 -0.34497398
v -0.32086372 -1.44594454 -0.32648435
v -0.35241615 -1.4225291 -0.29108849
v -0.30371716 -1.44312214 -0.41062125
v -0.29006776 -1.46634769 -0.35790509
v -0.4337989 -1.32083404 -0.40987035
v -0.42081302 -1.31596469 -0.50528049
v -0.36653584 -1.37691724 -0.47508105
v -0.39897337 -1.35012602 -0.4441826
v -0.35780304 -1.36857998 -0.56929302
v -0.33504286 -1.40084052 -0.50366163
v -0.46325981 -1.26200485 -0.50699377
v -0.40162277 -1.3156017 -0.5808689
v -0.43267202 -1.2880938 -0.54581445
v -0.36956149 -1.34295201 -0.61237198
v -0.4377785 -1.33862304 -0.28296852
v -0.5030471 -1.26727533 -0.33276915
v -0.48419609 -1.26492667 -0.42495101
v -0.46946638 -1.29194819 -0.374493
v -0.52459764 -1.2157638 -0.42125141
v -0.49928641 -1.2075411 -0.49724197
v -0.49378895 -1.23806238 -0.46539673
v -0.54710197 -1.22190845 -0.33105957
v -0.58823692 -1.17348051 -0.32248565
v -0.56008583 -1.16305565 -0.40955048
v -0.5557729 -1.19451785 -0.37361845
v -0.59702849 -1.0988605 -0.39098155
v -0.55778735 -1.03745782 -0.49527502
v -0.53244733 -1.14247214 -0.4835034
v -0.56141042 -1.11981332 -0.44300723
v -0.49851277 -1.08763992 -0.57980883
v -0.50138276 -1.16555643 -0.52920907
v -0.599276 -0.91749703 -0.49600261
v -0.56410741 -0.88877749 -0.56955432
v -0.54078179 -0.94174093 -0.57342952
v -0.55523377 -0.93697238 -0.55222308
v -0.51616811 -0.86108017 -0.66755783
v -0.46289157 -0.98736548 -0.70016622
v -0.50216239 -0.95717608 -0.64117556
v -0.55602407 -0.81456959 -0.64208155
v -0.56728726 -0.722844 -0.6948747
v -0.5030241 -0.79140853 -0.71993196
v -0.52876526 -0.80439508 -0.6840828
v -0.49862766 -0.68950635 -0.75892055
v -0.44729036 -0.90971273 -0.74983179
v -0.47247415 -0.78074055 -0.75382351
v -0.43778848 -1.00065314 -0.73269569
v -0.63111448 -0.67268919 -0.65395873
v -0.64031082 -0.59077096 -0.68493127
v -0.5790109 -0.62890702 -0.73048704
v -0.6057055 -0.65482461 -0.69520473
v -0.58906173 -0.5418936 -0.74515712
v -0.54830801 -0.60274362 -0.75713729
v -0.68855989 -0.55738449 -0.6195805
v -0.68815255 -0.49337917 -0.63205248
v -0.64653134 -0.51392966 -0.69666218
v -0.67022854 -0.53390795 -0.66066497
v -0.64178097 -0.45238727 -0.69342935
v -0.59450483 -0.46628403 -0.73602545
v -0.62063372 -0.49244436 -0.72224426
v -0.67921757 -0.44185027 -0.63203805
v -0.66541624 -0.38870012 -0.61685288
v -0.63055157 -0.39926946 -0.68033963
v -0.6534512 -0.42201802 -0.66362607
v -0.62039262 -0.35195064 -0.65822404
v -0.59058469 -0.39759033 -0.71531891
v -0.60937541 -0.37621924 -0.68944895
v -0.54524219 -0.3954395 -0.74288725
v -0.56425887 -0.42602819 -0.74038595
v -0.69723773 -0.36168029 -0.54566431
v -0.66464501 -0.30710861 -0.54341131
v -0.64247435 -0.3231258 -0.58584761
v -0.6734969 -0.34769335 -0.56636786
v -0.62474125 -0.29213616 -0.56709122
v -0.62641543 -0.30769008 -0.59566366
v -0.65888226 -0.2895143 -0.53778278
v -0.63872253 -0.28978624 -0.54499852
v -0.65726745 -0.29213953 -0.53834265
v -0.62089836 -0.28536149 -0.55320513
v -0.71742594 -0.46596875 -0.55287522
v -0.71353071 -0.41156601 -0.54530346
v -0.70033896 -0.45535233 -0.59437859
v -0.74451279 -0.38315075 -0.48496019
v -0.72238957 -0.37378227 -0.51757478
v -0.74266606 -0.43935489 -0.48515111
v -0.77257132 -0.41432857 -0.40943139
v -0.77457606 -0.35856574 -0.42206895
v -0.76004123 -0.39512592 -0.45283871
v -0.71272778 -0.54136866 -0.55999648
v -0.73876166 -0.50870841 -0.46911904
v -0.72953778 -0.48050749 -0.51376867
v -0.72903144 -0.60411232 -0.45878642
v -0.7523213 -0.57358163 -0.3721416
v -0.76342004 -0.50149124 -0.38308584
v -0.74673128 -0.54464936 -0.41764178
v -0.67947828 -0.63938218 -0.59446775
v -0.7083168 -0.62044763 -0.53492987
v -0.70058584 -0.58619558 -0.57788813
v -0.71694004 -0.69029074 -0.44702097
v -0.71376538 -0.65532255 -0.4910613
v -0.77345663 -0.55353474 -0.27974051
v -0.79104578 -0.5496279 -0.15712586
v -0.81661683 -0.42145559 -0.18812197
v -0.79033184 -0.47267124 -0.28903836
v -0.79354697 -0.4949001 -0.2352111
v -0.80334389 -0.39444682 -0.30305862
v -0.78413027 -0.44755676 -0.34366679
v -0.734766 -0.68463891 -0.3549906
v -0.75735747 -0.69455432 -0.19790682
v -0.75529676 -0.61002945 -0.3176147
v -0.74095588 -0.80164641 -0.17396751
v -0.75167936 -0.77305269 -0.08854679
v -0.77018684 -0.67072767 -0.12211835
v -0.75591379 -0.73770999 -0.13947349
v -0.72024023 -0.79591864 -0.31169277
v -0.7177028 -0.7384727 -0.39065557
v -0.70872938 -0.88066899 -0.28310543
v -0.72548902 -0.90225637 -0.16605632
v -0.724514 -0.85150718 -0.2300647
v -0.70920163 -0.9921509 -0.17154403
v -0.71279466 -0.97058206 -0.08884848
v -0.73315167 -0.86709439 -0.07432895
v -0.721601 -0.94053649 -0.12166065
v -0.67472583 -0.90515959 -0.36874353
v -0.69469529 -0.96856284 -0.26810866
v -0.69257348 -0.89693629 -0.32774439
v -0.67213606 -1.04812192 -0.27266585
v -0.68519371 -1.06641578 -0.18938173
v -0.69286859 -1.02513039 -0.22384518
v -0.64794844 -1.12857818 -0.21592041
v -0.65267944 -1.11915397 -0.13044089
v -0.68815869 -1.05235838 -0.10821798
v -0.67099589 -1.09573185 -0.16050176
v -0.65036058 -0.99794602 -0.35800933
v -0.63100403 -1.12061715 -0.29795652
v -0.64135855 -1.0708785 -0.32509693
v -0.60632705 -1.17907977 -0.23318402
v -0.62038612 -1.15211439 -0.26907801
v -0.64801037 -1.09592163 -0.05041492
v -0.64701336 -1.06557416 0.00721872
v -0.66566747 -0.97574234 0.03062461
v -0.67553108 -1.01961624 -0.03019179
v -0.65763151 -1.0401926 -0.00525096
v -0.70702189 -0.91150313 -0.01792066
v -0.69859236 -0.99713444 -0.06564158
v -0.61411428 -1.17490673 -0.14621149
v -0.61791825 -1.16098547 -0.07197853
v -0.63367033 -1.13993001 -0.09844547
v -0.58315324 -1.2201724 -0.08232951
v -0.5980972 -1.21504449 -0.02062094
v -0.62361329 -1.14876472 -0.01024701
v -0.60547262 -1.1865344 -0.04667925
v -0.56299209 -1.22590899 -0.23753765
v -0.57203626 -1.22693395 -0.15022796
v -0.59008288 -1.20274972 -0.19228932
v -0.52741169 -1.27764987 -0.14766025
v -0.54763162 -1.27335262 -0.08884033
v -0.55700051 -1.25025391 -0.11590357
v -0.51502454 -1.32125079 -0.09952983
v -0.55014872 -1.33395922 -0.03961075
v -0.57274627 -1.27299022 -0.03077354
v -0.54527729 -1.2978158 -0.06661568
v -0.51180416 -1.2789793 -0.22132411
v -0.45851543 -1.33340585 -0.20493838
v -0.48425489 -1.32515716 -0.14880107
v -0.49447023 -1.30441832 -0.17771843
v -0.44701054 -1.36891269 -0.15826396
v -0.48703032 -1.37232756 -0.11029008
v -0.48201507 -1.34432685 -0.13007022
v -0.46407827 -1.43656981 -0.11615637
v -0.51379537 -1.47126901 -0.05777331
v -0.53145104 -1.40093052 -0.04816894
v -0.50059509 -1.41786336 -0.08298859
v -0.41404262 -1.38147604 -0.20043999
v -0.413374 -1.41860795 -0.16925773
v -0.41187074 -1.39598321 -0.18437847
v -0.44295412 -1.51032972 -0.12101991
v -0.42359969 -1.45773887 -0.1472201
v -0.55697208 -1.51679396 0.01046796
v -0.59024959 -1.56630587 0.07732721
v -0.59987932 -1.48571443 0.09185281
v -0.57127714 -1.44289338 0.02412035
v -0.58167815 -1.50443875 0.05260805
v -0.58619707 -1.36610782 0.03733139
v -0.56032288 -1.38467955 -0.00735058
v -0.49266526 -1.5455029 -0.07124855
v -0.53888022 -1.59214448 -0.00610156
v -0.52515006 -1.52739632 -0.03443881
v -0.51447373 -1.67594325 -0.02875376
v -0.56132549 -1.73167264 0.04735458
v -0.57852965 -1.64643597 0.06455132
v -0.5524342 -1.66265726 0.02344134
v -0.47105538 -1.62386465 -0.08462102
v -0.4596734 -1.5660299 -0.10053511
v -0.49490118 -1.7590332 -0.04408881
v -0.48193645 -1.68789124 -0.06677527
v -0.59110724 -1.77877283 0.11327132
v -0.61853575 -1.83306706 0.18529745
v -0.62433862 -1.74629414 0.20245303
v -0.60188353 -1.69391536 0.12579308
v -0.60908246 -1.76381802 0.1560377
v -0.61109203 -1.60709059 0.13917526
v -0.59634226 -1.6275841 0.09989114
v -0.53721135 -1.81827807 0.02043261
v -0.57421135 -1.86300146 0.09122271
v -0.56725776 -1.7968955 0.0679628
v -0.54947793 -1.96083259 0.06277429
v -0.59453982 -2.03512406 0.14534179
v -0.61143255 -1.92599344 0.16964581
v -0.58486467 -1.94571471 0.12129624
v -0.51371616 -1.89910388 -0.00294343
v -0.50710612 -1.83225262 -0.02051059
v -0.52585053 -2.07059788 0.04460502
v -0.51735132 -1.97120487 0.01455271
v -0.6353597 -2.08216261 0.20650413
v -0.67796111 -2.12001752 0.26173949
v -0.68448895 -2.03248834 0.29765155
v -0.64433479 -1.98310995 0.2319016
v -0.66097021 -2.05774951 0.25073808
v -0.64657604 -1.88168811 0.25481069
v -0.63007217 -1.90536928 0.21010246
v -0.56859624 -2.12836217 0.11004656
v -0.61734432 -2.16922378 0.16890771
v -0.60426199 -2.10751342 0.15954121
v -0.59619104 -2.24089741 0.12327849
v -0.65379118 -2.26992297 0.17012217
v -0.6670376 -2.2010653 0.2192294
v -0.63278144 -2.22213959 0.17158284
v -0.54578638 -2.20448899 0.07332165
v -0.53434729 -2.14255142 0.06351999
v -0.57320576 -2.29750251 0.07033047
v -0.55879497 -2.2577126 0.07487735
v -0.72625321 -2.30641937 0.2179448
v -0.80036288 -2.33571362 0.2643567
v -0.80555081 -2.28220915 0.31497299
v -0.72884702 -2.23889827 0.26759898
v -0.76687729 -2.29590702 0.2673645
v -0.72851085 -2.15295028 0.31287518
v -0.69864803 -2.17815351 0.26610538
v -0.63904678 -2.32243108 0.11608874
v -0.71531617 -2.35035347 0.1637113
v -0.68357271 -2.31479382 0.16742171
v -0.72386217 -2.42213106 0.07224039
v -0.85035473 -2.51481914 0.06270726
v -0.79745513 -2.38345623 0.20222768
v -0.7569251 -2.39441514 0.14610539
v -0.62309515 -2.36103534 0.05790141
v -0.59381592 -2.33004498 0.06491373
v -0.75099897 -2.52643632 -0.04698212
v -0.69438719 -2.45982813 -0.01049908
v -0.93010973 -2.53976988 0.10389267
v -1.00424015 -2.55824184 0.15125976
v -1.01787328 -2.51488542 0.21453155
v -0.90859723 -2.45249199 0.20699629
v -0.97522735 -2.52899503 0.1589379
v -0.87546378 -2.35834169 0.30507689
v -0.83715343 -2.37244081 0.25442233
v -0.83433926 -2.5571804 -0.00592158
v -0.90893995 -2.58121728 0.03944176
v -0.88316547 -2.54892253 0.04867215
v -0.88660776 -2.64444613 -0.02939892
v -0.96311903 -2.68808841 0.01194373
v -0.98411607 -2.60671424 0.08804514
v -0.93478095 -2.62309932 0.02927615
v -0.81180667 -2.60574865 -0.06742566
v -0.78422963 -2.56374812 -0.05675073
v -0.87067645 -2.76253008 -0.11181208
v -0.83949017 -2.67102336 -0.08636941
v -1.05436027 -2.74160051 0.06355886
v -1.16800081 -2.80412507 0.13192084
v -1.16979908 -2.68855309 0.20161864
v -1.06960189 -2.64060092 0.1421695
v -1.11368656 -2.70877647 0.13826094
v -1.08423638 -2.58014273 0.20238961
v -1.03426861 -2.59312748 0.14600996
v -0.95036828 -2.82977247 -0.08078853
v -1.04065895 -2.89694619 -0.03690636
v -0.99790608 -2.78924965 -0.01614777
v -1.03360509 -3.01315736 -0.10136466
v -1.14324235 -3.06860971 -0.03217206
v -1.15348172 -2.95148658 0.03687595
v -1.08903384 -2.9888587 -0.04132674
v -0.94267344 -2.95150089 -0.14699107
v -0.90488988 -2.85881733 -0.13318237
v -0.92549407 -3.0621159 -0.20589244
v -0.981471 -3.03972196 -0.15546417
v -1.26326024 -2.6442399 0.30753594
v -1.17271375 -2.61012816 0.25541022
v -1.21895134 -2.66927146 0.25617432
v -1.17716121 -2.54994058 0.30778002
v -1.09603071 -2.53162908 0.25997078
v -1.13235747 -2.56597542 0.25645744
v -1.26084566 -2.57018208 0.35585141
v -1.25231635 -2.50960254 0.40722504
v -1.16899657 -2.48379635 0.3737739
v -1.21798646 -2.5328865 0.3562805
v -1.13404047 -2.37786793 0.46706679
v -1.04699325 -2.35226106 0.43537113
v -1.07717967 -2.44377565 0.35309845
v -1.10220313 -2.40233731 0.42033511
v -0.97083193 -2.39255571 0.33741003
v -1.05349028 -2.48968529 0.27681493
v -1.03569209 -2.2775712 0.48771709
v -0.95614874 -2.26645612 0.44443169
v -0.95777684 -2.32661843 0.39987731
v -0.99747419 -2.30711078 0.4425801
v -0.87895298 -2.30837535 0.35835984
v -0.91569882 -2.34289526 0.35373872
v -0.95434474 -2.16534233 0.49957454
v -0.85979926 -2.13756895 0.44475543
v -0.87794458 -2.24260878 0.40268811
v -0.91353571 -2.21503043 0.44478017
v -0.79694193 -2.19703578 0.36012932
v -0.84239655 -2.26464438 0.35999015
v -0.84779501 -2.00500798 0.50103557
v -0.7712388 -1.98683679 0.44057232
v -0.78254681 -2.09314107 0.40062177
v -0.80962508 -2.05644846 0.44340291
v -0.72809946 -2.06181812 0.35453736
v -0.75650978 -2.12460279 0.35829031
v -0.76295042 -1.88120412 0.48433828
v -0.71488964 -1.86150217 0.4264943
v -0.7241351 -1.9632802 0.39292076
v -0.74108755 -1.92343616 0.43596971
v -0.68425059 -1.9292525 0.33187472
v -0.70618289 -2.0007205 0.34725469
v -0.70409816 -1.76894331 0.45703581
v -0.67205661 -1.73988032 0.38729673
v -0.67851173 -1.82701396 0.36194866
v -0.69135201 -1.79981446 0.40969002
v -0.64855146 -1.78836989 0.28402543
v -0.66347616 -1.85402321 0.30892494
v -0.66417515 -1.65482902 0.41366371
v -0.64696598 -1.61582255 0.32646936
v -0.64935088 -1.70310175 0.30813637
v -0.65781462 -1.68051624 0.36042466
v -0.63006258 -1.65537166 0.22018417
v -0.63815951 -1.72494673 0.25506514
v -0.64056521 -1.52482152 0.34407991
v -0.63224208 -1.47836744 0.25337326
v -0.63288247 -1.56638932 0.23622423
v -0.63834667 -1.54585337 0.28811389
v -0.61838913 -1.52354598 0.15745145
v -0.62365931 -1.58635461 0.18585424
v -0.63028216 -1.39365148 0.27252703
v -0.62795734 -1.35764896 0.19634294
v -0.62334233 -1.44038367 0.17696605
v -0.62889647 -1.41674542 0.22402493
v -0.60924446 -1.40378713 0.10735082
v -0.6135987 -1.46348428 0.13265855
v -0.63322365 -1.27313649 0.21387411
v -0.62979972 -1.24165153 0.13179156
v -0.61911708 -1.32261931 0.12043753
v -0.62857788 -1.29880082 0.16658948
v -0.6007955 -1.29078996 0.04432134
v -0.60530877 -1.3447839 0.0785904
v -0.64094531 -1.15706431 0.14287126
v -0.63357019 -1.14640021 0.05867791
v -0.61647844 -1.22000241 0.04926732
v -0.63130879 -1.18996715 0.09379936
v -0.59699386 -1.24706947 0.00844653
v -0.63841784 -1.18627452 0.2258602
v -0.6415525 -1.09608125 0.2326655
v -0.65013128 -1.066172 0.15177598
v -0.64437949 -1.12466025 0.19020414
v -0.65695279 -0.97620481 0.15568448
v -0.66259014 -0.95784997 0.07932311
v -0.64977228 -1.05577933 0.07076761
v -0.65583694 -1.01189506 0.11462957
v -0.63853442 -1.10422587 0.02793466
v -0.64175474 -1.00378572 0.24196115
v -0.66649264 -0.88797426 0.14651162
v -0.6538251 -0.94444406 0.19574374
v -0.68079781 -0.81880611 0.13799595
v -0.67641902 -0.87488275 0.08531554
v -0.67945629 -0.843041 0.11001956
v -0.68584889 -0.88485825 0.04404601
v -0.67185747 -0.91898548 0.06030486
v -0.62136286 -1.14674079 0.32185211
v -0.60922908 -1.06069767 0.35799861
v -0.63108742 -1.07406401 0.28307053
v -0.59355747 -1.20712065 0.43040061
v -0.57090294 -1.26215076 0.52153539
v -0.54473131 -1.19037425 0.55249863
v -0.57339084 -1.13091051 0.47131627
v -0.57056236 -1.19785988 0.49611723
v -0.55063837 -1.0535252 0.5144931
v -0.57950329 -1.05611562 0.44493988
v -0.62662279 -1.22971844 0.30311822
v -0.60948514 -1.28496205 0.40057805
v -0.61345034 -1.21687328 0.36091619
v -0.62132036 -1.36084437 0.38056641
v -0.61678773 -1.41171264 0.47466355
v -0.59516072 -1.33747005 0.49501448
v -0.61061686 -1.34986865 0.43867099
v -0.62857991 -1.31178331 0.28974521
v -0.63269549 -1.2487812 0.25776013
v -0.63134646 -1.43811237 0.36249274
v -0.62772297 -1.37438499 0.32428124
v -0.61479377 -1.45533204 0.55382382
v -0.61386728 -1.49286973 0.62524235
v -0.56997919 -1.43041491 0.64787685
v -0.58294087 -1.38497448 0.57406568
v -0.59567493 -1.44137108 0.60041302
v -0.54892265 -1.31482303 0.59773808
v -0.57486391 -1.32468271 0.5475226
v -0.63577973 -1.48698616 0.45845925
v -0.64371836 -1.52555716 0.53533756
v -0.62782436 -1.47075712 0.50757253
v -0.66915625 -1.59982132 0.51436674
v -0.69410991 -1.62754702 0.57927316
v -0.65558654 -1.55737364 0.60240447
v -0.66532933 -1.57686972 0.55843281
v -0.65221285 -1.56905067 0.43911102
v -0.63979041 -1.50484252 0.40309602
v -0.68957966 -1.68112397 0.48752588
v -0.66830384 -1.62659359 0.46617889
v -0.72613805 -1.65550828 0.6441586
v -0.76239848 -1.6817522 0.71171033
v -0.69316422 -1.62109708 0.74166059
v -0.67235887 -1.58890211 0.67102372
v -0.71390271 -1.63593447 0.69234037
v -0.61501568 -1.52934265 0.69593882
v -0.63897931 -1.54129254 0.64856046
v -0.72672534 -1.70466613 0.55404245
v -0.77226185 -1.72818636 0.61604738
v -0.73016655 -1.67835676 0.59868693
v -0.80896562 -1.80686843 0.58614283
v -0.87489861 -1.83005273 0.64431905
v -0.82344961 -1.75158965 0.67814183
v -0.82050401 -1.77803301 0.63127607
v -0.74985504 -1.78879308 0.52294963
v -0.71701759 -1.73561883 0.50641411
v -0.83553284 -1.89483368 0.5508902
v -0.78859663 -1.84076154 0.53729456
v -0.93877339 -1.85304653 0.70182061
v -0.99722707 -1.87481069 0.76355052
v -0.92743468 -1.79930472 0.81274378
v -0.87702876 -1.77490913 0.74365705
v -0.93782722 -1.82392168 0.75509584
v -0.80150914 -1.70804441 0.78204661
v -0.81725382 -1.7274822 0.728922
v -0.91586935 -1.91593432 0.61080241
v -0.98533415 -1.93874979 0.66103357
v -0.93120914 -1.88394284 0.65428751
v -1.01837408 -2.03351402 0.61967134
v -1.08633625 -2.05107402 0.66777449
v -1.04965114 -1.9598416 0.71456307
v -1.03689289 -1.99458468 0.66533267
v -0.94413805 -2.01644563 0.57090365
v -0.88953709 -1.9529314 0.56351482
v -1.03500044 -2.16123223 0.55715262
v -0.99310278 -2.08761262 0.56829035
v -1.15357101 -2.06903958 0.72184741
v -1.21979296 -2.08840704 0.78181612
v -1.17042827 -2.00715589 0.84024196
v -1.11128723 -1.98178696 0.77475535
v -1.16612291 -2.03579306 0.77863109
v -1.0515325 -1.89980399 0.8307569
v -1.05505263 -1.92768907 0.76987409
v -1.10876071 -2.15998888 0.61097616
v -1.18142879 -2.16480732 0.66623193
v -1.13426148 -2.10781121 0.668347
v -1.19837331 -2.28547382 0.58692365
v -1.27666115 -2.2795124 0.6497755
v -1.25412726 -2.17390584 0.72504282
v -1.22883498 -2.22241878 0.66015273
v -1.11807429 -2.28345608 0.53485965
v -1.07514548 -2.22637963 0.5455386
v -1.21658146 -2.39580655 0.50359183
v -1.16626536 -2.34075474 0.52063876
v -1.35672617 -2.27227282 0.72101831
v -1.43522059 -2.27416658 0.78633922
v -1.39580678 -2.20169329 0.84731859
v -1.32590937 -2.18636941 0.78595364
v -1.37980234 -2.23142767 0.78662025
v -1.284029 -2.1101849 0.84525257
v -1.27282285 -2.13871908 0.78430652
v -1.29654753 -2.40433502 0.54946172
v -1.37598907 -2.3881514 0.62119412
v -1.32635843 -2.33717536 0.63475716
v -1.41854453 -2.53819441 0.50071364
v -1.5125581 -2.5345664 0.56932628
v -1.47229838 -2.36878299 0.70975637
v -1.45040679 -2.47846221 0.58218395
v -1.33212029 -2.52608323 0.4496611
v -1.27387976 -2.45943069 0.47725147
v -1.34651899 -2.5885055 0.4066008
v -1.38257741 -2.56309056 0.45274585
v -1.60047757 -2.50739598 0.65544515
v -1.67934346 -2.47833252 0.74139982
v -1.63633251 -2.37238836 0.83296048
v -1.56006431 -2.36858034 0.77442377
v -1.62267375 -2.4264152 0.75523495
v -1.51239693 -2.28412246 0.84599834
v -1.4947853 -2.31719327 0.78447157
v -1.56741166 -2.56222677 0.58332014
v -1.7051171 -2.38224196 0.89319884
v -1.6520878 -2.32055044 0.96373111
v -1.58610844 -2.29918217 0.90446102
v -1.64669215 -2.3398056 0.89930605
v -1.52917838 -2.24386477 0.97164887
v -1.4637233 -2.22020912 0.90932065
v -1.52434945 -2.25967741 0.90764826
v -1.59002757 -2.27519559 1.03373336
v -1.5152533 -2.24359917 1.10267829
v -1.46194458 -2.20055055 1.03886914
v -1.52630436 -2.23826456 1.03657722
v -1.38056254 -2.16580867 1.10764694
v -1.33230924 -2.11663055 1.04268026
v -1.40533185 -2.16507387 0.97488409
v -1.397493 -2.16041827 1.04088473
v -1.3458631 -2.13537502 0.9099729
v -1.40454745 -2.17919969 0.91000622
v -1.2423886 -2.0737946 1.11127114
v -1.19762301 -2.01795268 1.04404318
v -1.28083276 -2.07402205 0.9759736
v -1.26576733 -2.0689013 1.04396522
v -1.22687625 -2.03766012 0.90802085
v -1.28687167 -2.08816814 0.90934151
v -1.09924483 -1.97216796 1.10691285
v -1.05827784 -1.91423392 1.0357691
v -1.15109896 -1.97032511 0.97365522
v -1.1282643 -1.96565234 1.04174208
v -1.10261297 -1.93114733 0.9017421
v -1.16548001 -1.98477292 0.90569323
v -0.95342016 -1.87563884 1.08610177
v -0.91609323 -1.81953465 1.01056623
v -1.01661396 -1.8665384 0.96110886
v -0.9876281 -1.86527073 1.02538299
v -0.97342103 -1.82871079 0.8857069
v -1.03848218 -1.87862014 0.89530628
v -0.8010298 -1.79069352 1.04753541
v -0.769414 -1.73594915 0.96902573
v -0.8791818 -1.77409505 0.93295806
v -0.84317082 -1.77671241 0.99163532
v -0.84133136 -1.73789668 0.85605335
v -0.90766501 -1.78201997 0.87269955
v -0.64593839 -1.7119795 0.99453562
v -0.63253009 -1.65708851 0.91614836
v -0.74191653 -1.69155454 0.89039325
v -0.69794809 -1.69665896 0.94364881
v -0.71658766 -1.65441954 0.81400537
v -0.77644741 -1.69561672 0.83608847
v -0.52985167 -1.56951582 0.85898989
v -0.6245436 -1.6101346 0.83946341
v -0.57579088 -1.61480474 0.88730728
v -0.61883628 -1.56808745 0.76674842
v -0.66363412 -1.61229729 0.7906866
v -0.44051295 -1.52951383 0.87343704
v -0.47071275 -1.47394132 0.80782222
v -0.54353719 -1.51987695 0.78855091
v -0.49543467 -1.52261483 0.8326928
v -0.55686783 -1.47438442 0.71899902
v -0.58337134 -1.52210664 0.74280989
v -0.40128648 -1.42747759 0.8225497
v -0.44049087 -1.36623895 0.75875204
v -0.49861463 -1.42054212 0.74024081
v -0.45286017 -1.42174696 0.78310704
v -0.52438676 -1.36792922 0.67055088
v -0.53765851 -1.42343354 0.6949163
v -0.38401952 -1.31425857 0.77332735
v -0.43033427 -1.25036525 0.71569126
v -0.47753274 -1.3072853 0.69362771
v -0.43324178 -1.30884444 0.73594331
v -0.5128861 -1.2487626 0.62512731
v -0.51641392 -1.30916881 0.64694184
v -0.38201946 -1.1967448 0.73530811
v -0.43253496 -1.12937831 0.68501758
v -0.47410622 -1.18730855 0.65518975
v -0.43053469 -1.19078779 0.69858813
v -0.51504802 -1.12245678 0.58791989
v -0.51272714 -1.18687748 0.60543549
v -0.38710704 -1.07122302 0.7139281
v -0.43758475 -0.9992659 0.66863858
v -0.47978434 -1.05866313 0.62715721
v -0.43511778 -1.06516253 0.6750977
v -0.52365952 -0.98202765 0.55811435
v -0.51888704 -1.05381739 0.57233834
v -0.38950961 -0.9442904 0.70924019
v -0.44215941 -0.87411689 0.66686123
v -0.48738306 -0.92300385 0.60985189
v -0.44000929 -0.93456691 0.66552102
v -0.53437012 -0.8498429 0.54454118
v -0.52935797 -0.91232723 0.54651933
v -0.39151406 -0.82868886 0.72125625
v -0.44635328 -0.76015549 0.69116091
v -0.49185586 -0.80636268 0.61960488
v -0.44377145 -0.81754988 0.67493426
v -0.54281401 -0.73468315 0.58288466
v -0.58027905 -0.77291071 0.49511015
v -0.53694587 -0.79347723 0.55918443
v -0.5051763 -0.68423521 0.66482657
v -0.57064145 -0.59936791 0.63609743
v -0.60035884 -0.64883852 0.55271136
v -0.55567282 -0.66821342 0.60944241
v -0.64513242 -0.57175397 0.52662092
v -0.6634764 -0.61323851 0.45143163
v -0.6258105 -0.6891452 0.4688045
v -0.63582313 -0.62972682 0.49951961
v -0.65129172 -0.71611666 0.38137644
v -0.61947381 -0.74378931 0.434201
v -0.69153273 -0.54655575 0.44144567
v -0.70469331 -0.58567798 0.37203848
v -0.67948609 -0.64963358 0.37479805
v -0.6855964 -0.59945535 0.40925324
v -0.6929754 -0.67740011 0.3011488
v -0.67323786 -0.73111516 0.29888406
v -0.6748923 -0.69466006 0.33797115
v -0.69157087 -0.73882651 0.2154667
v -0.67752873 -0.7801364 0.21200063
v -0.6745156 -0.758807 0.2566882
v -0.71643024 -0.61483472 0.30154129
v -0.72388994 -0.64368695 0.23350539
v -0.70573949 -0.69762665 0.22323295
v -0.70953118 -0.66006767 0.2649815
v -0.71672993 -0.71645712 0.15121582
v -0.70615315 -0.72458547 0.17679116
v -0.73908835 -0.59226846 0.25143706
v -0.73770409 -0.63116967 0.20841014
v -0.72611486 -0.67574393 0.17979855
v -0.73192596 -0.63550531 0.21624845
v -0.72922074 -0.70659649 0.14746773
v -0.72779959 -0.73570668 0.12025538
v -0.72362107 -0.71096599 0.145502
v -0.74160695 -0.75646174 0.09941677
v -0.73814714 -0.74794429 0.10142729
v -0.73873782 -0.66699689 0.17912441
v -0.74735665 -0.72686761 0.15369278
v -0.73975431 -0.74924886 0.12207485
v -0.73646491 -0.71127051 0.15065126
v -0.76123398 -0.77637589 0.1097898
v -0.74813216 -0.76585686 0.10061042
v -0.76020216 -0.69048851 0.18655253
v -0.76657754 -0.77033388 0.13924159
v -0.7607696 -0.74132025 0.16010949
v -0.7879849 -0.77629327 0.11608534
v -0.77613598 -0.7821021 0.12353523
v -0.75285184 -0.58557707 0.23383522
v -0.75306624 -0.62642556 0.20952945
v -0.74471348 -0.62694954 0.20592784
v -0.77196592 -0.58771383 0.23917341
v -0.7799896 -0.65325814 0.22077405
v -0.76452601 -0.63253861 0.21478846
v -0.76847374 -0.54392635 0.25966769
v -0.7936818 -0.49882301 0.28818774
v -0.79544478 -0.54724806 0.27108296
v -0.78128802 -0.545825 0.26303482
v -0.82936227 -0.5111984 0.30427229
v -0.8330366 -0.59548813 0.28365886
v -0.80706977 -0.62649405 0.25412857
v -0.81689858 -0.56800997 0.28079003
v -0.81312257 -0.68530482 0.2349085
v -0.79872858 -0.67643296 0.22875173
v -0.8628571 -0.55837714 0.31362399
v -0.86196762 -0.61218631 0.29090437
v -0.83529448 -0.65091913 0.26188001
v -0.84706324 -0.60812819 0.28741735
v -0.84039199 -0.69022649 0.23900964
v -0.82691419 -0.69004046 0.23826214
v -0.8975771 -0.56763684 0.32287216
v -0.89170336 -0.60832113 0.28982865
v -0.86174917 -0.65197372 0.26154702
v -0.87748348 -0.61214077 0.29179877
v -0.85238617 -0.68562418 0.23757371
v -0.89880001 -0.51236414 0.34209108
v -0.93476873 -0.46842137 0.35772126
v -0.93439227 -0.52312099 0.34325629
v -0.91707146 -0.51993161 0.34526172
v -0.9712823 -0.46910223 0.34974494
v -0.96088242 -0.51688295 0.32386121
v -0.9266951 -0.5659877 0.31351941
v -0.94920378 -0.52331173 0.33536064
v -0.90548312 -0.59711235 0.27658194
v -0.90148073 -0.60279905 0.28475746
v -0.99519115 -0.45301428 0.32206976
v -0.96751451 -0.49026116 0.29969024
v -0.93752431 -0.55005651 0.29321697
v -0.96779358 -0.50437629 0.31168261
v -0.89486593 -0.58404123 0.2532022
v -0.87548852 -0.62684476 0.23660795
v -0.90354549 -0.59142166 0.26593264
v -0.84307467 -0.65948367 0.19380798
v -0.8395878 -0.71286696 0.17365194
v -0.85541355 -0.66493535 0.20540571
v -0.92087698 -0.52658069 0.26888486
v -0.85798472 -0.56574767 0.22675082
v -0.84383422 -0.61201083 0.21079523
v -0.8785907 -0.57381379 0.23968634
v -0.80919873 -0.69130337 0.15426169
v -0.82084596 -0.64576828 0.18373808
v -0.98762643 -0.43332338 0.29646182
v -0.93074631 -0.47094604 0.27387717
v -0.95692956 -0.48020011 0.28776612
v -0.94691306 -0.42133405 0.27820819
v -0.91575658 -0.4573507 0.26001915
v -0.89414751 -0.5074085 0.25303304
v -0.92225873 -0.46349138 0.27021357
v -0.85691899 -0.5345602 0.21118286
v -0.85886561 -0.55675125 0.22555153
v -0.92647141 -0.40484154 0.2455565
v -0.88825762 -0.43931242 0.23098695
v -0.8745166 -0.48120823 0.22416932
v -0.89964819 -0.44614827 0.2391925
v -0.8487817 -0.49711412 0.19876936
v -0.85195344 -0.51380753 0.19944649
v -0.90466523 -0.38820156 0.22889821
v -0.85669612 -0.45777857 0.2183329
v -0.87678062 -0.43098413 0.22676086
v -0.83294343 -0.45371118 0.21293604
v -0.82614469 -0.50926917 0.17437472
v -0.84348464 -0.47976112 0.20257347
v -0.79337185 -0.5128957 0.15344703
v -0.80202621 -0.53000342 0.14628304
v -0.81208622 -0.42445159 0.22069884
v -0.80644714 -0.46470767 0.19589805
v -0.82272076 -0.43612644 0.21928501
v -0.77531307 -0.47834107 0.17205023
v -0.76841998 -0.50632274 0.13788543
v -0.78554761 -0.49352291 0.16359701
v -0.75234276 -0.49463814 0.13344594
v -0.75617909 -0.50507378 0.09800124
v -0.76268363 -0.5060442 0.12343041
v -0.78151315 -0.44588363 0.2002801
v -0.74622952 -0.48081684 0.15399818
v -0.7638117 -0.46692109 0.17848947
v -0.73431742 -0.4783737 0.12044724
v -0.7417804 -0.48228806 0.14426215
v -0.74558562 -0.48893481 0.10076659
v -0.76814097 -0.51542961 0.0856839
v -0.75613564 -0.502752 0.09177868
v -0.7248193 -0.45843967 0.12576839
v -0.73503422 -0.47442713 0.11233918
v -0.79774367 -0.42000499 0.21776133
v -0.96398621 -0.37086379 0.26734137
v -0.96008431 -0.32122743 0.23928132
v -0.93694973 -0.35405436 0.23350507
v -0.94826942 -0.36146932 0.24420212
v -0.92558038 -0.346399 0.22694248
v -0.9874168 -0.37931746 0.28370219
v -0.98657107 -0.32572484 0.27102875
v -0.96902489 -0.37677025 0.277031
v -1.0218749 -0.27586752 0.26826277
v -1.00007498 -0.2385907 0.24991381
v -0.98781704 -0.26946198 0.25650718
v -0.99524718 -0.27632415 0.26243567
v -0.96868574 -0.23975935 0.22868236
v -0.96572619 -0.27836984 0.23371523
v -1.02804482 -0.19541753 0.23386773
v -1.00312864 -0.17466676 0.21213249
v -0.98209464 -0.20732964 0.22973969
v -1.00457084 -0.20371723 0.23151384
v -0.9616791 -0.19121582 0.20674237
v -0.94515067 -0.2248062 0.20950104
v -0.96676111 -0.21170839 0.21967405
v -0.97244036 -0.16480909 0.19251655
v -0.9303838 -0.18756158 0.18088853
v -0.95306223 -0.17477543 0.18888704
v -0.89930021 -0.18800534 0.15382069
v -0.87941575 -0.21530233 0.15991903
v -0.91668593 -0.22233337 0.19793771
v -0.90406739 -0.20040231 0.16980053
v -0.88789886 -0.25158268 0.20725473
v -0.92089754 -0.23580552 0.20607933
v -0.85926985 -0.22702606 0.13949906
v -0.84710389 -0.25618711 0.14620479
v -0.86192613 -0.25753831 0.19340844
v -0.85983711 -0.23483637 0.15199817
v -0.8445419 -0.28860962 0.2117609
v -0.86049664 -0.27146887 0.2115518
v -0.83409398 -0.28113919 0.12934625
v -0.81418883 -0.3150565 0.13466765
v -0.82835125 -0.30289876 0.17176631
v -0.83071935 -0.28869992 0.13670063
v -0.81687116 -0.32675686 0.18045055
v -0.83163076 -0.32355451 0.20408067
v -0.8311519 -0.30983018 0.19843848
v -0.78764945 -0.34749943 0.13552576
v -0.79666817 -0.33721077 0.14686077
v -0.80028957 -0.33214184 0.13506583
v -0.77445244 -0.35306686 0.15981082
v -0.8004387 -0.34491607 0.18481607
v -0.80089187 -0.33883157 0.16910161
v -0.7670468 -0.36187773 0.14496421
v -0.75038832 -0.36484062 0.1703493
v -0.75601172 -0.36190018 0.1596246
v -0.77630317 -0.36081427 0.19312936
v -0.75819885 -0.36893928 0.19230772
v -0.81515109 -0.34784323 0.19602464
v -0.79339271 -0.35321724 0.19208166
v -0.74719917 -0.40283018 0.12455301
v -0.7703647 -0.37339058 0.13165095
v -0.88578677 -0.20418092 0.13487532
v -0.89253377 -0.22746169 0.10541478
v -0.85557889 -0.25151002 0.12337412
v -0.86843156 -0.22685603 0.12866249
v -0.8720597 -0.29034829 0.09483738
v -0.84372729 -0.28064948 0.12122396
v -0.90797454 -0.20037299 0.10300686
v -0.90107423 -0.22322191 0.08640868
v -0.89119273 -0.25775018 0.08872211
v -0.89953827 -0.2274279 0.09522264
v -0.88136762 -0.29152256 0.08304688
v -0.91346681 -0.18149623 0.12377002
v -0.9180684 -0.17584328 0.11225028
v -0.90434229 -0.18366321 0.14186371
v -1.0122447 -0.14036688 0.19556583
v -0.99481606 -0.15296764 0.1933532
v -1.03903698 -0.23171567 0.26180604
v -1.04246258 -0.18282784 0.25363898
v -1.03250706 -0.15456262 0.22125938
v -1.03905141 -0.18894273 0.24171544
v -1.02153551 -0.11853201 0.20963789
v -1.00532925 -0.11041105 0.18087697
v -1.02081418 -0.12842889 0.20098179
v -1.02843046 -0.14149272 0.24334532
v -1.00310397 -0.11100977 0.23086659
v -1.00013852 -0.09248904 0.19801756
v -1.01539576 -0.11241457 0.22023274
v -0.96474939 -0.07920227 0.15785548
v -0.98792827 -0.08885674 0.16753077
v -0.983159 -0.08166976 0.17703473
v -0.96859777 -0.09987793 0.14377175
v -0.98732978 -0.10094834 0.16156564
v -0.949422 -0.09240558 0.13155099
v -0.94547337 -0.08368681 0.14115233
v -0.95024704 -0.10652282 0.1276057
v -1.02652216 -0.17964631 0.27822446
v -1.01223564 -0.23154798 0.3097642
v -0.98315644 -0.18677638 0.29011601
v -0.99685406 -0.14336171 0.26210415
v -1.00707864 -0.18297117 0.28654921
v -0.96545177 -0.11952811 0.24510295
v -0.98564946 -0.11386091 0.23969292
v -1.04109466 -0.22701779 0.28858986
v -1.03801298 -0.17920315 0.26676908
v -0.96989548 -0.23525019 0.31190884
v -0.93605667 -0.18832227 0.28093606
v -0.95181924 -0.15191307 0.2655549
v -0.96092468 -0.18817976 0.28783151
v -0.92356991 -0.13486449 0.24421307
v -0.94470238 -0.12661266 0.24636545
v -0.91371506 -0.23157772 0.29293733
v -0.88269799 -0.20006047 0.26852875
v -0.9050855 -0.16494841 0.25698429
v -0.90856808 -0.19201038 0.27340379
v -0.88083326 -0.15323054 0.23577167
v -0.89864784 -0.12761429 0.22138212
v -0.90179979 -0.14420528 0.24011677
v -0.86322051 -0.18142741 0.25079405
v -0.85434657 -0.16180765 0.23605124
v -0.86508369 -0.14200359 0.215293
v -0.86416429 -0.15954536 0.23346103
v -0.86012661 -0.12788939 0.19885286
v -0.86901426 -0.11830352 0.17564639
v -0.87910223 -0.12297765 0.19708047
v -0.86664342 -0.12824852 0.19610649
v -0.89633303 -0.10428679 0.17864474
v -0.89648699 -0.11424735 0.20061132
v -0.86584627 -0.11261855 0.15570643
v -0.88327914 -0.1072647 0.15386886
v -0.87207299 -0.11281853 0.15410061
v -0.89863085 -0.09859721 0.15658076
v -0.85314339 -0.13757392 0.22749024
v -0.8552612 -0.105027 0.2231584
v -0.86079734 -0.10938251 0.18407969
v -0.85726535 -0.12048639 0.20701941
v -0.86203491 -0.08790314 0.17118451
v -0.86321669 -0.10494645 0.15992626
v -0.84709245 -0.10475277 0.27055376
v -0.8501513 -0.05244788 0.2822473
v -0.8575856 -0.0669191 0.2221353
v -0.85290199 -0.08209003 0.24854701
v -0.85882735 -0.01854249 0.2285801
v -0.86221742 -0.0587197 0.1653389
v -0.8607608 -0.05939159 0.19374187
v -0.85217356 0.00959823 0.29864746
v -0.85212433 0.08373662 0.31802168
v -0.85915374 0.04734078 0.24230718
v -0.85619652 0.03105485 0.27153497
v -0.85856735 0.1289291 0.25698018
v -0.86262404 0.07236619 0.18064391
v -0.86213469 -0.00635603 0.1705037
v -0.8612321 0.06038197 0.21200957
v -0.86030203 -0.06822728 0.10979121
v -0.86196392 -0.06291101 0.13767883
v -0.8628214 0.16252121 0.18653255
v -0.8634473 0.09707132 0.11067949
v -0.86174738 0.00600565 0.11098922
v -0.86340856 0.08465907 0.14728984
v -0.85567879 -0.06259866 0.04480522
v -0.85834443 -0.06725345 0.08055123
v -0.86397594 0.188257 0.10426149
v -0.86008042 0.1188555 0.02628783
v -0.85806179 0.02551804 0.03618966
v -0.86244499 0.10860634 0.07020728
v -0.84571892 -0.05629526 -0.04472798
v -0.84249389 -0.13877488 -0.03517656
v -0.85142654 -0.05882359 0.00164586
v -0.84954673 0.04437642 -0.0527478
v -0.8316285 -0.0403745 -0.13651517
v -0.82705086 -0.1370401 -0.1279312
v -0.839199 -0.05040786 -0.09077075
v -0.8138532 -0.16161534 -0.19183605
v -0.82482981 -0.20449489 -0.16411083
v -0.83065301 -0.18187874 -0.10492833
v -0.82301527 -0.1731987 -0.14717172
v -0.83772867 -0.22028549 -0.07981167
v -0.83734995 -0.18603709 -0.06085481
v -0.82075047 -0.25756111 -0.24963811
v -0.82922816 -0.30549639 -0.22446899
v -0.8374083 -0.28183263 -0.15696927
v -0.83119577 -0.27154257 -0.20040963
v -0.83860862 -0.32680308 -0.13229996
v -0.84226161 -0.29641667 -0.07271195
v -0.84069335 -0.29057371 -0.11602341
v -0.83965539 -0.34585338 -0.04450661
v -0.84416014 -0.27788841 -0.01282744
v -0.82765537 -0.35773754 -0.20263296
v -0.83224088 -0.38224783 -0.10444936
v -0.83095347 -0.37014085 -0.15332295
v -0.81794387 -0.46463269 -0.07541517
v -0.83114194 -0.41768172 -0.02701541
v -0.83174252 -0.39930233 -0.05950751
v -0.81643253 -0.52293527 -0.00264048
v -0.8321821 -0.4534685 0.02942172
v -0.83181417 -0.43705537 0.00318904
v -0.78309351 -0.62785112 -0.07011209
v -0.78664553 -0.59395223 -0.11200077
v -0.75618422 -0.73650515 -0.02744437
v -0.7829436 -0.64324426 -0.01721616
v -0.8062213 -0.33261561 -0.32522696
v -0.82030785 -0.34432458 -0.25789484
v -0.80244451 -0.17102146 -0.25709673
v -0.7859891 -0.21225875 -0.3662185
v -0.80231821 -0.27955025 -0.3359304
v -0.80558955 -0.23879256 -0.30491319
v -0.78998071 -0.32346347 -0.38138845
v -0.80810213 -0.11101032 -0.22111222
v -0.78929895 -0.12970769 -0.29581564
v -0.80266058 -0.14737504 -0.24119052
v -0.77736324 -0.07097983 -0.34110635
v -0.75369912 -0.0836915 -0.41183409
v -0.77047681 -0.1424348 -0.38375419
v -0.77293545 -0.10748536 -0.35608416
v -0.75087297 -0.16760236 -0.47185957
v -0.76685237 -0.18661123 -0.42409616
v -0.73722273 -0.02282884 -0.44645869
v -0.71011197 -0.03436518 -0.50561893
v -0.737109 -0.11071641 -0.48784738
v -0.73347842 -0.05934902 -0.45924469
v -0.71889042 -0.12535256 -0.55766385
v -0.72821462 -0.16870862 -0.53234446
v -0.73642957 -0.147623 -0.51301789
v -0.6962167 -0.06765335 -0.58554577
v -0.67673599 -0.07991313 -0.65521252
v -0.69441998 -0.11864757 -0.61615163
v -0.69841176 -0.1022524 -0.60625374
v -0.66993105 -0.11135324 -0.66429245
v -0.66484928 -0.17602136 -0.63672238
v -0.70268243 -0.15829414 -0.58637201
v -0.68733978 -0.13327458 -0.6248458
v -0.68312865 -0.22852565 -0.5766685
v -0.71417069 -0.18868212 -0.55091118
v -0.6351509 -0.18905735 -0.67683631
v -0.63237589 -0.22235278 -0.65086507
v -0.65605944 -0.22586162 -0.61960411
v -0.64673984 -0.2077808 -0.64680093
v -0.66709804 -0.26103699 -0.5700556
v -0.66337537 -0.24323214 -0.59373968
v -0.63378417 -0.12676766 -0.71692615
v -0.60165953 -0.14884053 -0.75650554
v -0.60652685 -0.1941909 -0.7143467
v -0.62012416 -0.16920301 -0.715146
v -0.57563346 -0.19381655 -0.74550759
v -0.57537233 -0.21243903 -0.70883625
v -0.60685455 -0.21816159 -0.68098592
v -0.59227287 -0.20696121 -0.71233099
v -0.61845427 -0.22939422 -0.65200305
v -0.56627517 -0.1635055 -0.78416287
v -0.53969132 -0.18807308 -0.76883298
v -0.55122053 -0.17875406 -0.77717453
v -0.52627736 -0.2113689 -0.76767069
v -0.55711257 -0.20934829 -0.73697608
v -0.53519398 -0.19941355 -0.76797986
v -0.56644272 -0.22601042 -0.70560419
v -0.57235872 -0.21693985 -0.70540249
v -0.48641583 -0.2000347 -0.78500753
v -0.50440657 -0.20774023 -0.7514047
v -0.5425685 -0.2265211 -0.7321403
v -0.51739484 -0.21484248 -0.76084691
v -0.54565 -0.2320553 -0.69919168
v -0.56703603 -0.23592567 -0.67743933
v -0.55863362 -0.23273354 -0.7036187
v -0.55747282 -0.24019305 -0.64845126
v -0.5678299 -0.2446201 -0.63388299
v -0.56999635 -0.23941785 -0.6538921
v -0.51222431 -0.20783345 -0.71793311
v -0.51286566 -0.20231711 -0.68380004
v -0.53852242 -0.22955817 -0.66291976
v -0.52830135 -0.22171402 -0.69267028
v -0.52548492 -0.22234353 -0.61676204
v -0.53949993 -0.23913779 -0.61061221
v -0.54058116 -0.23342165 -0.63456493
v -0.5299701 -0.23771685 -0.58169001
v -0.54349643 -0.2486858 -0.58650064
v -0.55123508 -0.24952802 -0.60428315
v -0.53999137 -0.24491925 -0.59165692
v -0.50479197 -0.19340443 -0.62250036
v -0.49984514 -0.19533076 -0.58483338
v -0.51627618 -0.22456896 -0.57920879
v -0.51236748 -0.21018986 -0.59971714
v -0.51219421 -0.22238592 -0.56819325
v -0.52381497 -0.23616451 -0.57564449
v -0.52103328 -0.23048986 -0.57439672
v -0.51090538 -0.25026974 -0.57000327
v -0.51553636 -0.25599375 -0.58028757
v -0.52991312 -0.24925297 -0.58332049
v -0.51949405 -0.24931132 -0.57828629
v -0.49757295 -0.20420195 -0.55793452
v -0.48888647 -0.20467107 -0.54425507
v -0.50339371 -0.23135095 -0.55876827
v -0.50272536 -0.21315467 -0.56029897
v -0.48600205 -0.25812387 -0.52922785
v -0.50016635 -0.2672753 -0.55745512
v -0.5014919 -0.25299447 -0.55595719
v -0.48774558 -0.29111334 -0.54235744
v -0.48673319 -0.29420736 -0.57085216
v -0.50172275 -0.26894068 -0.57702618
v -0.49538964 -0.27943277 -0.55900472
v -0.46314519 -0.23586271 -0.49972522
v -0.45038047 -0.26260227 -0.48187339
v -0.47268122 -0.2825964 -0.50960683
v -0.46825999 -0.26106801 -0.50228166
v -0.46181157 -0.30884373 -0.50427544
v -0.47485351 -0.32007089 -0.53552109
v -0.47569784 -0.30262094 -0.52150523
v -0.46131062 -0.34331786 -0.5409584
v -0.47376143 -0.32076352 -0.56935691
v -0.46987426 -0.33382552 -0.55215412
v -0.43721413 -0.28713715 -0.47783768
v -0.41615134 -0.31105187 -0.48602557
v -0.44636589 -0.33233979 -0.51251232
v -0.44310328 -0.31050556 -0.49264574
v -0.42133751 -0.35484141 -0.53126543
v -0.44509723 -0.35137471 -0.53493666
v -0.38324961 -0.28340381 -0.46891352
v -0.35888311 -0.30713239 -0.49545121
v -0.38999903 -0.33375328 -0.50887322
v -0.38684311 -0.31011641 -0.48714369
v -0.36652067 -0.34814947 -0.53947103
v -0.39340347 -0.35283452 -0.53179687
v -0.33073574 -0.27513817 -0.48828861
v -0.30945438 -0.29254227 -0.52745443
v -0.33777594 -0.32363507 -0.53083783
v -0.33326309 -0.30156254 -0.50930416
v -0.32238841 -0.32901784 -0.56802219
v -0.34401089 -0.34049001 -0.55112755
v -0.28407716 -0.25759965 -0.52936041
v -0.26733559 -0.26498776 -0.5707339
v -0.29361918 -0.29931655 -0.56783998
v -0.28701502 -0.28008607 -0.54914301
v -0.28250008 -0.30092656 -0.61751878
v -0.30893033 -0.32434743 -0.60969531
v -0.30144664 -0.3151291 -0.59092778
v -0.30206823 -0.31527608 -0.64384335
v -0.33501231 -0.33570343 -0.6346907
v -0.32094895 -0.33135169 -0.62359076
v -0.25984531 -0.26841861 -0.60571068
v -0.266882 -0.29012018 -0.65249341
v -0.2621766 -0.28550028 -0.64783251
v -0.2998774 -0.30586758 -0.66708082
v -0.28326994 -0.2992832 -0.66196495
v -0.31523174 -0.29315573 -0.69929742
v -0.36503762 -0.31068882 -0.68919217
v -0.33749774 -0.32371041 -0.65854138
v -0.32590031 -0.30871629 -0.67797267
v -0.37965801 -0.33610972 -0.64858114
v -0.35132327 -0.33753067 -0.64086777
v -0.38105309 -0.30242478 -0.71072089
v -0.41041633 -0.30941072 -0.6850261
v -0.39272072 -0.32117459 -0.67227888
v -0.38692885 -0.31105169 -0.69201135
v -0.42382934 -0.32800221 -0.64546018
v -0.39934709 -0.33251029 -0.65200173
v -0.42979812 -0.29936969 -0.69359242
v -0.45058193 -0.29662123 -0.66058671
v -0.43062984 -0.31446844 -0.65943455
v -0.42954576 -0.30578655 -0.67673492
v -0.45660525 -0.31624439 -0.61673373
v -0.43505281 -0.32480055 -0.63914233
v -0.47695747 -0.27881473 -0.65320682
v -0.49090939 -0.27381056 -0.61512035
v -0.47107768 -0.2940061 -0.62008434
v -0.47283351 -0.28475192 -0.63826525
v -0.47261622 -0.30701559 -0.59435939
v -0.45472756 -0.28753379 -0.69607931
v -0.49642509 -0.27018529 -0.68825119
v -0.50394904 -0.26416495 -0.64467591
v -0.48390296 -0.27422753 -0.66977822
v -0.53378844 -0.25392431 -0.63570082
v -0.53389906 -0.25347656 -0.59705829
v -0.5108273 -0.26078411 -0.60694074
v -0.51884281 -0.25778585 -0.62110483
v -0.50583505 -0.26389932 -0.59257578
v -0.53812825 -0.25693017 -0.67771703
v -0.5560376 -0.25323095 -0.620723
v -0.55016183 -0.25214633 -0.65058338
v -0.56193625 -0.25574255 -0.60045588
v -0.55114096 -0.25534641 -0.59487611
v -0.55966568 -0.2573558 -0.60179799
v -0.54283416 -0.25212571 -0.58818215
v -0.47530114 -0.28256166 -0.73256498
v -0.52913421 -0.26948437 -0.72025001
v -0.51407158 -0.26773247 -0.70579177
v -0.44166448 -0.29385456 -0.76871961
v -0.40015125 -0.30140432 -0.79340404
v -0.45484423 -0.31343054 -0.792961
v -0.49889576 -0.29225119 -0.76275587
v -0.4501208 -0.30183169 -0.78349489
v -0.54006087 -0.29126277 -0.74508261
v -0.53822231 -0.27721408 -0.73316276
v -0.43273294 -0.29202929 -0.72996646
v -0.39432284 -0.29072821 -0.76348966
v -0.4355421 -0.29119682 -0.75089579
v -0.36527538 -0.28854018 -0.74914586
v -0.32212024 -0.27564987 -0.76281058
v -0.35467165 -0.2871142 -0.78126025
v -0.3568983 -0.28500378 -0.76802778
v -0.40249025 -0.29656815 -0.72298216
v -0.430895 -0.29485216 -0.71110618
v -0.34775841 -0.28929746 -0.72921645
v -0.37397867 -0.29500728 -0.72921401
v -0.28771913 -0.27062299 -0.76198291
v -0.2613734 -0.28031867 -0.75925433
v -0.2955724 -0.28900438 -0.78205049
v -0.32075962 -0.28531071 -0.78704738
v -0.29182288 -0.27818885 -0.77417206
v -0.3584814 -0.30536237 -0.80138421
v -0.35606002 -0.29475873 -0.79456245
v -0.2860558 -0.26845043 -0.73356288
v -0.28511446 -0.26685777 -0.74863052
v -0.32891231 -0.31003692 -0.79556703
v -0.2984834 -0.3041391 -0.78587532
v -0.40693616 -0.32371175 -0.80280709
v -0.36295762 -0.31736159 -0.80225378
v -0.30107307 -0.27908527 -0.71764189
v -0.50257945 -0.32201761 -0.77634817
v -0.45700305 -0.32605487 -0.79452806
v -0.53688734 -0.3418473 -0.75087785
v -0.53855937 -0.31201207 -0.75192725
v -0.24780896 -0.23049145 -0.57694757
v -0.23924145 -0.2316118 -0.61061894
v -0.25233382 -0.24855023 -0.58720636
v -0.26578468 -0.22364865 -0.53567051
v -0.23427991 -0.1890648 -0.5838201
v -0.24816608 -0.20788069 -0.5608074
v -0.23088862 -0.148322 -0.5881263
v -0.2228517 -0.16506815 -0.62346124
v -0.22570727 -0.19675377 -0.62414497
v -0.22527895 -0.17120719 -0.6055625
v -0.22459311 -0.2183194 -0.65552872
v -0.22726666 -0.22090034 -0.65129387
v -0.23633801 -0.13210791 -0.6242336
v -0.22671601 -0.18180713 -0.64455461
v -0.22875246 -0.15647615 -0.6353625
v -0.25349298 -0.20610716 -0.67624414
v -0.23038885 -0.21461495 -0.65897429
v -0.26144737 -0.11220851 -0.5548321
v -0.24232497 -0.12043957 -0.58793175
v -0.24294211 -0.12884491 -0.570966
v -0.26634812 -0.1000724 -0.5915414
v -0.24680563 -0.11586412 -0.61046278
v -0.28623688 -0.09097155 -0.55613839
v -0.32114124 -0.07761 -0.57093614
v -0.311984 -0.08300367 -0.61256414
v -0.29447227 -0.08586384 -0.57927405
v -0.31137588 -0.09071064 -0.52636683
v -0.28533941 -0.09920057 -0.53953295
v -0.35421955 -0.0760121 -0.59619772
v -0.39043715 -0.08636888 -0.61757892
v -0.38026362 -0.08788527 -0.66112101
v -0.34801521 -0.08013392 -0.63675576
v -0.36639994 -0.08051643 -0.63013905
v -0.34044969 -0.08985903 -0.67105573
v -0.32574182 -0.08509556 -0.64150226
v -0.33845156 -0.07925953 -0.53445005
v -0.34464871 -0.07523945 -0.56214076
v -0.42569315 -0.11052055 -0.68272644
v -0.41338461 -0.11370071 -0.71536833
v -0.3737427 -0.09488213 -0.69461131
v -0.39685335 -0.09937962 -0.69039106
v -0.35693034 -0.10829321 -0.7220906
v -0.35125017 -0.09765794 -0.69904851
v -0.45696976 -0.13937056 -0.72587811
v -0.43664151 -0.14565976 -0.75506341
v -0.39262521 -0.12180121 -0.74105477
v -0.42733979 -0.12945148 -0.73626732
v -0.36228716 -0.1384727 -0.76031589
v -0.33700877 -0.1291935 -0.73685264
v -0.35940748 -0.12198293 -0.74179804
v -0.4040814 -0.15470175 -0.77838027
v -0.36392787 -0.16510172 -0.79085928
v -0.33430749 -0.16446186 -0.76754695
v -0.36343818 -0.15460771 -0.77698159
v -0.30882081 -0.18876177 -0.76427847
v -0.2942478 -0.19811691 -0.73445987
v -0.31590843 -0.16492837 -0.7405008
v -0.31260806 -0.18035508 -0.75285279
v -0.29828247 -0.17019037 -0.71217441
v -0.319812 -0.1432693 -0.72777271
v -0.27349197 -0.22289001 -0.73167312
v -0.27654847 -0.20620466 -0.70312607
v -0.27696865 -0.21506387 -0.71558284
v -0.27478316 -0.19513936 -0.69322061
v -0.33037251 -0.17712919 -0.79082357
v -0.30100122 -0.18943139 -0.78242552
v -0.28506475 -0.20949405 -0.75652831
v -0.30414879 -0.1921468 -0.77366054
v -0.26402699 -0.2245368 -0.74965131
v -0.26831704 -0.22614021 -0.74207371
v -0.29372984 -0.17429135 -0.79270815
v -0.27282077 -0.1984618 -0.77317172
v -0.2967318 -0.17981588 -0.79007434
v -0.24696813 -0.21034298 -0.76618099
v -0.2240908 -0.23366645 -0.74856907
v -0.24929843 -0.21605007 -0.75990986
v -0.26669922 -0.19224897 -0.78917259
v -0.28935474 -0.17632889 -0.79949212
v -0.2182697 -0.21493229 -0.80793029
v -0.23832982 -0.2122139 -0.78128731
v -0.40970227 -0.17474407 -0.80632609
v -0.36594396 -0.16966792 -0.80277788
v -0.4443002 -0.17714993 -0.78709805
v -0.45066982 -0.1867797 -0.80071508
v -0.46660068 -0.16910739 -0.75765544
v -0.43992754 -0.16070632 -0.77125865
v -0.47801262 -0.15763297 -0.72637367
v -0.49028343 -0.18566045 -0.74021768
v -0.46448004 -0.13559405 -0.69408512
v -0.48176723 -0.15178065 -0.69450438
v -0.47321456 -0.14646183 -0.71210312
v -0.48002564 -0.14913874 -0.64970362
v -0.4884046 -0.15983343 -0.67197454
v -0.43271094 -0.10867424 -0.63294202
v -0.46420747 -0.13254751 -0.64451015
v -0.44993603 -0.12245328 -0.66638064
v -0.46262145 -0.13323485 -0.58382171
v -0.47908961 -0.15871702 -0.58373034
v -0.47161054 -0.14141857 -0.6167922
v -0.47609177 -0.16503223 -0.5503869
v -0.48770493 -0.1793217 -0.56882286
v -0.43746054 -0.10938482 -0.57906448
v -0.45865142 -0.1332997 -0.54466533
v -0.45194986 -0.12249346 -0.5552622
v -0.44887805 -0.14051832 -0.51432037
v -0.46794721 -0.17164477 -0.52618724
v -0.46369504 -0.15274125 -0.53084784
v -0.44337892 -0.201966 -0.48588454
v -0.46139109 -0.20428587 -0.50636363
v -0.40822684 -0.13144323 -0.48074218
v -0.42499092 -0.16385288 -0.48014229
v -0.42897516 -0.13384014 -0.49499455
v -0.40201312 -0.19682593 -0.4588167
v -0.42592689 -0.23350107 -0.46553131
v -0.42372757 -0.19947037 -0.46969682
v -0.40667095 -0.25914374 -0.45962524
v -0.43100637 -0.26144245 -0.46851915
v -0.38338387 -0.1617884 -0.46148258
v -0.35248106 -0.19960081 -0.45255237
v -0.37556397 -0.22773912 -0.4509314
v -0.3774158 -0.19588266 -0.45293223
v -0.35158872 -0.24800242 -0.45787879
v -0.37827485 -0.25540727 -0.45640906
v -0.33703148 -0.16812609 -0.46708241
v -0.33204779 -0.22142806 -0.45649114
v -0.33158552 -0.20132696 -0.45919865
v -0.30597639 -0.24097755 -0.48928761
v -0.3310534 -0.24481672 -0.46832037
v -0.36469048 -0.13057252 -0.47502461
v -0.38810601 -0.13106697 -0.47442215
v -0.33904734 -0.10136968 -0.50073969
v -0.34028792 -0.13173481 -0.48178353
v -0.41722905 -0.0971215 -0.60135901
v -0.33715447 -0.08715724 -0.51595944
v -0.28508266 -0.2339849 -0.51104849
v -0.56266546 -0.25107967 -0.61350202
v -0.58835351 -0.11147116 -0.78400063
v -0.54686147 -0.12858815 -0.80934453
v -0.57958388 -0.13855183 -0.78519618
v -0.62773871 -0.08907035 -0.74603587
v -0.6106292 -0.0622481 -0.77453374
v -0.57024127 -0.08108453 -0.80807566
v -0.60225641 -0.08608531 -0.77821707
v -0.5470221 -0.05764075 -0.83042872
v -0.49979057 -0.07309018 -0.85583376
v -0.52474176 -0.10127781 -0.82719266
v -0.53632617 -0.07587423 -0.83400833
v -0.48117756 -0.10933025 -0.84088909
v -0.51225876 -0.11439787 -0.82829463
v -0.46683883 -0.05455402 -0.87374484
v -0.40278208 -0.06543763 -0.89810609
v -0.43990385 -0.08437703 -0.87475687
v -0.45536384 -0.07044333 -0.87562149
v -0.37960165 -0.0965545 -0.89064008
v -0.42670285 -0.10135659 -0.86646562
v -0.35067418 -0.03363116 -0.9284389
v -0.28724324 -0.05489483 -0.95803308
v -0.34510031 -0.07856859 -0.92148816
v -0.3476606 -0.05841924 -0.92643165
v -0.2990961 -0.09303347 -0.9400264
v -0.3412657 -0.10718317 -0.90274119
v -0.34249484 -0.09388878 -0.91403752
v -0.23097536 -0.08148259 -0.97711932
v -0.18585071 -0.10848794 -0.97066807
v -0.25574258 -0.11473052 -0.9425286
v -0.24601204 -0.0982379 -0.96183943
v -0.19599363 -0.14806729 -0.91685164
v -0.30171343 -0.12226353 -0.91102528
v -0.24838835 -0.13699974 -0.91944849
v -0.34025836 -0.12006557 -0.88642579
v -0.1349502 -0.09315643 -0.98416131
v -0.14461836 -0.1357845 -0.93323737
v -0.13675807 -0.11715552 -0.95965635
v -0.13458223 -0.16183364 -0.90436244
v -0.16441828 -0.17018285 -0.89071613
v -0.1535429 -0.15267126 -0.90992111
v -0.12700679 -0.19938775 -0.8761577
v -0.12681388 -0.22371283 -0.85720604
v -0.14049191 -0.22276762 -0.8320595
v -0.14376883 -0.20362518 -0.85879188
v -0.13338597 -0.21309965 -0.85231173
v -0.19524154 -0.19901621 -0.85116815
v -0.17997108 -0.18572685 -0.87218129
v -0.10525114 -0.20566876 -0.90337359
v -0.11997896 -0.1822333 -0.90070492
v -0.14737927 -0.24551971 -0.81107807
v -0.16170001 -0.22712853 -0.81479668
v -0.14882707 -0.23222832 -0.81057345
v -0.20716133 -0.20923969 -0.82901042
v -0.13695511 -0.26781854 -0.83846592
v -0.15628936 -0.30868673 -0.82109785
v -0.14968143 -0.281367 -0.81596428
v -0.11015313 -0.23531158 -0.88606572
v -0.1282126 -0.28227052 -0.86408484
v -0.12344452 -0.25021177 -0.86261719
v -0.11934731 -0.32168695 -0.90713143
v -0.14890883 -0.37179666 -0.87887424
v -0.15412749 -0.33799988 -0.84677571
v -0.13774217 -0.32502651 -0.86914652
v -0.08762434 -0.2169944 -0.9272629
v -0.09954452 -0.2576901 -0.92008376
v -0.09831884 -0.2247117 -0.90770769
v -0.09444071 -0.29953569 -0.96680575
v -0.1066815 -0.31788706 -0.93897998
v -0.05743507 -0.20213067 -0.9572376
v -0.07841464 -0.24970267 -0.96312832
v -0.07503442 -0.2094585 -0.94400131
v -0.06446526 -0.28802955 -1.00006985
v -0.08372031 -0.34221667 -1.00006306
v -0.08345507 -0.29422569 -0.98437219
v -0.06456394 -0.39228385 -1.03501546
v -0.08758841 -0.46046692 -1.01464653
v -0.08352127 -0.4039171 -1.0093739
v -0.03467126 -0.23666679 -0.98510688
v -0.00010887 -0.28251585 -1.01798367
v -0.03505176 -0.3356601 -1.03650307
v -0.03547726 -0.28356963 -1.01279735
v 0.00033806 -0.38461923 -1.06147766
v -0.0340467 -0.43459254 -1.06947398
v -0.03457748 -0.38626834 -1.0537523
v 0.00050767 -0.48189902 -1.09616589
v -0.0347579 -0.53715878 -1.12027001
v -0.06498529 -0.48472601 -1.06610798
v -0.03274226 -0.48228949 -1.08804476
v -0.08724577 -0.596776 -1.13210809
v -0.10444086 -0.54706752 -1.07559549
v -0.11443146 -0.58873307 -1.10165703
v -0.08822485 -0.49522751 -1.03801536
v 0.00009109 -0.60708808 -1.16474831
v -0.046216 -0.60535037 -1.15645134
v -0.00022894 -0.1952108 -0.96849614
v -0.032967 -0.1967024 -0.96526235
v -0.18978002 -0.44546586 -0.87291562
v -0.21457541 -0.49394562 -0.87477415
v -0.21497336 -0.41863858 -0.83724868
v -0.18048945 -0.37526819 -0.8394258
v -0.1977712 -0.42661368 -0.85495203
v -0.1808059 -0.33939874 -0.81625956
v -0.16801324 -0.34206357 -0.82978749
v -0.19197304 -0.5223962 -0.90494376
v -0.17179648 -0.45590719 -0.8964771
v -0.25855991 -0.46145206 -0.82646155
v -0.26123252 -0.41180312 -0.80657321
v -0.22034491 -0.37371274 -0.81194984
v -0.24214161 -0.41563195 -0.81743139
v -0.22556182 -0.34190744 -0.79647982
v -0.19924229 -0.33837002 -0.80535566
v -0.29064571 -0.44322592 -0.80890154
v -0.26590418 -0.37175959 -0.79495728
v -0.27937439 -0.40315148 -0.80004048
v -0.25082355 -0.34228217 -0.79071015
v -0.28967338 -0.49047994 -0.82195001
v -0.30818229 -0.48900544 -0.81712234
v -0.24116213 -0.53407245 -0.86644923
v -0.27290901 -0.55867517 -0.84991216
v -0.26748547 -0.50986361 -0.83989405
v -0.24242577 -0.62150454 -0.87191057
v -0.28109967 -0.71915352 -0.85619837
v -0.27929705 -0.61493784 -0.85327017
v -0.20988 -0.54997992 -0.89543372
v -0.22516109 -0.5844438 -0.88369655
v -0.22322863 -0.54492068 -0.88390654
v -0.20312601 -0.63675975 -0.88292861
v -0.20986115 -0.67256319 -0.87652957
v -0.21604752 -0.63106435 -0.87952673
v -0.19497779 -0.69582098 -0.88533526
v -0.22734794 -0.79536652 -0.8923555
v -0.24909642 -0.73635053 -0.867141
v -0.2116943 -0.70782595 -0.87891924
v -0.19755367 -0.5934171 -0.89820402
v -0.20181059 -0.6208415 -0.9173879
v -0.20061349 -0.66115862 -0.89156824
v -0.20041148 -0.62203818 -0.89187133
v -0.19418008 -0.69292455 -0.92615872
v -0.19161747 -0.70200824 -0.89772808
v -0.20304945 -0.65051394 -0.94434309
v -0.2008377 -0.61784452 -0.93944263
v -0.19195134 -0.67783093 -0.97690874
v -0.19500201 -0.68440753 -0.95309221
v -0.19676476 -0.55460488 -0.90524655
v -0.28525483 -0.79206442 -0.86019623
v -0.22924792 -0.02826377 -0.9871779
v -0.17793332 -0.06271301 -1.00099349
v -0.22398299 -0.05859326 -0.9859994
v -0.15594025 -0.03135472 -1.00581312
v -0.14366632 -0.06435136 -1.00043511
v -0.29357922 0.00244774 -0.95716154
v -0.23466743 0.04544701 -0.97592854
v -0.19427537 0.00802646 -0.99850553
v -0.23670375 0.00423247 -0.98342573
v -0.16351333 0.04753508 -0.99763411
v -0.11018707 -0.00109672 -1.00038445
v -0.16306664 0.00676405 -1.00382721
v -0.19029182 0.08794336 -0.98300308
v -0.16341632 0.12658482 -0.97715461
v -0.12264338 0.078746 -0.99076157
v -0.16300202 0.08613456 -0.98899608
v -0.06625432 0.11955852 -0.97779309
v 0.00018043 0.05862158 -0.98567348
v -0.06052929 0.02804223 -0.98996985
v -0.05989183 0.0620366 -0.98636746
v 0.00004149 -0.00148125 -0.9899953
v -0.06348392 -0.00275582 -0.99078726
v -0.12622086 0.17190414 -0.96779626
v -0.06515318 0.2419821 -0.95956176
v 0.00011153 0.17033806 -0.96988028
v -0.07063713 0.17124797 -0.96931934
v -0.1130208 0.31103485 -0.94463545
v -0.05566615 0.39011457 -0.93521982
v -0.00006744 0.31962934 -0.94965362
v -0.05912268 0.31705439 -0.94844526
v -0.10737036 0.45666301 -0.91245883
v -0.00004017 0.46077215 -0.91986727
v -0.05426361 0.45957228 -0.91800379
v -0.15922091 0.38154667 -0.92203766
v -0.20848882 0.45044142 -0.89083576
v -0.15900337 0.51882052 -0.879606
v -0.15879619 0.45332214 -0.90336632
v -0.16293522 0.23259262 -0.95146817
v -0.20574641 0.30469924 -0.92662555
v -0.16068863 0.30584123 -0.93768364
v -0.2473851 0.23920947 -0.92561346
v -0.3032512 0.30946421 -0.88959598
v -0.25592893 0.37965953 -0.8938471
v -0.25283035 0.30717358 -0.91053992
v -0.19671118 0.17658796 -0.95598411
v -0.16378544 0.17260663 -0.96404629
v -0.23744367 0.13350954 -0.95288389
v -0.30342605 0.18355028 -0.91446137
v -0.24128125 0.18326593 -0.93946725
v -0.36355453 0.12643975 -0.89960587
v -0.41489166 0.1738803 -0.86031782
v -0.35394147 0.24070763 -0.87770044
v -0.35642239 0.17746789 -0.89055413
v -0.31021469 0.09005232 -0.93339085
v -0.23520705 0.08830197 -0.96517014
v -0.36520993 0.03975262 -0.916597
v -0.41599956 0.07700167 -0.88244181
v -0.36767453 0.08560233 -0.90696233
v -0.47220137 0.01564789 -0.86303263
v -0.52563822 0.06772319 -0.81656563
v -0.47480344 0.12347029 -0.83625805
v -0.47219839 0.07078192 -0.85056734
v -0.41493007 -0.01484304 -0.89720654
v -0.35694041 -0.00271079 -0.9255647
v -0.51932144 -0.03630203 -0.8450098
v -0.47149658 -0.02940341 -0.87069928
v -0.54541289 0.11767064 -0.78507077
v -0.56190198 0.1643895 -0.7543478
v -0.53895646 0.22350904 -0.76388371
v -0.51687878 0.17825034 -0.79423153
v -0.54094743 0.17171141 -0.77437657
v -0.47762599 0.23532539 -0.80919861
v -0.48007363 0.17915315 -0.82090592
v -0.55635213 0.00825831 -0.80938983
v -0.57340616 0.0567606 -0.77691835
v -0.55157911 0.06341078 -0.79672485
v -0.6039254 -0.00449803 -0.76404774
v -0.61721217 0.03980368 -0.71715807
v -0.58664661 0.1008113 -0.74088764
v -0.59386777 0.04770328 -0.75405454
v -0.58360886 -0.03703936 -0.79775893
v -0.55359751 -0.03715947 -0.82237696
v -0.63199394 -0.04743825 -0.74018228
v -0.61007338 -0.04005733 -0.77020227
v -0.63424915 0.0693837 -0.64556074
v -0.65130198 0.09940235 -0.58451932
v -0.63069248 0.18970499 -0.61985409
v -0.60737764 0.14197541 -0.68778997
v -0.62805002 0.12229035 -0.63572239
v -0.58601057 0.21349011 -0.71048456
v -0.5838539 0.15526855 -0.72732782
v -0.64882326 -0.02565589 -0.6914277
v -0.6638813 0.00896768 -0.60675483
v -0.64239221 0.0297186 -0.66385924
v -0.66966056 0.23505599 -0.5387941
v -0.65190911 0.30183404 -0.57304996
v -0.61641675 0.26273965 -0.64933532
v -0.64106047 0.25125503 -0.59654504
v -0.59986561 0.31458586 -0.66538596
v -0.56629872 0.26834821 -0.72331893
v -0.59216165 0.26688259 -0.68946433
v -0.63244754 0.3552165 -0.59950554
v -0.60635346 0.40682405 -0.61394715
v -0.57762467 0.36334919 -0.67526376
v -0.60572832 0.36053362 -0.63963592
v -0.53119671 0.42340809 -0.68634682
v -0.4891406 0.38556698 -0.74575066
v -0.54189658 0.3179287 -0.73347574
v -0.5398935 0.36902678 -0.71077722
v -0.50952041 0.27769345 -0.77523928
v -0.53994882 0.27106529 -0.75109231
v -0.42729434 0.46183508 -0.75939166
v -0.39167499 0.42480075 -0.80700743
v -0.45270621 0.34870672 -0.79086589
v -0.43860295 0.40703657 -0.77746594
v -0.4100303 0.30251964 -0.83295929
v -0.46708589 0.29062345 -0.80041486
v -0.3420889 0.49123346 -0.81246376
v -0.30231279 0.44359964 -0.8558436
v -0.35199731 0.37582463 -0.84998953
v -0.34689262 0.43657293 -0.83331012
v -0.35463994 0.30833777 -0.86426389
v -0.37878143 0.52662926 -0.76417344
v -0.33977484 0.58501249 -0.75458103
v -0.29854992 0.55299884 -0.80594861
v -0.33933648 0.54067522 -0.78641098
v -0.25693267 0.61304342 -0.78586351
v -0.20894435 0.57192534 -0.83704578
v -0.25556737 0.50871264 -0.85206031
v -0.25526416 0.5634585 -0.82288569
v -0.25636816 0.44767886 -0.87497407
v -0.30522766 0.64175576 -0.72926008
v -0.27117717 0.69827145 -0.68848371
v -0.21461382 0.67217665 -0.75070345
v -0.26181238 0.65793877 -0.74076592
v -0.17044833 0.72965979 -0.70168149
v -0.16107972 0.6334275 -0.80797523
v -0.16424241 0.68396085 -0.75866174
v -0.1596563 0.57847267 -0.84831357
v -0.23533116 0.7538588 -0.63488066
v -0.19531039 0.80618482 -0.57245528
v -0.12273526 0.78291571 -0.64244443
v -0.18066611 0.77037072 -0.63901102
v -0.33239802 0.71177613 -0.62595832
v -0.30750453 0.76489549 -0.56825536
v -0.28626048 0.73403811 -0.63043195
v -0.38663834 0.76060998 -0.5053513
v -0.36153194 0.81061273 -0.43746092
v -0.27574935 0.81620729 -0.50260341
v -0.33366245 0.79026341 -0.50362885
v -0.35483849 0.65848195 -0.67241615
v -0.39912718 0.71145898 -0.56564629
v -0.37263628 0.68782651 -0.62171173
v -0.47543048 0.69288468 -0.50784349
v -0.47009792 0.74138534 -0.44654211
v -0.43321177 0.72866451 -0.50672453
v -0.54644441 0.70865786 -0.39797836
v -0.5288515 0.76353633 -0.32242274
v -0.45013791 0.79208755 -0.37613403
v -0.50305581 0.75284153 -0.38533625
v -0.54976964 0.60043633 -0.52304124
v -0.55160868 0.65408968 -0.46384599
v -0.51560503 0.64975619 -0.51171731
v -0.61033773 0.60305821 -0.43477341
v -0.60966759 0.66137743 -0.35802945
v -0.58197242 0.65826296 -0.414451
v -0.66759663 0.60154938 -0.31855499
v -0.66027164 0.66753983 -0.23025503
v -0.59710693 0.72181791 -0.27444422
v -0.63612037 0.66389656 -0.29516533
v -0.6031056 0.54921478 -0.50302374
v -0.64770543 0.49165272 -0.48230928
v -0.6622492 0.54215675 -0.40375113
v -0.63202846 0.54654467 -0.45786833
v -0.70749425 0.47849351 -0.36816373
v -0.7173165 0.53807503 -0.28098011
v -0.69133216 0.53852546 -0.34341409
v -0.75633966 0.47670143 -0.24408131
v -0.75828146 0.54545062 -0.15426445
v -0.71457505 0.6071521 -0.19114594
v -0.73951947 0.54086399 -0.21793913
v -0.68760633 0.4311344 -0.45208039
v -0.71932846 0.37255764 -0.41423231
v -0.74284148 0.41838949 -0.33045366
v -0.71657657 0.42320871 -0.39195793
v -0.77038461 0.36020249 -0.29114311
v -0.78674662 0.41699436 -0.20587849
v -0.76617616 0.41659283 -0.26848682
v -0.81108415 0.3560329 -0.16670647
v -0.81925606 0.42085954 -0.08037844
v -0.79260903 0.48365899 -0.11731255
v -0.80451005 0.41871601 -0.14294183
v -0.74477458 0.31327265 -0.37464329
v -0.76683682 0.24886918 -0.33537781
v -0.7933067 0.29937252 -0.25071653
v -0.7702474 0.30529943 -0.31294727
v -0.81218671 0.23324695 -0.21136899
v -0.82993769 0.29117471 -0.12889312
v -0.81340396 0.29483541 -0.18907421
v -0.84286165 0.21938733 -0.09537279
v -0.85215497 0.28428155 -0.01461686
v -0.83905053 0.35520952 -0.0453389
v -0.84282481 0.28785246 -0.07066011
v -0.7860794 0.17798753 -0.29843986
v -0.80110538 0.09455335 -0.26559054
v -0.82600325 0.15784876 -0.1760737
v -0.80807459 0.16829332 -0.23567639
v -0.83313578 0.06757043 -0.14930562
v -0.84933203 0.13757731 -0.06921351
v -0.83959305 0.14740109 -0.1208203
v -0.76800978 0.02599265 -0.36853984
v -0.80766588 -0.01510148 -0.24225521
v -0.78907609 0.00370204 -0.30677351
v -0.82171309 -0.02868099 -0.18542298
v -0.73358881 0.20096997 -0.41910141
v -0.75402617 0.11988813 -0.38925775
v -0.76112556 0.18791639 -0.36028984
v -0.71877944 0.06247505 -0.47069731
v -0.74615454 0.04593131 -0.42011705
v -0.71093738 0.27358314 -0.45606568
v -0.6921693 0.15141511 -0.50411868
v -0.70225632 0.21747407 -0.47859668
v -0.67780923 0.02156238 -0.54965472
v -0.68219745 0.07899691 -0.53133624
v -0.85330838 0.35133218 0.06904728
v -0.84517097 0.41634494 0.15648582
v -0.82728207 0.48924887 0.13139505
v -0.83867645 0.4229885 0.04133924
v -0.84341698 0.42121219 0.09984387
v -0.81664359 0.49008092 0.00893811
v -0.83067715 0.42257851 -0.01881445
v -0.85881662 0.205794 0.00962937
v -0.86127966 0.27337428 0.0903576
v -0.85815858 0.27972757 0.03910147
v -0.80283093 0.54832434 0.22501194
v -0.77104455 0.61659812 0.19462618
v -0.8012734 0.55729544 0.10061583
v -0.8035891 0.5547384 0.1632384
v -0.76615601 0.62166661 0.06579018
v -0.78655183 0.55438137 -0.02621704
v -0.79560917 0.55691587 0.0374243
v -0.72958743 0.68004113 0.15858133
v -0.677684 0.73965686 0.11841981
v -0.72099018 0.68303316 0.02817327
v -0.72705036 0.68286359 0.09306654
v -0.665178 0.74070775 -0.01226321
v -0.69777065 0.67713457 -0.10080039
v -0.74732089 0.61687284 -0.06273715
v -0.71123075 0.68097168 -0.03634242
v -0.77403199 0.55030965 -0.09020797
v -0.61546278 0.79539245 0.07474282
v -0.5437076 0.84546923 0.0268315
v -0.59935998 0.79261744 -0.05689713
v -0.6092 0.7954064 0.00885198
v -0.52531623 0.83589315 -0.10726489
v -0.56967508 0.7809261 -0.18967035
v -0.63791948 0.73308873 -0.14236086
v -0.58615839 0.78764641 -0.12294539
v -0.68077862 0.67229408 -0.16540405
v -0.46312978 0.88706833 -0.02657194
v -0.37473365 0.91885554 -0.08546085
v -0.44332808 0.86882096 -0.16354987
v -0.45461729 0.87924921 -0.09493721
v -0.3541854 0.89271533 -0.22463229
v -0.41071111 0.84285801 -0.30101174
v -0.49486956 0.81695544 -0.2426372
v -0.42894062 0.85655391 -0.23229327
v -0.55045157 0.77286154 -0.25673845
v -0.28164306 0.94067144 -0.14827077
v -0.1870172 0.95070326 -0.21340805
v -0.26248318 0.9062559 -0.28919023
v -0.2732436 0.9246 -0.21847532
v -0.17258709 0.90742588 -0.35693258
v -0.23294183 0.86316144 -0.43194156
v -0.32037633 0.85915017 -0.36465066
v -0.24918741 0.88582271 -0.36043351
v -0.38796615 0.82770162 -0.36962568
v -0.09236355 0.94699108 -0.28101536
v 0.0009693 0.92823743 -0.35379734
v -0.08268334 0.89472007 -0.43102613
v -0.08861586 0.92251551 -0.354595
v 0.00052777 0.86706644 -0.50685989
v -0.06744846 0.82910251 -0.57719367
v -0.14683455 0.8530339 -0.50465059
v -0.07462838 0.86330866 -0.50626075
v -0.21385222 0.83718282 -0.50305903
v 0.00017447 0.79371082 -0.64551007
v -0.0620788 0.79087972 -0.64471292
v -0.09744367 0.98689508 -0.14015275
v 0.00083137 0.97522008 -0.20867785
v -0.09520217 0.96861535 -0.20988899
v -0.19561018 0.98215991 -0.07366611
v -0.10007768 1.01087164 -0.00163671
v 0.00046824 1.0081197 -0.07002387
v -0.09908964 1.00119113 -0.07085789
v -0.19893077 0.99689233 0.06508391
v -0.10022103 1.01458144 0.13666693
v 0.00016715 1.02190339 0.06821356
v -0.10041406 1.01543641 0.06752626
v -0.19802139 0.99050343 0.20369865
v -0.09854525 0.99517542 0.27588161
v 0.00010961 1.01388263 0.20668348
v -0.09959879 1.00806927 0.20602066
v -0.19351571 0.95840072 0.34420824
v -0.09524836 0.94769305 0.41880175
v 0.000258 0.98107492 0.3474431
v -0.0970965 0.97524464 0.34668287
v -0.18537819 0.89663904 0.48946505
v -0.09011797 0.86803209 0.56757658
v 0.00039376 0.91774952 0.49343621
v -0.09295827 0.91221237 0.49247786
v -0.17275381 0.80157214 0.6389718
v -0.08274582 0.75123179 0.71787273
v 0.00041069 0.81914013 0.64476692
v -0.08665992 0.81439864 0.64328384
v -0.15723767 0.67054778 0.78281104
v -0.07581576 0.59880137 0.85373747
v 0.00030964 0.68264043 0.79103404
v -0.07887733 0.67925369 0.78885674
v -0.14705164 0.50345546 0.90329545
v -0.07381382 0.40988031 0.95846915
v 0.00017462 0.51135325 0.91309863
v -0.07414341 0.50893169 0.91056042
v -0.14593394 0.30068904 0.98814564
v -0.07597113 0.19366368 1.02641081
v -0.00005554 0.30584961 1.00010466
v -0.07451289 0.30399239 0.99716711
v -0.14780619 0.0822834 1.03508019
v -0.07827198 -0.02448598 1.05460333
v -0.00083697 0.08279681 1.04883515
v -0.07747065 0.08238686 1.04544949
v -0.14795559 -0.12023932 1.04437184
v -0.07818526 -0.21393328 1.04800176
v -0.00110051 -0.12443171 1.05861175
v -0.07826181 -0.12317218 1.05502009
v -0.1471059 -0.2953979 1.02401733
v -0.07743944 -0.38133031 1.01546835
v -0.00139057 -0.30079203 1.03788924
v -0.07803303 -0.29925948 1.03435337
v -0.14691978 -0.45351564 0.98239123
v -0.07626169 -0.52657264 0.96816808
v -0.00077536 -0.46025311 0.99621343
v -0.07679838 -0.45800587 0.99287563
v -0.14704191 -0.58870416 0.92921018
v -0.07731661 -0.6630069 0.90615177
v 0.0000235 -0.59213817 0.94447386
v -0.07652641 -0.59115481 0.94051146
v -0.14768973 -0.73683971 0.85923188
v -0.07195496 -0.81610173 0.83485668
v 0.00062229 -0.74439448 0.87122726
v -0.07636032 -0.74200403 0.86823678
v -0.13764123 -0.8577457 0.81203353
v -0.06813103 -0.90644848 0.80847382
v 0.00000625 -0.86444145 0.8201363
v -0.06820761 -0.8629508 0.8179084
v -0.13774214 -0.96278166 0.79673522
v -0.0690687 -1.03537416 0.80481827
v -0.00028584 -0.96407163 0.80574637
v -0.06877932 -0.96358013 0.80329859
v -0.13635893 -1.10757088 0.80449825
v -0.06578835 -1.18457424 0.82463443
v 0.00032704 -1.11632204 0.81563407
v -0.06780061 -1.11392116 0.81274116
v -0.13034717 -1.2368009 0.8305248
v -0.06335906 -1.30108428 0.85992598
v 0.00021143 -1.24604201 0.84257489
v -0.06431856 -1.24364328 0.83960777
v -0.12892322 -1.3555125 0.87574666
v -0.06095856 -1.42514002 0.91661989
v 0.00031511 -1.36709702 0.89070093
v -0.06222138 -1.36388194 0.88710856
v -0.1317929 -1.47252142 0.93228048
v -0.06333193 -1.5300585 0.96985364
v 0.00067465 -1.48262131 0.94799554
v -0.06078753 -1.47984898 0.94445008
v -0.15012736 -1.57100141 0.98096203
v 0.00123297 -1.57723927 0.99534034
v -0.06845977 -1.57580423 0.99235785
v -0.2042607 -1.40464329 0.88441073
v -0.2840009 -1.4494555 0.88648051
v -0.22366261 -1.514961 0.93764334
v -0.21176843 -1.46169924 0.9117124
v -0.31705495 -1.5502901 0.93674004
v -0.23984067 -1.56164491 0.96096181
v -0.3352285 -1.38123381 0.83096051
v -0.36008781 -1.49035561 0.88314437
v -0.34530288 -1.43741381 0.8572219
v -0.38127848 -1.53920674 0.90833711
v -0.19771146 -1.28498256 0.83377671
v -0.26795589 -1.33408522 0.83423095
v -0.20000284 -1.34486961 0.85751223
v -0.32629296 -1.26463949 0.78449541
v -0.32913538 -1.32336342 0.80616128
v -0.20047111 -1.16664254 0.80121737
v -0.26405209 -1.21595883 0.79394686
v -0.19771431 -1.2269622 0.81525683
v -0.32959178 -1.14382708 0.75375163
v -0.32651865 -1.2052803 0.76695615
v -0.20763091 -1.02768325 0.78480386
v -0.27176553 -1.08839523 0.77071088
v -0.20473469 -1.09859299 0.79064792
v -0.33692407 -1.0132122 0.74090242
v -0.33399701 -1.07856214 0.74487328
v -0.20693717 -0.90177917 0.79044461
v -0.27646184 -0.95630407 0.76649189
v -0.20763197 -0.96061146 0.78490817
v -0.33595132 -0.89266467 0.74670404
v -0.33703804 -0.95101904 0.7416979
v -0.21225619 -0.79700237 0.81723314
v -0.2753936 -0.84425449 0.78208512
v -0.20812489 -0.85082948 0.80053412
v -0.33763703 -0.78060519 0.77144867
v -0.33591884 -0.83750313 0.75625878
v -0.21633487 -0.65750658 0.8768118
v -0.28015363 -0.72445082 0.82181423
v -0.21571919 -0.73089146 0.84362036
v -0.34504258 -0.64444989 0.82284677
v -0.39843928 -0.70703411 0.75806373
v -0.3406614 -0.71668887 0.79374325
v -0.28469234 -0.57727724 0.88567161
v -0.35636362 -0.49766337 0.88207578
v -0.41473597 -0.55894303 0.81689846
v -0.35083216 -0.56840133 0.85449826
v -0.48205184 -0.48250198 0.79912602
v -0.53126812 -0.54261738 0.72096604
v -0.4642564 -0.62449312 0.74301457
v -0.47531783 -0.55035007 0.77255529
v -0.45295858 -0.69640231 0.71473383
v -0.42547234 -0.42256528 0.86621391
v -0.48919546 -0.34702071 0.84134066
v -0.54190766 -0.413933 0.77021247
v -0.48608872 -0.41751617 0.82153999
v -0.59882962 -0.34304785 0.73129093
v -0.63666218 -0.40573635 0.64924556
v -0.58732879 -0.47363668 0.68862545
v -0.59278255 -0.41044414 0.71183109
v -0.62197119 -0.52640742 0.60312831
v -0.58111304 -0.53495836 0.6626864
v -0.68105375 -0.3370653 0.60738432
v -0.69423103 -0.39092198 0.5409677
v -0.66100829 -0.45907381 0.57056421
v -0.67054152 -0.39900469 0.58986121
v -0.67622023 -0.50470173 0.50645494
v -0.65282213 -0.51610642 0.54998552
v -0.72546529 -0.3274444 0.51025706
v -0.73366498 -0.37737637 0.45620891
v -0.70385384 -0.43736374 0.48732382
v -0.71324276 -0.38302218 0.49947553
v -0.72166693 -0.4727121 0.43009603
v -0.69709956 -0.49179494 0.46907633
v -0.75922834 -0.33077204 0.42461469
v -0.76628905 -0.37576171 0.39055419
v -0.74831169 -0.41695401 0.40719348
v -0.75224655 -0.37514954 0.41846257
v -0.75695163 -0.46158939 0.35628768
v -0.73707658 -0.51060158 0.36062699
v -0.7453556 -0.45881018 0.38779133
v -0.74013149 -0.5518943 0.30187585
v -0.72564005 -0.56534373 0.33261513
v -0.77095979 -0.42258107 0.35337579
v -0.77049911 -0.46401512 0.32254755
v -0.75504231 -0.5065248 0.31053042
v -0.76295095 -0.46656841 0.33293277
v -0.7527095 -0.54654437 0.27277815
v -0.74690973 -0.54837554 0.28347814
v -0.79255306 -0.41882839 0.32355839
v -0.79251831 -0.45828637 0.30486759
v -0.7721458 -0.50314152 0.28622806
v -0.78302747 -0.46097835 0.30764764
v -0.76173359 -0.54509735 0.26073047
v -0.78783583 -0.37791732 0.34790602
v -0.80455952 -0.33379626 0.33604335
v -0.81133019 -0.37489682 0.32397899
v -0.7994374 -0.37640294 0.33339086
v -0.82960319 -0.32986104 0.31488812
v -0.83860516 -0.373362 0.31805893
v -0.81608355 -0.41255772 0.31670662
v -0.82384431 -0.372707 0.31908047
v -0.82185727 -0.45438668 0.31118893
v -0.80581623 -0.45254105 0.3070788
v -0.85699272 -0.33801537 0.31351235
v -0.87888038 -0.4021613 0.33600267
v -0.85201966 -0.42347991 0.32699209
v -0.85635495 -0.38522845 0.32450369
v -0.86375331 -0.47399297 0.33080342
v -0.84325534 -0.46054092 0.32122576
v -0.90687531 -0.36978387 0.33789187
v -0.92515903 -0.41953244 0.3545002
v -0.89283937 -0.44867354 0.34582984
v -0.90077704 -0.41296717 0.34573203
v -0.88120311 -0.49282795 0.33730772
v -0.88398265 -0.29186776 0.30630308
v -0.94907999 -0.28376728 0.32390743
v -0.91464889 -0.28970766 0.31497997
v -0.98913192 -0.29010477 0.33390781
v -0.96516758 -0.35550969 0.35028523
v -0.97286063 -0.28650981 0.33165115
v -0.97029459 -0.41437763 0.35933977
v -0.94991445 -0.41801226 0.35954281
v -1.02908957 -0.28459835 0.32023775
v -1.00349474 -0.35073623 0.34616273
v -1.01084828 -0.28892293 0.33014637
v -1.00831091 -0.40406084 0.34086263
v -0.99037998 -0.41017994 0.35341101
v -1.041193 -0.28268888 0.29149946
v -1.03244936 -0.34156087 0.31965646
v -1.03905546 -0.28309977 0.30685174
v -1.01926243 -0.39074268 0.30933314
v -1.01810503 -0.397785 0.32482814
v -1.02866196 -0.33092397 0.28966295
v -1.03563988 -0.27976381 0.27821743
v -1.01293301 -0.3833124 0.29634946
v -0.84592056 -0.28568154 0.29925781
v -0.85875415 -0.24566423 0.28343623
v -0.85695308 -0.28914552 0.29858815
v -0.82167238 -0.28860557 0.31600529
v -0.83749723 -0.24486918 0.29168131
v -0.83395606 -0.28564509 0.3052124
v -0.83170628 -0.217073 0.29042592
v -0.84482866 -0.18450817 0.26080796
v -0.84893119 -0.21154363 0.26953902
v -0.84102535 -0.21181103 0.27616336
v -0.86142343 -0.20910438 0.26733177
v -0.816275 -0.25534492 0.31783407
v -0.81709927 -0.20398142 0.33342164
v -0.83279883 -0.17281518 0.29737234
v -0.82419908 -0.21906051 0.3046745
v -0.83653819 -0.11305091 0.31685552
v -0.84454327 -0.15105718 0.26225054
v -0.84042865 -0.13438062 0.28682771
v -0.84891867 -0.15947192 0.24515768
v -0.79670965 -0.24655434 0.37329357
v -0.80452841 -0.17198409 0.40064716
v -0.82267814 -0.13445657 0.36027813
v -0.81041485 -0.18609909 0.36746364
v -0.82751762 -0.06736588 0.39176327
v -0.84043479 -0.05145343 0.33982026
v -0.83245885 -0.09022872 0.35208392
v -0.81003999 -0.10043677 0.43979746
v -0.80964922 -0.02322894 0.48247566
v -0.82888013 0.00742152 0.42629182
v -0.82052451 -0.04487977 0.43529439
v -0.82380831 0.09148192 0.46089619
v -0.84074652 0.09851022 0.39150148
v -0.84255129 0.01877251 0.3654896
v -0.83543646 0.05551299 0.41175991
v -0.84695345 -0.01796324 0.32191494
v -0.79985058 0.06426446 0.52685368
v -0.77931678 0.16087734 0.57019138
v -0.81123274 0.18391853 0.49389299
v -0.80573594 0.12662303 0.51357299
v -0.79102319 0.28142905 0.5224834
v -0.82218509 0.28028002 0.43629139
v -0.83420217 0.18682511 0.41599503
v -0.81669503 0.23533694 0.46799752
v -0.84946018 0.16828528 0.336521
v -0.84536093 0.13611055 0.36616164
v -0.80407446 0.37445145 0.44936898
v -0.83292341 0.349918 0.35771262
v -0.84342277 0.25874593 0.35064962
v -0.82763838 0.3184514 0.39932012
v -0.85644125 0.21823419 0.26681765
v -0.85314798 0.19545105 0.30326959
v -0.81683886 0.43786129 0.35586062
v -0.84175944 0.39395093 0.26300305
v -0.8513903 0.30802622 0.26916873
v -0.83776021 0.37493854 0.31208166
v -0.86126148 0.25252178 0.18465462
v -0.85923326 0.23716397 0.22728678
v -0.82601773 0.47422021 0.24815151
v -0.85601317 0.33756151 0.17452684
v -0.84442055 0.40752333 0.21099102
v -0.86211699 0.26448795 0.13895486
v -0.77948689 0.46545255 0.45242625
v -0.74810069 0.55020856 0.44340497
v -0.79411548 0.52012145 0.34403783
v -0.78726607 0.49648711 0.39997252
v -0.76373904 0.59533357 0.32209214
v -0.79948753 0.53710496 0.28547871
v -0.68767023 0.56205558 0.54498016
v -0.64092183 0.64072692 0.52259266
v -0.70954304 0.62681621 0.42175021
v -0.69914126 0.59841334 0.48477953
v -0.66317498 0.69548875 0.38874813
v -0.72480654 0.66356021 0.29096728
v -0.7182601 0.64819699 0.35688763
v -0.58794236 0.71095895 0.48655834
v -0.52736717 0.7759971 0.44046533
v -0.6080389 0.75855857 0.34689661
v -0.59919238 0.73772662 0.41678601
v -0.54339444 0.81856465 0.29890671
v -0.61772453 0.78517937 0.20880162
v -0.67635011 0.7262544 0.25250548
v -0.61427795 0.77417278 0.27742281
v -0.72873318 0.67388171 0.22467036
v -0.45790579 0.83871948 0.38755446
v -0.37939107 0.89903008 0.33012911
v -0.46949636 0.87609124 0.24672083
v -0.46477991 0.86022269 0.31658515
v -0.38628298 0.92777979 0.19046311
v -0.47177454 0.89138209 0.10956022
v -0.54933393 0.84086787 0.16120427
v -0.47192287 0.88642633 0.17782321
v -0.61820298 0.79210537 0.14126832
v -0.29178792 0.95096683 0.26855015
v -0.29492315 0.96861624 0.1295482
v -0.29408851 0.96295785 0.19884248
v -0.29189318 0.96337217 -0.00896251
v -0.38488295 0.93267571 0.05264737
v -0.29421296 0.96850937 0.06034376
v -0.46888026 0.89139455 0.04154294
v -0.28292846 0.90640544 0.41070225
v -0.28807479 0.93222183 0.33905661
v -0.36461237 0.84419059 0.47389766
v -0.26779413 0.83234781 0.55756366
v -0.27621811 0.87323647 0.48361742
v -0.43729728 0.77760404 0.53217113
v -0.44880211 0.81135159 0.45954117
v -0.34149438 0.76125627 0.62064468
v -0.24633133 0.72537148 0.70440661
v -0.2576527 0.78315275 0.63167721
v -0.50164997 0.70894622 0.58300817
v -0.40789884 0.68761205 0.67568504
v -0.42344546 0.73666065 0.60466569
v -0.46985024 0.60998147 0.71870839
v -0.37764701 0.56176543 0.80431962
v -0.31317144 0.64543604 0.7609815
v -0.39199087 0.62956094 0.74314564
v -0.55982065 0.63571316 0.62280154
v -0.57462215 0.67732751 0.55558377
v -0.61395317 0.5540626 0.64668536
v -0.53038334 0.52467727 0.74404662
v -0.54458373 0.5850681 0.6864798
v -0.59010785 0.43049314 0.74667346
v -0.5109995 0.37530285 0.83018833
v -0.44354268 0.47186791 0.82890653
v -0.51882392 0.45446097 0.7925086
v -0.72862523 0.47429919 0.55152475
v -0.66455531 0.46295246 0.6510635
v -0.67586278 0.51701104 0.60097634
v -0.71024096 0.3646368 0.6368916
v -0.64660358 0.32952866 0.72783613
v -0.65461778 0.40023317 0.69368648
v -0.6966716 0.22453403 0.69233489
v -0.63561403 0.16664232 0.76986277
v -0.57637292 0.27295231 0.80910337
v -0.64048159 0.25145745 0.7531811
v -0.76332175 0.37960892 0.54298806
v -0.74903577 0.26256793 0.60837274
v -0.7557764 0.32474479 0.57915794
v -0.73758518 0.11932938 0.64484971
v -0.74314224 0.19383767 0.63033133
v -0.56935322 0.08647586 0.83406287
v -0.500615 -0.01091406 0.88342738
v -0.43338078 0.0874999 0.92408192
v -0.50475329 0.19137311 0.87401652
v -0.50301283 0.08957295 0.88240146
v -0.43393996 0.29467359 0.89599037
v -0.50679999 0.28755664 0.85700547
v -0.68570244 0.06020461 0.71598702
v -0.625566 -0.01573423 0.77873003
v -0.63095778 0.07647925 0.77821207
v -0.67157274 -0.11318905 0.71027642
v -0.61201894 -0.19221089 0.76156908
v -0.56040853 -0.10365887 0.82914131
v -0.61918997 -0.10611005 0.772677
v -0.76700639 0.01899395 0.59053009
v -0.72407251 -0.04139426 0.65227502
v -0.73142683 0.04021913 0.6519801
v -0.74850428 -0.132087 0.58674216
v -0.70460915 -0.20090484 0.63608014
v -0.71518826 -0.12279675 0.646586
v -0.72077214 -0.27073496 0.56752312
v -0.65344405 -0.27176299 0.68468093
v -0.69251811 -0.27203092 0.62271249
v -0.78334927 -0.07091578 0.5357235
v -0.78707706 -0.14786312 0.48522138
v -0.75702667 -0.20642685 0.52780687
v -0.7717449 -0.13989858 0.53330278
v -0.7560333 -0.2707096 0.47470867
v -0.74049544 -0.26875749 0.52007162
v -0.78270971 -0.21890381 0.43731394
v -0.79731935 -0.15850207 0.44060766
v -0.77924847 -0.28962084 0.39711782
v -0.76923817 -0.27945381 0.4304659
v -0.79257547 -0.0021544 0.53393995
v -0.5505414 -0.27036842 0.80621463
v -0.42911869 -0.27268251 0.90371096
v -0.49435833 -0.19085392 0.87054896
v -0.49177479 -0.27065211 0.85813313
v -0.431423 -0.10702849 0.92378449
v -0.49748736 -0.10494493 0.8789522
v -0.60510319 -0.27093434 0.74757266
v -0.36147323 -0.35645413 0.92591863
v -0.29136407 -0.28352814 0.97807288
v -0.36265432 -0.19507229 0.95693558
v -0.36211711 -0.27716335 0.94384461
v -0.29122293 -0.11290831 0.99862277
v -0.36271596 -0.01774725 0.96511662
v -0.36311864 -0.10958807 0.96404075
v -0.21784201 -0.20579449 1.01889026
v -0.21743857 -0.02048195 1.02566504
v -0.21770364 -0.11654022 1.02591335
v -0.21601322 0.19029423 0.99996787
v -0.28846898 0.0823451 0.99202251
v -0.21681332 0.08238594 1.01731658
v -0.36012333 0.19146555 0.94844412
v -0.36153888 0.0839049 0.9604057
v -0.21603235 0.40123412 0.93717348
v -0.28609973 0.29684802 0.95284622
v -0.21543219 0.29808098 0.97319448
v -0.36128902 0.39444857 0.89689803
v -0.3594883 0.29656785 0.92742657
v -0.22535947 0.58288741 0.83666884
v -0.29192155 0.49071696 0.876212
v -0.21898505 0.49695095 0.89166361
v -0.36706471 0.48335248 0.8560884
v -0.21823591 -0.37122345 0.98641824
v -0.21807897 -0.28994754 1.00536513
v -0.29005461 -0.43881845 0.93780821
v -0.21751329 -0.51591497 0.93942529
v -0.21823678 -0.44717836 0.96386236
v -0.3598673 -0.42996674 0.90497845
v -0.77133965 0.42655092 0.50043523
v -0.23499447 0.65876519 0.77354002
v -0.79925721 -0.29884806 0.34720125
v -0.78225088 -0.33626437 0.37443745
v -0.78782171 -0.2959243 0.3751651
v -0.80984145 -0.29206323 0.33050322
v -0.77733659 -0.3775652 0.36780333
v -0.21645976 -0.5841012 0.91078341
v -0.28778648 0.95383894 -0.07847864
v -0.85591608 0.12825961 -0.02031089
v -0.68767678 0.33583468 -0.49473169
v -0.717013 0.3238582 -0.43516862
v -0.62874269 0.44771409 -0.55171781
v -0.66152864 0.39214545 -0.52936482
v -0.65768379 0.43996205 -0.50656545
v -0.65919178 0.34694099 -0.55121582
v -0.58991003 0.5017538 -0.56472152
v -0.57381629 0.550399 -0.54193842
v -0.56759047 0.46119672 -0.62376809
v -0.60075581 0.45394602 -0.58895677
v -0.34446215 0.62423592 -0.7166931
v -0.46507364 0.49260595 -0.70440518
v -0.41931155 0.51053631 -0.73768955
v -0.51864874 0.47459641 -0.6637026
v -0.68424511 -0.01017362 -0.55576682
v -0.65358924 -0.07859149 -0.70513129
v -0.65364253 -0.06052643 -0.70229744
v -0.64985984 -0.09561362 -0.70678436
v -0.81497776 -0.75480914 0.13735196
v -0.82720583 -0.75219345 0.15606284
v -0.79981076 -0.74951368 0.12338019
v -0.83620196 -1.85628688 1.12389349
v -0.70774298 -1.85681319 1.15048623
v -0.67083835 -1.77887749 1.07351768
v -0.75470602 -1.81714904 1.10068249
v -0.53255045 -1.78589797 1.0935924
v -0.58859849 -1.74000167 1.04365992
v -0.75056374 -1.93890321 1.21714472
v -0.63005018 -1.96357607 1.22770226
v -0.57620608 -1.87709307 1.16777408
v -0.66513627 -1.90725708 1.19383919
v -0.45694273 -1.91775322 1.18173623
v -0.48767411 -1.84877109 1.14211714
v -0.68708807 -2.04729032 1.27293157
v -0.58020544 -2.08850264 1.26910662
v -0.51759719 -2.00429797 1.23141205
v -0.60224354 -2.02357363 1.25224304
v -0.41518819 -2.06205368 1.23349523
v -0.35125047 -1.97896409 1.19560909
v -0.43398073 -1.98908066 1.21190297
v -0.48149648 -2.14580202 1.26240682
v -0.39134052 -2.21677684 1.25565934
v -0.32107985 -2.13258791 1.23563313
v -0.40101534 -2.13723254 1.24779748
v -0.23551382 -2.21066999 1.23879933
v -0.25270912 -2.0536828 1.20835447
v -0.24193684 -2.1310482 1.22639501
v -0.26821246 -1.97512555 1.18395066
v -0.46296179 -2.30740785 1.26606106
v -0.3831948 -2.38222885 1.25136959
v -0.30861404 -2.29604435 1.25007486
v -0.3854883 -2.3003931 1.25694763
v -0.2295482 -2.37459898 1.24407684
v -0.23192517 -2.29408884 1.24511206
v -0.45904696 -2.46620202 1.24414169
v -0.38274511 -2.52499914 1.22165453
v -0.30583897 -2.45129752 1.23665702
v -0.38315793 -2.45729541 1.23938047
v -0.22859823 -2.5138154 1.22023928
v -0.22852094 -2.44769048 1.23560535
v -0.45699188 -2.59769034 1.20093953
v -0.38112533 -2.65026474 1.16769671
v -0.30567759 -2.58137202 1.19692742
v -0.38198167 -2.58900356 1.1976732
v -0.2291184 -2.63536834 1.16754889
v -0.22885224 -2.57542324 1.19774937
v -0.45183152 -2.71737384 1.13621783
v -0.37643909 -2.75830721 1.09603452
v -0.30448395 -2.69894075 1.13137269
v -0.3789927 -2.70765209 1.13281989
v -0.22874525 -2.73974204 1.09371614
v -0.22889149 -2.69147229 1.13152957
v -0.44493472 -2.81471228 1.06290102
v -0.36771976 -2.85150671 1.01242399
v -0.30160042 -2.79313612 1.05486285
v -0.37423056 -2.80320787 1.05845308
v -0.21748343 -2.84546232 0.98875689
v -0.22733824 -2.78547167 1.05150628
v -0.42167154 -2.92828083 0.95333725
v -0.33978378 -2.99737024 0.864169
v -0.27643272 -2.92084837 0.92255979
v -0.3487156 -2.92533922 0.93616813
v -0.20081943 -2.97208213 0.85329902
v -0.20450367 -2.91544914 0.9127022
v -0.40931779 -3.06110191 0.82700204
v -0.34129992 -3.08063769 0.7898882
v -0.27091246 -3.02742433 0.81667798
v -0.34021005 -3.04322695 0.8216443
v -0.20138317 -3.05747342 0.77460533
v -0.20231095 -3.01438927 0.81249302
v -0.41308218 -3.14588069 0.75898659
v -0.33428347 -3.18851852 0.70546668
v -0.26559293 -3.11778593 0.740749
v -0.33880555 -3.12889242 0.75098848
v -0.19040522 -3.17119288 0.68509858
v -0.19633913 -3.11108923 0.73082083
v -0.41605192 -3.27718496 0.66393077
v -0.33411198 -3.32417488 0.61167025
v -0.25203275 -3.24139976 0.64855992
v -0.33349412 -3.25788855 0.65623557
v -0.18494303 -3.29504108 0.6000818
v -0.18647311 -3.2328906 0.64133274
v -0.40929731 -3.40541052 0.57716339
v -0.33449417 -3.45084261 0.53276938
v -0.25322857 -3.37051248 0.56501656
v -0.33458542 -3.38852977 0.5705403
v -0.18606731 -3.42044282 0.52429097
v -0.18492279 -3.35724186 0.56127858
v -0.40081924 -3.52723598 0.50338399
v -0.33194598 -3.57667875 0.46331101
v -0.25825771 -3.49868726 0.49174314
v -0.33323955 -3.51380872 0.49677196
v -0.1896438 -3.54956722 0.45604559
v -0.18782052 -3.48494291 0.48897156
v -0.26093894 -3.61954355 0.4315232
v -0.32957842 -3.63022279 0.43689042
v -0.18622359 -3.66499424 0.40386736
v -0.19064727 -3.61059832 0.42736619
v -0.4732601 -3.47718906 0.54917204
v -0.46350115 -3.53721976 0.51269912
v -0.4872756 -3.35596656 0.62910556
v -0.55203574 -3.43330812 0.59630352
v -0.4806402 -3.42055797 0.58551263
v -0.63370966 -3.38524341 0.6489644
v -0.62224674 -3.44494581 0.60783833
v -0.49623659 -3.23125267 0.71898114
v -0.56905257 -3.31073594 0.68221288
v -0.49396976 -3.29399013 0.67321705
v -0.64539212 -3.27152442 0.73187428
v -0.70924794 -3.34394264 0.69676417
v -0.64074516 -3.32755947 0.69007974
v -0.77960169 -3.30587983 0.74192291
v -0.77392911 -3.35949802 0.70202338
v -0.57173132 -3.19555711 0.76827049
v -0.648009 -3.16801452 0.81346952
v -0.71854281 -3.23594594 0.77948784
v -0.64760965 -3.21726965 0.7739166
v -0.78747695 -3.20198631 0.82549566
v -0.8483783 -3.27050566 0.78524279
v -0.78390204 -3.25300908 0.78342735
v -0.92077338 -3.23890709 0.82665252
v -0.91648793 -3.28967094 0.78505098
v -0.72950917 -3.1312735 0.86855137
v -0.80368161 -3.08161163 0.93100488
v -0.85649061 -3.15742182 0.88002109
v -0.7941389 -3.14354872 0.87607729
v -0.93499386 -3.10672569 0.94034832
v -1.00824964 -3.19645738 0.87971812
v -0.9260956 -3.17517113 0.88082832
v -1.10118174 -3.15163111 0.93431413
v -1.09025609 -3.21719789 0.87730842
v -0.87636935 -3.02742433 0.99417132
v -0.9539358 -2.97998261 1.04980087
v -1.02388906 -3.05975198 0.99744534
v -0.94565975 -3.04039573 0.9982441
v -1.10379862 -3.02363205 1.04145014
v -1.18651664 -3.11682891 0.9771409
v -1.1051495 -3.08664417 0.98947536
v -1.2785058 -3.08840131 1.0139203
v -1.26298201 -3.14098787 0.96716952
v -1.0297687 -2.94228243 1.09420371
v -1.10710263 -2.89766192 1.14211535
v -1.18688333 -2.99480319 1.07822513
v -1.10239505 -2.96405458 1.08942329
v -1.30175399 -2.95995235 1.12512064
v -1.38089263 -3.05646657 1.0548774
v -1.29224777 -3.03191041 1.06355845
v -1.45878195 -3.01911497 1.09852194
v -1.44357109 -3.07139325 1.04824447
v -1.20294308 -2.84639644 1.19817709
v -1.30435776 -2.81893205 1.23919343
v -1.40102386 -2.92867946 1.16952514
v -1.30247604 -2.88004303 1.19072783
v -1.47208201 -2.90210366 1.2069242
v -1.52511882 -2.98430728 1.13936781
v -1.4686532 -2.9623003 1.15240252
v -1.59851348 -2.95491838 1.17506337
v -1.59127831 -3.00556349 1.12221241
v -1.3937602 -2.79907989 1.27390098
v -1.47327673 -2.78036975 1.30496275
v -1.53978097 -2.87671327 1.241611
v -1.47176694 -2.84049367 1.25878047
v -1.61258888 -2.85521173 1.26995289
v -1.67048454 -2.9285283 1.20449245
v -1.60558724 -2.90550088 1.22422552
v -1.40504765 -2.6887331 1.34853363
v -1.49240815 -2.6748228 1.37148773
v -1.55332851 -2.76352214 1.33087635
v -1.48028945 -2.72415757 1.34335815
v -1.6359831 -2.75283193 1.34603476
v -1.6214745 -2.80258083 1.31222033
v -1.42767858 -2.59457826 1.39045727
v -1.52315425 -2.59074449 1.39915072
v -1.58283436 -2.66946792 1.3826971
v -1.50715017 -2.63082432 1.38984489
v -1.67369294 -2.67189312 1.3788526
v -1.65488672 -2.71092653 1.36739051
v -1.45629978 -2.51673078 1.39834117
v -1.55559337 -2.51903724 1.39174878
v -1.61794924 -2.5924983 1.39480221
v -1.53939569 -2.55398821 1.39974987
v -1.70884728 -2.59711933 1.3741399
v -1.75894522 -2.67692637 1.35825455
v -1.69158732 -2.63351631 1.38130295
v -1.48882699 -2.44507026 1.37208855
v -1.587237 -2.4455862 1.34470033
v -1.65058553 -2.52185225 1.36976993
v -1.57139158 -2.48305654 1.37401509
v -1.73968839 -2.52588677 1.32871747
v -1.72503268 -2.56156802 1.35693991
v -1.52559077 -2.36680579 1.29889822
v -1.61877679 -2.36865758 1.24266171
v -1.67820727 -2.44762063 1.29887878
v -1.60299992 -2.40671682 1.30146086
v -1.76250982 -2.45517063 1.23288583
v -1.75224089 -2.49035358 1.28824448
v -1.56621146 -2.29866361 1.17150819
v -1.64585149 -2.3180437 1.0982995
v -1.70103108 -2.37794971 1.16864585
v -1.63429582 -2.33692574 1.17086339
v -1.7721399 -2.40296888 1.09056305
v -1.83665049 -2.47177958 1.15293037
v -1.76940095 -2.42365407 1.16350352
v -1.8976928 -2.50173473 1.07274758
v -1.89880764 -2.52029562 1.13408255
v -1.71193969 -2.35324621 1.02561199
v -1.76855051 -2.40463495 0.95440459
v -1.8324784 -2.44414234 1.01732182
v -1.77207493 -2.39698457 1.02106463
v -1.87930786 -2.49690294 0.95396673
v -1.89077007 -2.49336028 1.01353013
v -1.75018322 -2.46555566 0.81729251
v -1.81533634 -2.47158432 0.88690394
v -1.76141345 -2.42638707 0.88829374
v -1.85383808 -2.55680441 0.82486385
v -1.86696887 -2.51829195 0.88940519
v -1.78404724 -2.56165885 0.74944931
v -1.7320007 -2.520653 0.7409985
v -1.88408291 -2.64866852 0.7834317
v -1.83545553 -2.60430955 0.76419079
v -1.65169286 -2.31297636 1.03007912
v -1.4249227 -2.36713075 1.33705544
v -1.37132704 -2.28624153 1.28953266
v -1.47112894 -2.29006218 1.23848068
v -1.44695937 -2.32665371 1.29401338
v -1.42542028 -2.2228837 1.17295503
v -1.4955554 -2.261029 1.17205667
v -1.26930236 -2.28349494 1.32648277
v -1.2222867 -2.1978321 1.28350055
v -1.32675683 -2.20894861 1.23502373
v -1.29713773 -2.24359655 1.28626108
v -1.28503775 -2.13753366 1.17498946
v -1.35572624 -2.18211507 1.17402398
v -1.11504423 -2.19090652 1.3172189
v -1.07030737 -2.10243558 1.27446603
v -1.18022203 -2.11559844 1.23211932
v -1.14670717 -2.15019798 1.28001666
v -1.13976812 -2.03970217 1.17287111
v -1.21293294 -2.08951067 1.17505621
v -0.95967948 -2.10030746 1.30002272
v -0.91410589 -2.01324772 1.25336885
v -1.02975261 -2.01880931 1.22089111
v -0.9930185 -2.05637598 1.26577997
v -0.99118673 -1.94252872 1.15716695
v -1.06596803 -1.99018323 1.16712975
v -0.79872381 -2.02267551 1.26945531
v -0.87348866 -1.93127489 1.19415116
v -0.83332788 -1.97398233 1.23707938
v -0.91484898 -1.89777374 1.14275491
v -1.01030218 -2.191226 1.33519291
v -0.90991431 -2.20227956 1.33892703
v -0.85219848 -2.1103754 1.30953955
v -0.93205845 -2.14900541 1.32390534
v -0.74761736 -2.13494706 1.30696749
v -0.77038765 -2.07624316 1.29232609
v -0.97128939 -2.29537916 1.35838675
v -0.878093 -2.32258582 1.34562718
v -0.81183087 -2.22753047 1.33106541
v -0.89238596 -2.26008892 1.3460474
v -0.71493399 -2.26994347 1.31414854
v -0.64586335 -2.17614555 1.29630243
v -0.72937524 -2.19916367 1.31411695
v -0.78564178 -2.36828422 1.32289671
v -0.69442057 -2.42865991 1.29297208
v -0.62117445 -2.33082938 1.29145026
v -0.7033286 -2.34797501 1.30695939
v -0.53555566 -2.40067338 1.26701831
v -0.54993617 -2.23466658 1.28161287
v -0.5408231 -2.31739473 1.27756619
v -0.56298542 -2.15854096 1.27878522
v -0.76629543 -2.51930451 1.28692269
v -0.6851536 -2.571244 1.25176525
v -0.61005395 -2.49038887 1.26155185
v -0.68818897 -2.50469565 1.27381622
v -0.53302884 -2.54362344 1.2321428
v -0.53360027 -2.47739601 1.25139594
v -0.75775361 -2.64341116 1.23700249
v -0.67743825 -2.69260907 1.19361984
v -0.60602402 -2.61800384 1.21600568
v -0.68280249 -2.63007688 1.22671127
v -0.52752071 -2.66998815 1.17608285
v -0.53091085 -2.60724449 1.20708894
v -0.74853771 -2.76686 1.16454625
v -0.66944044 -2.80925345 1.1180309
v -0.5971747 -2.74022507 1.14845931
v -0.67232644 -2.75345468 1.15629398
v -0.51977074 -2.78083205 1.10499763
v -0.52387774 -2.7281084 1.14157176
v -0.74405968 -2.87864828 1.08397913
v -0.67021715 -2.90903711 1.04120445
v -0.59105551 -2.84244632 1.07472646
v -0.66813033 -2.86021757 1.07984328
v -0.51195955 -2.87005496 1.03168344
v -0.51606249 -2.82740664 1.06856799
v -0.74724763 -2.99774789 0.98725324
v -0.66931313 -3.05998659 0.91152012
v -0.59410923 -2.94403886 0.99008935
v -0.67620015 -2.97490763 0.98708391
v -0.48009678 -3.03409385 0.87418735
v -0.49920144 -2.92649006 0.97748065
v -0.56548547 -3.10199403 0.8424853
v -0.65404045 -3.11834693 0.85680848
v -0.48509118 -3.11904192 0.80223023
v -0.48101049 -3.08104896 0.83281779
v -0.81574022 -2.9500761 1.04414677
v -0.81207847 -3.01447129 0.98984372
v -0.82016432 -2.84061145 1.12962389
v -0.88890492 -2.91118049 1.09133648
v -0.81763482 -2.89589285 1.08771157
v -0.9649207 -2.86826825 1.13883161
v -0.959239 -2.92573785 1.09411549
v -0.82885199 -2.7175157 1.21249985
v -0.89917081 -2.79280042 1.17936992
v -0.82463318 -2.77988553 1.17255067
v -0.97737872 -2.74782109 1.2238636
v -1.04526448 -2.81772255 1.19010257
v -0.97219616 -2.80561924 1.18490696
v -1.13266825 -2.77576112 1.23533356
v -1.1201694 -2.82951045 1.19539904
v -0.90418219 -2.67202734 1.25334167
v -0.98758161 -2.62314391 1.29427087
v -1.0618515 -2.70377206 1.2663275
v -0.98140037 -2.68761229 1.25996482
v -1.15259695 -2.65985512 1.30881583
v -1.22624039 -2.73950481 1.2781465
v -1.1434257 -2.72041463 1.27267146
v -1.3184297 -2.71012902 1.31700623
v -1.31082558 -2.76479125 1.27997338
v -1.07849359 -2.57889795 1.33178901
v -1.17106914 -2.54633951 1.36159157
v -1.24424886 -2.6265316 1.3448342
v -1.1611303 -2.60052561 1.33918619
v -1.33472466 -2.60571336 1.37191534
v -1.32605791 -2.65609908 1.34840774
v -1.10224711 -2.46773529 1.36913859
v -1.19540751 -2.45107317 1.38280463
v -1.26327467 -2.5273652 1.38192248
v -1.18223345 -2.49676227 1.37602424
v -1.35818469 -2.51812863 1.39419794
v -1.34547245 -2.55998611 1.3870567
v -1.12960577 -2.37101006 1.37570023
v -1.22570073 -2.3678348 1.37330961
v -1.29037261 -2.44527959 1.38777601
v -1.20985174 -2.40889477 1.38199818
v -1.38810741 -2.44467783 1.38486337
v -1.37239217 -2.48075676 1.39351475
v -1.16640532 -2.28149294 1.35006284
v -1.32466304 -2.36768293 1.3607527
v -1.2451719 -2.32586336 1.35536539
v -1.40564787 -2.40698814 1.36675822
v -1.03554952 -2.38454103 1.36819541
v -1.06698441 -2.28347683 1.36020386
v -1.04994475 -2.33263874 1.36808347
v -1.08817589 -2.23597931 1.34367871
v -1.01025819 -2.4995625 1.34530198
v -0.94375252 -2.41443324 1.35018706
v -1.02253842 -2.44009661 1.3606503
v -0.9203872 -2.54717588 1.31181824
v -0.99827456 -2.56182622 1.32253313
v -0.8352971 -2.59862351 1.27402079
v -0.8540607 -2.46163058 1.32210004
v -0.84363639 -2.53333067 1.29986858
v -0.86563521 -2.39064288 1.33759987
v -0.83046269 -2.65740609 1.24582374
v -0.49194702 -3.17024445 0.76376056
v -1.30616951 -2.61533308 0.3584218
v -1.2215898 -2.90151763 0.12760487
v -0.42145067 -1.36462426 -0.22997373
v -0.53384965 -1.24664187 -0.28465962
v -0.73206394 -0.81495684 -0.00251638
v -0.71199834 -0.8433007 0.02194522
v -0.64861899 -0.90908998 -0.41837596
v -0.74360734 -0.79938912 -0.04302854
v -0.63111794 -0.73066669 -0.60823285
v -0.65578413 -0.68705678 -0.60582298
v -0.58424627 -0.82376545 -0.59398663
v -0.86632287 -3.0802927 -0.25148719
v -0.57198339 -4.06628894 -0.37943118
v -0.57607448 -4.02189922 -0.38858732
v -0.57338589 -4.11687231 -0.37143093
v -0.23503245 -4.78690433 -0.13615006
v -1.19170582 -3.60734462 -0.15000498
v -1.19166207 -3.13314986 -0.01847029
v -1.90808677 -2.75483894 0.75736552
v -1.96542584 -2.74313354 0.82842987
v -1.92822921 -2.69595432 0.8050692
v -1.91761851 -2.88372111 0.7274518
v -1.88129043 -2.82755613 0.7064743
v -1.90728688 -3.00639939 0.69009149
v -1.95799434 -2.96720981 0.76240658
v -1.97119534 -2.85317802 0.8007555
v -1.94255542 -2.92993998 0.74592208
v -1.99249053 -2.78347444 0.85249686
v -1.88438701 -3.10880947 0.65243071
v -1.86657762 -3.07486414 0.63711321
v -1.85171854 -3.19514703 0.61815416
v -1.89989399 -3.16243863 0.68016558
v -1.93301773 -3.07075572 0.72004908
v -1.89534676 -3.13720893 0.66669529
v -1.96630573 -2.99747657 0.7780773
v -1.80301523 -3.27456712 0.581757
v -1.79363131 -3.25167179 0.56518799
v -1.74091708 -3.34731674 0.54165411
v -1.8020482 -3.3136034 0.61141717
v -1.85711062 -3.24291276 0.64490968
v -1.80557942 -3.2950356 0.59683537
v -1.89844226 -3.185292 0.69322967
v -1.68048381 -3.41139221 0.50425547
v -1.67955005 -3.39527893 0.48646283
v -1.62710821 -3.47122359 0.47065556
v -1.66874301 -3.43711376 0.53805577
v -1.7354176 -3.37803793 0.57478541
v -1.67673122 -3.42529702 0.52109932
v -1.79300332 -3.3300364 0.62657785
v -1.58050417 -3.53024292 0.44092595
v -1.58582902 -3.51868152 0.422809
v -1.53970527 -3.58950662 0.41634908
v -1.55957102 -3.54617929 0.48080435
v -1.61064934 -3.49211502 0.50667786
v -1.57191562 -3.53940534 0.45999813
v -1.65663886 -3.44661736 0.55656707
v -1.50260782 -3.64997386 0.39684325
v -1.51246428 -3.64376854 0.37490299
v -1.46592068 -3.71366381 0.38099572
v -1.46942162 -3.65604353 0.44443044
v -1.513448 -3.6002562 0.46033561
v -1.48850083 -3.65386629 0.42037046
v -1.54284346 -3.55052018 0.50291514
v -1.42776823 -3.77942323 0.36884638
v -1.44499778 -3.77720761 0.34329477
v -1.386626 -3.84614372 0.35936176
v -1.37596762 -3.77870965 0.42015203
v -1.42420971 -3.7162168 0.43085834
v -1.40512859 -3.78011679 0.39433965
v -1.44463276 -3.65628337 0.4688127
v -1.34121012 -3.91220879 0.35165926
v -1.36761891 -3.9130516 0.32571572
v -1.29006099 -3.97687387 0.34478849
v -1.26679515 -3.90188336 0.40359935
v -1.32348275 -3.84099316 0.41177034
v -1.30761385 -3.90878391 0.37786018
v -1.3387959 -3.77413058 0.4468182
v -1.23330962 -4.03961277 0.33707004
v -1.26968407 -4.04532575 0.31204846
v -1.17212843 -4.09976148 0.32699257
v -1.14233493 -4.0164442 0.38214057
v -1.20661103 -3.96068024 0.39384508
v -1.1910454 -4.03028488 0.36049699
v -1.21987927 -3.89109587 0.427446
v -1.10583365 -4.15637779 0.31456059
v -1.14884233 -4.16952323 0.29279166
v -1.03254723 -4.2088356 0.30019873
v -1.00016808 -4.11685991 0.35216236
v -1.07297503 -4.06842136 0.36847081
v -1.05499732 -4.13828086 0.33507829
v -1.08753013 -3.99846696 0.40106609
v -0.95412462 -4.25675916 0.28346526
v -1.00382661 -4.28108692 0.26331141
v -0.87410098 -4.29714489 0.26533266
v -0.84978187 -4.20181894 0.31222388
v -0.92550319 -4.1616888 0.33317461
v -0.90226638 -4.22956562 0.30005917
v -0.94453716 -4.09441375 0.36449384
v -0.79386478 -4.3267889 0.24743308
v -0.84044879 -4.36146831 0.23003761
v -0.7150129 -4.3468523 0.22994545
v -0.70005524 -4.26045179 0.26948821
v -0.77356529 -4.23489284 0.29061812
v -0.74678409 -4.2926979 0.26048702
v -0.79647612 -4.17453384 0.32002872
v -0.67592692 -4.39622497 0.19939909
v -0.65468591 -4.23141193 0.27484205
v -1.81706976 -2.72064065 1.32607984
v -1.73130214 -2.94202113 1.18532073
v -0.17987655 -3.73147559 0.37767216
v -0.03084951 -1.06120288 -0.96571296
v -0.00000303 -1.08948636 -0.92395299
v -0.02784313 -1.09004533 -0.92977142
v -0.0410314 -1.01885294 -0.97112846
v -0.00004653 -1.04365384 -0.97680556
v -0.03710531 -1.04137122 -0.97562491
v -0.08220315 -0.99445831 -0.95523876
v -0.03859067 -0.98583138 -0.94504082
v -0.00018093 -0.99882006 -0.95779818
v -0.04231112 -0.99768424 -0.95812237
v -0.08100021 -0.97614979 -0.92983591
v -0.04050914 -0.97503083 -0.98669207
v 0.00004812 -0.98748958 -0.96274709
v -0.04316169 -0.98286479 -0.9496355
v -0.09075906 -0.94962585 -0.98881781
v -0.04847804 -0.93486821 -1.0191884
v -0.00001035 -0.9622212 -1.02028453
v -0.04354536 -0.957286 -1.01275599
v 0.00004817 -0.88109469 -1.0091691
v -0.04584136 -0.87947583 -1.01070928
v -0.11223879 -0.98148262 -0.92466867
v -0.14633061 -0.97664713 -0.90139722
v -0.12283116 -0.96611988 -0.93463331
v -0.11375556 -0.97399175 -0.91378736
v -0.17114999 -0.95646864 -0.93679469
v -0.13409362 -0.94960141 -0.96038055
v -0.18005444 -0.99259293 -0.89983755
v -0.1824034 -0.97650104 -0.89632755
v -0.17572423 -0.98199164 -0.88800537
v -0.21409815 -0.95555418 -0.9185642
v -0.20011837 -0.96632927 -0.9142996
v -0.15336501 -1.00023007 -0.93540328
v -0.1839112 -1.00927448 -0.9167937
v -0.11782626 -0.9943937 -0.94819319
v -0.83005297 -0.35198858 0.20687735
v -0.72208094 -0.42933559 0.12928231
v -0.73074555 -0.42007899 0.12177036
v -0.7153325 -0.4412243 0.14020282
v -0.17282427 -0.65843677 -1.02039492
v -0.18598824 -0.66874665 -0.99804902
v -0.14734517 -0.65682894 -1.04061436
v -0.15614268 -0.65038162 -1.04399156
v -0.20067337 -0.2677614 -0.73408234
v -0.22245934 -0.27847778 -0.74307012
v -0.19784326 -0.25871029 -0.7354933
v -0.11783027 -1.20819056 -0.88722491
v -0.24561148 -0.95377767 -0.88946712
v -0.25074261 -0.96917229 -0.86070329
v -0.236309 -0.90183168 -0.9111306
v -0.23930156 -0.86374467 -0.90376949
v -0.22746515 -0.93451547 -0.91488349
v -0.53900551 -0.3682776 -0.74683165
v -0.66446191 -0.28013804 -0.54801088
v -0.89806497 -0.20235376 0.07682941
v -0.13269123 -0.65467369 -1.02923059
v -0.82295739 -0.48095503 0.06309911
v -0.82873976 -0.47492998 0.04609696
v -0.6801579 -0.79872 0.1710077
v -0.78450095 -0.54814231 0.0853172
v -0.79100322 -0.57747399 0.10013587
v -0.80150729 -0.50944012 0.07729566
v -0.81542086 -0.47376173 0.07254958
v -0.77811718 -0.52857297 0.08363625
v 0.21467486 -0.97624033 -0.88794928
v 0.23400542 -0.98160451 -0.86141336
v 0.21993491 -0.99636292 -0.86342787
v 0.19831576 -0.98598027 -0.87427139
v 0.21574717 -0.98678517 -0.8636474
v 0.36685621 -0.35984569 -0.59907501
v 0.33946716 -0.34550657 -0.60404372
v 0.35133698 -0.35197281 -0.56950938
v 0.37701034 -0.3664577 -0.57492244
v 0.357903 -0.35747081 -0.58700639
v 0.39293825 -0.3700549 -0.58526372
v 0.39820697 -0.36029958 -0.60741883
v 0.36709487 -0.35003921 -0.62321335
v 0.3810268 -0.36130294 -0.60463392
v 0.39594921 -0.36749154 -0.55404961
v 0.41746062 -0.37603524 -0.56606674
v 0.39933651 -0.37317141 -0.56983667
v 0.93108832 -0.08712054 0.1898154
v 0.91547232 -0.10447133 0.20521724
v 0.93858349 -0.10853385 0.22787511
v 0.94897401 -0.08843142 0.20759794
v 0.93337374 -0.09572131 0.20843794
v 0.9742006 -0.0940426 0.21919767
v 0.97416746 -0.07986015 0.1888265
v 0.94932287 -0.07894627 0.18437607
v 0.96232569 -0.08272101 0.20027101
v 0.93965619 -0.08026147 0.15540053
v 0.91626101 -0.08906484 0.16286905
v 0.9338029 -0.08188545 0.17232735
v 0.62233769 -0.8952617 0.33031198
v 0.64794385 -0.90779751 0.23731821
v 0.66241568 -0.83269107 0.21803599
v 0.63944643 -0.8386414 0.30210632
v 0.6438027 -0.86880517 0.27076205
v 0.60870099 -0.85321563 0.38254928
v 0.65418589 -0.78412765 0.29867434
v 0.62083345 -0.78682643 0.39212849
v 0.63056516 -0.8154869 0.34393715
v 0.56542158 -0.90559375 0.47621011
v 0.58752298 -0.97454166 0.4188143
v 0.59594696 -0.90409761 0.40239319
v 0.74876439 -0.41648083 0.20320984
v 0.72774469 -0.42077258 0.19281078
v 0.73015415 -0.39687204 0.19273746
v 0.74654412 -0.39568963 0.20080974
v 0.73548662 -0.40670234 0.19788898
v 0.75779384 -0.37318116 0.19705838
v 0.78004616 -0.39096701 0.20830605
v 0.76975053 -0.41003102 0.21031892
v 0.76367801 -0.38996249 0.20430512
v 0.78198242 -0.41903007 0.21325974
v 0.75190651 -0.43394845 0.19875621
v 0.76612752 -0.4187603 0.20863288
v 0.1130827 -0.12958818 -0.94765341
v 0.10869352 -0.16770023 -0.92359107
v 0.07853137 -0.18471138 -0.94032013
v 0.07027175 -0.14594736 -0.95776319
v 0.09271486 -0.15631556 -0.94258815
v 0.03236196 -0.16580359 -0.9597547
v 0.05321261 -0.10325516 -0.97542536
v 0.03835236 -0.13945479 -0.96567326
v 0.06874607 -0.02952032 -0.98912394
v 0.10782597 -0.06490206 -0.9894998
v 0.0678202 -0.0611829 -0.98400163
v 0.84612155 -0.71224051 0.21701756
v 0.82967293 -0.74473089 0.19546207
v 0.83578038 -0.74430781 0.17678326
v 0.85237348 -0.70571851 0.20742932
v 0.84158718 -0.73140716 0.19738656
v 0.86187887 -0.66718423 0.21790823
v 0.87812423 -0.63792282 0.25411596
v 0.85988163 -0.67798203 0.23419141
v 0.86332815 -0.67171871 0.2279587
v 0.05391503 -0.63851153 -1.01945543
v 0.06398153 -0.62991201 -1.02212595
v 0.07337821 -0.63233554 -0.96651399
v 0.05588896 -0.64973986 -0.97308075
v 0.06111966 -0.63647002 -0.99859666
v 0.06971758 -0.65232217 -0.946599
v 0.06438815 -0.67995417 -0.96320951
v 0.05052908 -0.66533803 -0.99372023
v 0.05705125 -0.66506838 -0.96505755
v 0.05209818 -0.66397154 -1.03873825
v 0.05593728 -0.63578826 -1.03877067
v 0.05165278 -0.64758807 -1.02639591
v 0.09950987 -0.631069 -0.96832311
v 0.09754974 -0.64741885 -0.93941563
v 0.08576013 -0.63678717 -0.94917994
v 1.97590804 -2.64970636 0.92145192
v 1.93418514 -2.6523087 0.85423904
v 1.90701258 -2.57077789 0.89523327
v 1.95827484 -2.59289193 0.95649105
v 1.94610488 -2.61496353 0.9047631
v 1.93568253 -2.54933714 1.00831317
v 1.98130345 -2.60196113 1.03430497
v 1.99030137 -2.62859678 0.98133766
v 1.97170531 -2.59160876 0.99993598
v 2.01200532 -2.69492483 0.97624421
v 1.99286568 -2.7248764 0.90399676
v 1.99723303 -2.67338562 0.94745916
v 0.50989496 -1.7043091 1.00232589
v 0.51127541 -1.63502693 0.92503035
v 0.40706107 -1.59532129 0.9305588
v 0.38357803 -1.66369199 0.99499678
v 0.45142823 -1.6496514 0.96438127
v 0.31894063 -1.75738179 1.07036221
v 0.21102422 -1.83330595 1.11652195
v 0.2889294 -1.89932954 1.15029454
v 0.40104895 -1.83458149 1.11950302
v 0.31112876 -1.83203876 1.11666953
v 0.26107752 -1.61309111 0.98279893
v 0.18225726 -1.66942501 1.02933573
v 0.29167029 -1.66899311 1.01502859
v 0.90728843 -0.33331173 0.22266882
v 0.860008 -0.34883534 0.21810355
v 0.86661565 -0.28741037 0.21757826
v 0.91253876 -0.29068854 0.21858449
v 0.8839252 -0.30656677 0.22026386
v 0.93195498 -0.25767546 0.21307076
v 0.95177114 -0.28050556 0.22320754
v 0.93604165 -0.31300947 0.22297702
v 0.93783444 -0.28304338 0.21819344
v 0.72717922 -0.4570584 0.17359916
v 0.73197931 -0.46920165 0.1566924
v 0.71850085 -0.45089626 0.14911638
v 0.7204945 -0.44688198 0.1788492
v 0.72458237 -0.45732519 0.16958145
v 0.72762441 -0.44007757 0.18735042
v 0.75317698 -0.45707866 0.1835993
v 0.7417047 -0.44716703 0.18744725
v 0.71468937 -0.42566379 0.17501415
v 0.72194093 -0.43669945 0.18549108
v 0.88000667 -0.1426617 0.08779869
v 0.86841881 -0.12275801 0.11089789
v 0.87483257 -0.11295868 0.13184572
v 0.89204019 -0.11606033 0.11095953
v 0.8783378 -0.12169164 0.10972721
v 0.9135822 -0.11953623 0.10430727
v 0.93308526 -0.11992961 0.11311802
v 0.91954517 -0.16100731 0.10403895
v 0.90597951 -0.16530685 0.08801657
v 0.91793185 -0.1392306 0.10016918
v 0.90303266 -0.09794355 0.13544285
v 0.92645722 -0.0928124 0.12743417
v 0.90839922 -0.10479547 0.11721123
v 0.88955992 -0.18271172 0.0709014
v 0.87179863 -0.22988565 0.05077035
v 0.86644446 -0.1759842 0.06468099
v 0.87787818 -0.17668087 0.06693869
v 0.71679842 -0.40242588 0.1748144
v 0.70929366 -0.42720818 0.15398651
v 0.71418023 -0.40458503 0.15902811
v 0.70932215 -0.41657078 0.16299572
v 0.72379171 -0.38409948 0.16897858
v 0.73832547 -0.37796551 0.18567842
v 0.72611308 -0.38816595 0.18120598
v 0.72424125 -0.4094811 0.13898079
v 0.73983579 -0.37377843 0.16257749
v 0.72240334 -0.3930557 0.15881183
v 0.77436447 -0.52904796 0.08920209
v 0.77354693 -0.51850706 0.11571049
v 0.79202175 -0.53507536 0.13033591
v 0.79016852 -0.55159497 0.10780191
v 0.78354585 -0.53399282 0.11054435
v 0.74907541 -0.74481833 0.06336972
v 0.77872443 -0.66079282 0.02977561
v 0.8109073 -0.56090664 0.04695209
v 0.76996505 -0.69919383 0.07186365
v 0.77405393 -0.67983645 0.05216203
v 0.70047533 -0.80391258 0.0873624
v 0.72176641 -0.79143112 0.05290092
v 0.72495555 -0.75560331 0.08892078
v 0.72905975 -0.76620411 0.07223962
v 0.73073184 -0.74219101 0.10287171
v 0.7098031 -0.74008637 0.13770806
v 0.69909668 -0.76915532 0.13413767
v 0.71619653 -0.7489171 0.11064343
v 0.8536731 -0.34479081 0.04642216
v 0.86872142 -0.32894051 0.05794626
v 0.84579968 -0.37306305 0.05873144
v 0.84054631 -0.38589254 0.04528205
v 0.84880173 -0.36356842 0.05205151
v 0.84998679 -0.30852007 0.03560598
v 0.8731749 -0.29719695 0.05310119
v 0.85990458 -0.30889535 0.04381042
v 0.84383118 -0.33859652 0.02099356
v 0.8457874 -0.25826644 0.02311331
v 0.84834605 -0.22778247 0.03890007
v 0.84678185 -0.27494937 0.02953898
v 0.72911971 -0.30363613 -0.49088159
v 0.71951282 -0.33074834 -0.50598394
v 0.67948478 -0.29672867 -0.52869212
v 0.69847089 -0.28764513 -0.51886475
v 0.70578998 -0.30295184 -0.51278823
v 0.72578269 -0.25617092 -0.50041258
v 0.68310636 -0.27689951 -0.53623843
v 0.71562445 -0.22551441 -0.52800357
v 0.70596414 -0.26488518 -0.520424
v 0.76207649 -0.21863035 -0.44213336
v 0.77224767 -0.30774009 -0.42424365
v 0.75096792 -0.2743248 -0.4620887
v 0.41530185 -0.09065427 -0.52862751
v 0.43546554 -0.10861258 -0.53845131
v 0.42711207 -0.11624805 -0.5088889
v 0.40932396 -0.0934908 -0.51434993
v 0.42056509 -0.09635053 -0.52378106
v 0.38801813 -0.10660194 -0.49066466
v 0.36350548 -0.08804328 -0.50916433
v 0.39099401 -0.08348064 -0.52488786
v 0.38757568 -0.09116158 -0.507281
v 0.36952918 -0.07635511 -0.55243432
v 0.40345159 -0.08799754 -0.57072335
v 0.39237964 -0.082215 -0.54163718
v 0.23694142 -0.27629071 -0.70266854
v 0.26118829 -0.26936355 -0.73307639
v 0.22441396 -0.27636429 -0.72676438
v 0.21918344 -0.27313605 -0.70777237
v 0.22866377 -0.27726846 -0.71272087
v 0.21506446 -0.25990092 -0.72371995
v 0.25084781 -0.2411202 -0.72818732
v 0.23296469 -0.25891768 -0.70052522
v 0.22808927 -0.26041036 -0.71303933
v 0.23505108 -0.27387902 -0.68498927
v 0.26212614 -0.28521472 -0.67626017
v 0.2629936 -0.27285113 -0.70509219
v 0.24544522 -0.27492269 -0.69467157
v 0.22082975 -0.25270852 -0.67970025
v 0.22500625 -0.23771154 -0.6649332
v 0.24525617 -0.27613836 -0.66550701
v 0.22802084 -0.26088887 -0.67593371
v 0.25615865 -0.232728 -0.69839406
v 0.23164582 -0.23268669 -0.67135942
v 0.23219022 -0.24795264 -0.68516469
v 0.31110149 -0.36461395 -0.78985714
v 0.27815875 -0.34338325 -0.78827667
v 0.30110204 -0.3217799 -0.78849524
v 0.3326908 -0.34409526 -0.79376804
v 0.30176776 -0.34471947 -0.78987252
v 0.36437666 -0.33757242 -0.79776835
v 0.40384626 -0.3562518 -0.79501962
v 0.34982794 -0.37125018 -0.79317009
v 0.36406576 -0.34869766 -0.79647034
v 0.35472601 -0.39691066 -0.79122883
v 0.30919906 -0.3874579 -0.79148095
v 0.32847225 -0.38173744 -0.79033148
v 0.43785131 -0.47158125 -0.79237431
v 0.34861162 -0.4603531 -0.80609345
v 0.42678415 -0.39841672 -0.78618085
v 0.39069023 -0.41565179 -0.79173958
v 0.52788925 -0.47155284 -0.76605749
v 0.51341664 -0.57175409 -0.77564352
v 0.41582021 -0.58146834 -0.80185306
v 0.47851747 -0.52820181 -0.78745609
v 0.45349192 -0.34882417 -0.78924876
v 0.49814826 -0.37133821 -0.76862472
v 0.44962471 -0.36534363 -0.7863118
v 0.10419155 -0.44238492 -0.96885961
v 0.11142865 -0.38091632 -0.94623196
v 0.13402053 -0.447104 -0.93129068
v 0.12695607 -0.49004155 -0.95030301
v 0.11429785 -0.445845 -0.95144182
v 0.18111354 -0.55176895 -0.91764318
v 0.18453487 -0.58049583 -0.93628448
v 0.13371151 -0.52109003 -0.95767319
v 0.15309825 -0.53595691 -0.94104248
v 0.18051652 -0.58801245 -0.97660923
v 0.15374466 -0.57205545 -1.01318681
v 0.11680048 -0.51537913 -1.00217175
v 0.14372012 -0.5436483 -0.98248112
v 0.12835839 -1.14668798 -0.89342409
v 0.08427754 -1.13797092 -0.90158581
v 0.11606915 -1.10949385 -0.9202702
v 0.15339949 -1.1123563 -0.90526735
v 0.12027702 -1.12771511 -0.90637308
v 0.17941159 -1.11671614 -0.8877151
v 0.17517522 -1.07427358 -0.91378599
v 0.20967333 -1.05989742 -0.88765507
v 0.18203753 -1.09272611 -0.89864802
v 0.18375928 -1.16165339 -0.86896693
v 0.12442444 -1.18832004 -0.88141942
v 0.15379011 -1.15659225 -0.88214159
v 0.26688867 -1.04072833 -0.83841955
v 0.2983866 -1.0365827 -0.83027499
v 0.31357833 -1.09940767 -0.81224083
v 0.25633347 -1.12054765 -0.8399688
v 0.28684115 -1.07194411 -0.83061546
v 0.2390398 -1.02366471 -0.85741734
v 0.25284797 -0.98440748 -0.84056484
v 0.27219182 -1.0002352 -0.83580303
v 0.25967437 -1.00700759 -0.83804535
v 0.20538277 -1.01795029 -0.89636182
v 0.22191767 -1.02413439 -0.87672328
v 0.14144316 -1.07890975 -0.93173217
v 0.07809896 -1.09528458 -0.93316119
v 0.10982603 -1.0629599 -0.95029616
v 0.11361417 -1.09143424 -0.93346804
v 0.14048048 -1.0421133 -0.94685888
v 0.17774888 -1.03192031 -0.9254648
v 0.16300812 -1.05811488 -0.92935526
v 0.07441221 -1.03693556 -0.97154736
v 0.11631672 -1.01604652 -0.95970004
v 0.10843399 -1.03445732 -0.96326494
v 0.03912712 -0.76245927 -1.01624059
v 0.03481333 -0.73404681 -1.07006275
v 0.05952893 -0.72032606 -1.00151348
v 0.03393053 -0.74745768 -1.04015767
v 0.09001741 -0.75617623 -0.97661113
v 0.04445927 -0.83496147 -1.00354194
v 0.04330178 -0.79520613 -1.00636088
v 0.13024017 -0.70143413 -0.9643687
v 0.1735576 -0.70591872 -0.95814579
v 0.13694664 -0.74275481 -0.94361436
v 0.13188141 -0.72015798 -0.95838856
v 0.05085704 -0.69742023 -1.02064836
v 0.08893502 -0.68262898 -0.94933676
v 0.06798797 -0.69763749 -0.97664493
v 0.11556485 -0.64536666 -0.9589591
v 0.11838971 -0.6737613 -0.95810043
v 0.10787478 -0.65936237 -0.9435051
v 0.13930451 -0.67379117 -0.99978226
v 0.16668798 -0.68552631 -0.99589896
v 0.13707026 -0.68537432 -0.97664582
v 0.07997954 -0.64170062 -1.0506072
v 0.09244617 -0.63007265 -1.01969301
v 0.06925432 -0.63112354 -1.03276217
v 0.11733082 -0.64552474 -1.01231169
v 0.10835426 -0.63706231 -0.99158495
v 0.1702329 -0.73228544 -0.90751314
v 0.20403519 -0.81707239 -0.9159823
v 0.15364593 -0.84910845 -0.9586755
v 0.15875983 -0.76737296 -0.92614489
v 0.18818657 -0.91630828 -0.94551694
v 0.13985998 -0.93137413 -0.97323191
v 0.08774625 -0.88643884 -1.00061798
v 0.14379173 -0.90474247 -0.97308063
v 0.09352052 -0.66629612 -1.1195929
v 0.11776415 -0.627227 -1.10631322
v 0.13928139 -0.64833033 -1.0683273
v 0.10884642 -0.65966224 -1.08295333
v 0.11774922 -0.65316045 -1.09521889
v 0.04702742 -0.71193796 -1.12058937
v 0.05059526 -0.65280503 -1.16350996
v 0.05031627 -0.68943142 -1.14917862
v 0.12235502 -0.64850992 -1.04656958
v 0.07199235 -0.66409301 -1.0729866
v 0.09427849 -0.65437609 -1.06990313
v 0.05842031 -0.70050782 -1.07887721
v 0.04114482 -0.72273397 -1.09523332
v 0.05647033 -0.6791656 -1.05666828
v 0.24421766 -0.18025907 -0.86383545
v 0.21360254 -0.17800335 -0.87834936
v 0.23599258 -0.15943959 -0.89683544
v 0.27164918 -0.16321057 -0.87156391
v 0.23693284 -0.17307496 -0.87974268
v 0.28851372 -0.16407805 -0.84755855
v 0.27617931 -0.17856785 -0.82132226
v 0.2325987 -0.19780325 -0.83754634
v 0.25917023 -0.1820307 -0.8430438
v 0.33215925 -0.13641403 -0.8629632
v 0.3243927 -0.14522391 -0.84504079
v 0.31469315 -0.14841701 -0.85322547
v 1.11802649 -3.41931343 -0.17536407
v 1.13914072 -3.55949449 -0.18693317
v 1.04687142 -3.60647344 -0.26578691
v 1.00744843 -3.46867966 -0.26811838
v 1.0792123 -3.51021289 -0.22557605
v 0.99538964 -3.24420666 -0.21870325
v 1.02092957 -3.12562537 -0.1588101
v 1.13107073 -3.17211103 -0.08640029
v 1.11272454 -3.2896893 -0.14364519
v 1.06449675 -3.21252441 -0.15655905
v 0.90719473 -3.55012726 -0.34498295
v 0.84598457 -3.43872809 -0.35669434
v 0.93433088 -3.35069775 -0.28817018
v 0.92839384 -3.44728016 -0.31356781
v 0.84155082 -3.26504945 -0.31983238
v 0.89414674 -3.16843533 -0.2626867
v 0.91935515 -3.25890994 -0.27363836
v 1.22486543 -3.29640054 -0.04814419
v 1.22389674 -3.40609717 -0.08010556
v 1.16913092 -3.35197687 -0.11524291
v 0.55510795 -4.31405687 0.23511154
v 0.49502325 -4.25028562 0.25204858
v 0.44790685 -4.29780674 0.22533187
v 0.49744376 -4.34746074 0.21121309
v 0.48965603 -4.30292177 0.22943687
v 0.5600211 -4.37075233 0.20944857
v 0.63610249 -4.36615562 0.22217986
v 0.62991958 -4.28850317 0.25868299
v 0.60040342 -4.33547544 0.23227945
v 0.4697752 -4.40089988 0.18284712
v 0.54125112 -4.43235302 0.17573362
v 0.51577305 -4.38914871 0.19432844
v 1.75274932 -2.81695413 1.29618656
v 1.68311429 -2.83373737 1.28494107
v 1.73316741 -2.89794039 1.22418165
v 1.78719627 -2.8618226 1.25076186
v 1.73893964 -2.85658049 1.26384568
v 1.80680632 -2.8161323 1.28502726
v 1.79418325 -2.75800204 1.32126355
v 1.72030806 -2.750247 1.34073674
v 1.77427327 -2.78716802 1.31309962
v 1.83694672 -2.88919162 1.20071232
v 1.86113596 -2.82733249 1.24514484
v 1.82594513 -2.8488996 1.24815321
v 0.86001157 -0.14026713 0.08769471
v 0.84866744 -0.1737519 0.05793834
v 0.85487121 -0.17593291 0.06195059
v 0.85979098 -0.10206554 0.11891009
v 0.86248266 -0.10824163 0.13620717
v 0.8622213 -0.11861412 0.11255881
v 0.84569466 -0.20579299 0.02896108
v 0.84275674 -0.18549126 -0.00881588
v 0.85205 -0.13157403 0.05759912
v 0.84719061 -0.17591694 0.04167904
v 0.89036089 -0.25325954 0.06915205
v 0.88305616 -0.29439193 0.07320877
v 0.88125741 -0.2947179 0.06348595
v 0.47103324 0.59725004 -0.61576116
v 0.53709977 0.55329239 -0.5824806
v 0.50592482 0.51994347 -0.6435064
v 0.44987842 0.57121729 -0.66267681
v 0.49161589 0.56003069 -0.62628686
v 0.41488161 0.55282288 -0.71356582
v 0.38033008 0.60636627 -0.70337069
v 0.42099002 0.61414063 -0.6555252
v 0.41431576 0.58766388 -0.686589
v 0.40821486 0.6622529 -0.61824572
v 0.47570359 0.64373278 -0.56396251
v 0.44133895 0.6319924 -0.61486518
v 0.61382103 -0.26885008 -0.57618212
v 0.59284889 -0.26730707 -0.57858222
v 0.59495317 -0.25169584 -0.60140454
v 0.61859989 -0.25376826 -0.60431057
v 0.6010735 -0.25794148 -0.589015
v 0.63743937 -0.26319342 -0.58972811
v 0.64734804 -0.27950507 -0.55881732
v 0.62110221 -0.28289246 -0.55267626
v 0.6299802 -0.27616059 -0.56675243
v 0.62712222 -0.2407884 -0.62855809
v 0.6472615 -0.24938881 -0.60461622
v 0.63408339 -0.25186687 -0.60862833
v 0.57226771 -0.25843492 -0.60027331
v 0.57292699 -0.25095111 -0.61611205
v 0.59045946 -0.23625557 -0.63209241
v 0.58252787 -0.2503744 -0.61300349
v 0.5808708 -0.23412406 -0.65529358
v 0.58215433 -0.22327952 -0.67765003
v 0.59493684 -0.22905653 -0.65089011
v 0.58769702 -0.22893297 -0.65225935
v 0.4346261 -0.34989973 -0.60550165
v 0.40811169 -0.34419286 -0.63115227
v 0.42423379 -0.36413583 -0.58906745
v 0.41638633 -0.35518458 -0.61010646
v 0.44541269 -0.35866561 -0.57589113
v 0.46178877 -0.34401866 -0.57055842
v 0.44190108 -0.33657527 -0.61691749
v 0.44829535 -0.34713569 -0.59310555
v 0.43821036 -0.36762145 -0.55522286
v 0.43195968 -0.3711462 -0.56550765
v 0.59221303 -0.27952674 -0.64489036
v 0.59708702 -0.2761532 -0.59955883
v 0.61273187 -0.29655128 -0.60902446
v 0.60107064 -0.31566238 -0.66382819
v 0.60210871 -0.28662434 -0.62226104
v 0.59586328 -0.35775643 -0.69482517
v 0.56930774 -0.35710462 -0.72394704
v 0.5849936 -0.31701493 -0.6982128
v 0.58986342 -0.34027651 -0.69819355
v 0.56425035 -0.29958191 -0.72300249
v 0.57561767 -0.26711845 -0.67674839
v 0.58045971 -0.2864843 -0.68674856
v 0.55973464 -0.26524117 -0.70153731
v 0.56199336 -0.25381249 -0.6619209
v 0.5737341 -0.25793555 -0.63346064
v 0.56954002 -0.25839152 -0.66953456
v 0.56586968 -0.25872707 -0.60399806
v 0.58073478 -0.26516315 -0.59338975
v 0.57196044 -0.26101356 -0.60181975
v 0.60504406 -0.27802783 -0.5650838
v 0.59177029 -0.27050098 -0.58016741
v 0.69387674 -0.75051772 -0.47025361
v 0.70615154 -0.76508474 -0.41193088
v 0.69130051 -0.83605611 -0.38465398
v 0.67899215 -0.80314862 -0.45218884
v 0.69296199 -0.78852212 -0.43103763
v 0.64955425 -0.85786908 -0.45614606
v 0.62394321 -0.81982922 -0.53520786
v 0.67537689 -0.75766825 -0.50710308
v 0.66122144 -0.80918425 -0.48192685
v 0.67511332 -0.70356237 -0.55647885
v 0.70232683 -0.68989795 -0.50203281
v 0.68815833 -0.72357618 -0.51073896
v 0.4343487 -1.09774422 -0.69252002
v 0.46880787 -1.17998528 -0.58153486
v 0.43734642 -1.25295651 -0.58152616
v 0.40244439 -1.22526812 -0.6673972
v 0.43761965 -1.19462621 -0.62899118
v 0.3720588 -1.31298112 -0.64960926
v 0.33417362 -1.30959987 -0.71600741
v 0.3570863 -1.21023011 -0.74088424
v 0.36784815 -1.26843965 -0.69406133
v 0.31131061 -1.23156857 -0.77904474
v 0.35430082 -1.06888842 -0.79603028
v 0.33864221 -1.15292346 -0.77930361
v 0.38500109 -0.67859083 -0.81210005
v 0.32500678 -0.60693854 -0.83076465
v 0.33419793 -0.53812044 -0.8186838
v 0.36551791 -0.59649103 -0.81377589
v 0.43172252 -0.79464143 -0.78510677
v 0.37083074 -0.93727707 -0.82005918
v 0.32929796 -0.8203535 -0.84437078
v 0.37839633 -0.82193613 -0.81833839
v 0.29312688 -0.95645332 -0.85949587
v 0.2667357 -0.9513843 -0.86438649
v 0.27008321 -0.90391683 -0.88579535
v 0.2927159 -0.89766252 -0.87070083
v 0.28416222 -0.93044138 -0.87395608
v 0.40345394 -1.0001297 -0.77572727
v 0.33114972 -0.99573332 -0.83411395
v 0.3658925 -0.99822825 -0.81308615
v 0.30006098 -0.99300336 -0.84128594
v 0.13718335 -1.28899395 -0.88942176
v 0.11535302 -1.33958506 -0.90175616
v 0.07401673 -1.29386866 -0.92021471
v 0.10551133 -1.25334024 -0.90228414
v 0.10464593 -1.29926753 -0.90838545
v 0.26127764 -0.12706114 -0.65026956
v 0.2396166 -0.14760923 -0.64456635
v 0.26780656 -0.16165193 -0.67447048
v 0.28778123 -0.13556255 -0.68161922
v 0.26123994 -0.14280256 -0.66076433
v 0.30255028 -0.10846384 -0.67154306
v 0.30652183 -0.09298481 -0.64780569
v 0.25430446 -0.11446392 -0.62734663
v 0.28076192 -0.10984394 -0.6491363
v 0.31908181 -0.12912902 -0.71373546
v 0.33221641 -0.10395783 -0.69997954
v 0.31591489 -0.11642204 -0.69660621
v 0.171852 -0.26278579 -0.76996207
v 0.15820117 -0.24195708 -0.78853154
v 0.19178545 -0.23913337 -0.77171093
v 0.18554762 -0.2562837 -0.74919712
v 0.17051799 -0.25063514 -0.76726883
v 0.19802007 -0.28861936 -0.77141124
v 0.18453344 -0.31027776 -0.79441344
v 0.16431574 -0.28832718 -0.79561632
v 0.17728935 -0.28907233 -0.78183037
v 0.22154367 -0.28479659 -0.75648832
v 0.26106017 -0.30105528 -0.77608817
v 0.23660939 -0.31515008 -0.78312009
v 0.22668288 -0.29660815 -0.77077782
v 0.19663676 -0.61353457 -0.95878917
v 0.19307451 -0.64295828 -0.98800623
v 0.17887699 -0.60753965 -1.0026046
v 0.19034025 -0.61129319 -0.97895777
v 0.16178098 -0.62968987 -1.04073822
v 0.1373099 -0.59091448 -1.06518757
v 0.16145482 -0.60116231 -1.02948248
v 0.41142189 -0.16846205 -0.81943225
v 0.36820396 -0.16900661 -0.81244581
v 0.32739111 -0.16787663 -0.80703795
v 0.35592079 -0.15604063 -0.81649172
v 0.36433762 -0.16404843 -0.81713122
v 0.46688658 -0.16332761 -0.81193316
v 0.50157129 -0.19000323 -0.79733872
v 0.4551956 -0.18743974 -0.81098061
v 0.45912087 -0.17954668 -0.81452012
v 0.44170352 -0.14629699 -0.8302235
v 0.49736657 -0.14191184 -0.82651525
v 0.51910579 -0.16701182 -0.79973906
v 0.48089331 -0.15660014 -0.81708967
v 0.37598434 -0.14681074 -0.83361232
v 0.36371237 -0.12446443 -0.86317992
v 0.41462099 -0.11893269 -0.85569453
v 0.39975243 -0.13315543 -0.84594261
v 0.31479078 -0.16289874 -0.81239491
v 0.34450209 -0.15392953 -0.8229829
v 0.29261264 -0.16665332 -0.49654763
v 0.31104153 -0.19714605 -0.47440946
v 0.28826323 -0.21119305 -0.49758565
v 0.27285516 -0.18121467 -0.51398956
v 0.29068839 -0.19158071 -0.49356073
v 0.27100232 -0.14848169 -0.52257037
v 0.28566336 -0.11269924 -0.52603161
v 0.31452566 -0.13552236 -0.49345806
v 0.28907591 -0.13972923 -0.50923574
v 0.25282785 -0.18204209 -0.54330611
v 0.24909168 -0.14411968 -0.55189502
v 0.25932025 -0.16435307 -0.53292202
v 0.80325269 -0.7510333 0.19298127
v 0.7923997 -0.71902811 0.20537951
v 0.77579593 -0.7500323 0.17164659
v 0.7935912 -0.77136027 0.16843463
v 0.79014366 -0.75192177 0.18403369
v 0.79110312 -0.78236055 0.14078459
v 0.81527483 -0.77134186 0.15378178
v 0.81125992 -0.76744163 0.17653904
v 0.80289715 -0.77743613 0.15866543
v 0.82076782 -0.72365826 0.21641106
v 0.81641644 -0.74992817 0.19557614
v 0.95309674 -0.14268143 0.1576391
v 0.9424448 -0.16209407 0.16964809
v 0.92112541 -0.16712921 0.14864513
v 0.9385817 -0.14782755 0.14280878
v 0.93742865 -0.15401452 0.15434993
v 0.93005842 -0.15452188 0.12307092
v 0.94774454 -0.1239277 0.12910381
v 0.9554196 -0.13035339 0.14544153
v 0.94299316 -0.13874247 0.13444486
v 0.98043012 -0.11588911 0.15901738
v 0.9821425 -0.13815045 0.17509965
v 0.96797186 -0.13047215 0.15835356
v 0.72034674 -4.06067895 -0.33222505
v 0.84428 -3.99194717 -0.32738566
v 0.7938714 -4.1239109 -0.28809291
v 0.73334705 -4.10545349 -0.31309726
v 0.75897795 -4.08996534 -0.3102957
v 0.67197716 -4.07276821 -0.34319612
v 0.62717449 -4.03133297 -0.37031078
v 0.73173046 -3.95569396 -0.37224209
v 0.67492193 -4.04278039 -0.35209283
v 0.72514575 -4.15181922 -0.30584552
v 0.63018965 -4.11131238 -0.350281
v 0.68952387 -4.11152124 -0.32720425
v 0.76432782 -0.42764598 0.09369745
v 0.73888176 -0.4295032 0.10775375
v 0.74025058 -0.45986753 0.10135839
v 0.75774121 -0.45160514 0.08900485
v 0.74838316 -0.44235643 0.09653097
v 0.76497554 -0.48688554 0.08577472
v 0.80168366 -0.4647873 0.07726334
v 0.78589677 -0.42650878 0.08254191
v 0.78446382 -0.45616245 0.08201295
v 0.79607266 -0.40286544 0.0943453
v 0.77456116 -0.3955298 0.11230845
v 0.78123223 -0.41763031 0.09206387
v 0.82431423 -0.41906032 0.06441327
v 0.86546856 -0.33062303 0.07681191
v 0.83083623 -0.37765541 0.08078287
v 0.83835846 -0.38064932 0.06811702
v 0.83533847 -0.3146471 0.1146191
v 0.80828464 -0.33042132 0.1277032
v 0.81945979 -0.35522598 0.10464975
v 0.76819658 -0.72610592 0.08541984
v 0.75860953 -0.74471175 0.08506855
v 0.78292775 -0.63719004 0.08522905
v 0.7688958 -0.71295428 0.07975792
v 0.79583627 -0.66898232 0.13892886
v 0.78642547 -0.73892551 0.11279484
v 0.76056373 -0.76147556 0.08859708
v 0.77297741 -0.73599696 0.09548518
v 0.799865 -0.57772743 0.12252482
v 0.81212878 -0.54450446 0.14506955
v 0.83302438 -0.54282766 0.17157086
v 0.81638258 -0.58967256 0.15578205
v 0.8161621 -0.56353503 0.14745864
v 0.83431685 -0.58888238 0.20332273
v 0.81335264 -0.63488882 0.18273133
v 0.8155778 -0.62061381 0.17701855
v 0.83749091 -0.36097818 0.21407187
v 0.85702031 -0.4119606 0.22377745
v 0.83088922 -0.42015117 0.22405479
v 0.84579533 -0.38353565 0.21962863
v 0.80062305 -0.41157302 0.21983765
v 0.7937361 -0.36214533 0.19792427
v 0.82303082 -0.37110763 0.20969027
v 0.80158245 -0.3864032 0.21057888
v 0.02992283 -1.10963451 -0.90692603
v 0.0440982 -1.16866016 -0.8865323
v 0.03755313 -1.13884496 -0.89495611
v 0.08410245 -1.19774508 -0.89268434
v 0.03787193 -1.25114893 -0.92106497
v 0.04448121 -1.19699823 -0.89832842
v 0.06669801 -4.01846122 -0.45721089
v 0.13670575 -4.1129322 -0.45300734
v 0.06401698 -4.24005031 -0.45576793
v 0.06619525 -4.11516189 -0.45598045
v 0.06542573 -3.93082547 -0.46663662
v 0.13376134 -3.97327661 -0.45911335
v 0.06582632 -3.96947097 -0.46078634
v 0.04248002 -1.32932364 -0.92596721
v 0.03862729 -1.28743505 -0.92797422
v 0.0586554 0.74769854 -0.7090187
v 0.1114826 0.69316971 -0.76468384
v 0.05517715 0.64455634 -0.81939244
v 0.05639495 0.69867277 -0.76800662
v 0.10802738 0.58353018 -0.85669553
v 0.05407292 0.52491027 -0.89424258
v 0.05449644 0.58639091 -0.86165916
v 0.06274198 -4.50039577 0.10591373
v 0.12222787 -4.43708038 0.13880127
v 0.05850755 -4.3612771 0.16761989
v 0.060437 -4.43680381 0.13588769
v 0.11640925 -4.29648494 0.19543986
v 0.05383633 -4.2330985 0.21450185
v 0.05636819 -4.2935276 0.19350786
v 0.09755348 -1.7468847 1.07613301
v 0.07756793 -1.62168455 1.0135045
v 0.08690466 -1.66908013 1.0374664
v 0.10117988 -1.90161538 1.14404499
v 0.10433268 -1.83164262 1.11554396
v 0.08739885 -2.0573821 1.19649529
v 0.18404226 -1.97734761 1.17526793
v 0.09360886 -1.97974479 1.17228651
v 0.08016009 -2.2119987 1.23055064
v 0.16356128 -2.13170242 1.21888446
v 0.08325613 -2.13276052 1.21568644
v 0.07637997 -2.37369155 1.24176478
v 0.15517038 -2.29417467 1.24102675
v 0.07763588 -2.29550695 1.2399559
v 0.07615617 -2.50881123 1.22155606
v 0.15232893 -2.44519853 1.23475837
v 0.07617157 -2.44412803 1.23552298
v 0.07621245 -2.62716078 1.16985344
v 0.15251757 -2.57098579 1.19830536
v 0.07610126 -2.56893253 1.19987595
v 0.07677786 -2.72724103 1.09550523
v 0.15330581 -2.68441271 1.13233041
v 0.07649385 -2.68083381 1.1339401
v 0.07169374 -2.84375023 0.97408449
v 0.15302021 -2.77787017 1.04978251
v 0.07585176 -2.77512645 1.04844975
v 0.0672916 -2.95882463 0.84789013
v 0.13972361 -2.91269636 0.90451008
v 0.0681014 -2.90955305 0.90093416
v 0.07021545 -3.04315137 0.77004426
v 0.13840816 -3.00553083 0.80998212
v 0.06846875 -2.99876999 0.80869913
v 0.07443188 -3.15855002 0.68334543
v 0.14220994 -3.10550379 0.72816979
v 0.07235752 -3.09696888 0.72787267
v 0.07692749 -3.28507232 0.59983527
v 0.14659799 -3.22901058 0.64174008
v 0.07576547 -3.22215223 0.64015793
v 0.07896293 -3.41257619 0.52496773
v 0.14743055 -3.35430192 0.56352621
v 0.07821272 -3.34814262 0.56169259
v 0.07888358 -3.54214692 0.45813086
v 0.14601931 -3.48164773 0.49288213
v 0.07902094 -3.47721147 0.49041286
v 0.07756135 -3.65643549 0.40781348
v 0.14273764 -3.60639762 0.43284466
v 0.07800033 -3.60358762 0.42990419
v 0.07248263 -3.79932069 0.35460376
v 0.13853415 -3.72672009 0.38482266
v 0.07847195 -3.72703552 0.3809621
v 0.06052895 -3.92836237 0.31084331
v 0.12842658 -3.8630793 0.33644372
v 0.0650186 -3.86575913 0.33147549
v 0.0542599 -4.07400226 0.2651956
v 0.12243451 -3.99719357 0.29293081
v 0.05718361 -3.99703216 0.28914415
v 0.11633441 -4.15746069 0.24229571
v 0.05286563 -4.15742206 0.2390415
v 0.17647902 -4.23491764 0.22073014
v 0.23691079 -4.15519332 0.2520543
v 0.1841281 -4.07389497 0.2735258
v 0.18023128 -4.15518474 0.24730038
v 0.23743577 -4.00746774 0.29992359
v 0.18534094 -3.93359637 0.31828427
v 0.18598492 -4.00049114 0.29688808
v 0.29192954 -4.08549547 0.28100407
v 0.35332021 -4.02728176 0.30940729
v 0.29338783 -3.95327615 0.32540395
v 0.29231464 -4.01691913 0.30381012
v 0.23511174 -3.87857556 0.34253034
v 0.18213841 -3.79987645 0.36300873
v 0.18366475 -3.867872 0.33984744
v 0.36194235 -3.89682745 0.35661914
v 0.30407759 -3.81849455 0.37455606
v 0.29665437 -3.88867187 0.34829026
v 0.41033479 -3.97585034 0.3373968
v 0.45792615 -3.92311382 0.366499
v 0.41947358 -3.83595085 0.39026975
v 0.41335561 -3.90860152 0.36225831
v 0.37644037 -3.75551724 0.41138649
v 0.31848046 -3.67717695 0.43041402
v 0.23920777 -3.73807478 0.39330387
v 0.31365296 -3.74490332 0.40336418
v 0.49947789 -3.77481842 0.43191295
v 0.43938723 -3.70450115 0.44555777
v 0.43156254 -3.76511478 0.41969299
v 0.58963638 -3.86847329 0.41720408
v 0.66533225 -3.83503627 0.44775676
v 0.58585721 -3.74418592 0.4655047
v 0.58555042 -3.79792094 0.44359618
v 0.51405817 -3.666121 0.48063856
v 0.45336836 -3.59950375 0.49575012
v 0.38418689 -3.64061904 0.4596264
v 0.44552534 -3.65207624 0.46932119
v 0.66430425 -3.71123957 0.49915525
v 0.59407365 -3.6303184 0.51820135
v 0.58806526 -3.68550491 0.49124836
v 0.73245495 -3.80061459 0.47671246
v 0.79970568 -3.7593615 0.50813919
v 0.74128633 -3.6751554 0.53404277
v 0.73657226 -3.73766398 0.50459754
v 0.6745336 -3.58891201 0.55942583
v 0.61104214 -3.50950574 0.58427166
v 0.53137403 -3.55521249 0.53855747
v 0.60188251 -3.57054281 0.54966729
v 0.81316447 -3.63117456 0.57081556
v 0.75297534 -3.54661607 0.60062062
v 0.74685597 -3.6103208 0.5665614
v 0.86963981 -3.71637988 0.53986465
v 0.94288474 -3.67162656 0.57131606
v 0.88395667 -3.58587122 0.60686409
v 0.87678122 -3.65085387 0.57266128
v 0.82640308 -3.50373125 0.64031958
v 0.76749867 -3.42585706 0.67230474
v 0.68991315 -3.46706056 0.62875163
v 0.75966399 -3.48497462 0.63588738
v 0.95813113 -3.54204392 0.64137184
v 0.89874213 -3.46098756 0.67890167
v 0.89125132 -3.52256226 0.64220053
v 1.01736068 -3.62591838 0.6013723
v 1.09102356 -3.58059978 0.62931102
v 1.03494608 -3.4999969 0.67411625
v 1.02589345 -3.56174993 0.63721764
v 0.9742645 -3.42081213 0.71586936
v 0.91280126 -3.34547519 0.7549079
v 0.84151572 -3.38379669 0.71520113
v 0.90618145 -3.40143179 0.71685457
v 1.11087465 -3.45977592 0.70516574
v 1.05365276 -3.38548612 0.75013166
v 1.04425168 -3.44077348 0.71209329
v 1.16250908 -3.53699183 0.65495538
v 1.23486399 -3.49672627 0.6780343
v 1.18413841 -3.4218266 0.73478329
v 1.17296361 -3.4780631 0.69424748
v 1.13396215 -3.350986 0.78432095
v 1.07440304 -3.27786207 0.83148604
v 0.98843002 -3.3110392 0.79277491
v 1.06347143 -3.33246612 0.78916078
v 1.26080215 -3.38593578 0.76386392
v 1.21283376 -3.31101036 0.8229354
v 1.19695949 -3.36762785 0.776744
v 1.3131119 -3.45982575 0.69939267
v 1.39681625 -3.42280817 0.72314709
v 1.34947848 -3.34827709 0.7957555
v 1.33016276 -3.40581941 0.74493789
v 1.29581308 -3.26949882 0.86300593
v 1.25092613 -3.19925665 0.91713863
v 1.16661405 -3.23926591 0.87489771
v 1.23155999 -3.25400614 0.87079501
v 1.44339585 -3.31021356 0.82850664
v 1.38715124 -3.2321453 0.89909946
v 1.36896348 -3.28951931 0.84824675
v 1.48481988 -3.38144326 0.7534222
v 1.57226026 -3.34027814 0.78344357
v 1.53181815 -3.27233815 0.85918545
v 1.51065325 -3.32684087 0.80732208
v 1.4787817 -3.19561982 0.93272584
v 1.42519843 -3.12252759 0.99602294
v 1.33657884 -3.16018724 0.95745903
v 1.40574467 -3.17593383 0.94862037
v 1.61480808 -3.22994136 0.88983845
v 1.5631721 -3.15760302 0.96510195
v 1.54902052 -3.21460366 0.91252815
v 1.65386831 -3.29857349 0.80970847
v 1.72935879 -3.24738669 0.83833563
v 1.69296884 -3.18144321 0.92101627
v 1.67613124 -3.24109196 0.86465692
v 1.64186811 -3.1186006 0.99561911
v 1.58600056 -3.05578398 1.06367254
v 1.50851643 -3.08843851 1.03077065
v 1.57520651 -3.10528373 1.01468777
v 1.76335513 -3.12890958 0.95177781
v 1.71399021 -3.0768218 1.0264039
v 1.70504713 -3.1266613 0.97453379
v 1.79641687 -3.18582892 0.87082558
v 1.85421133 -3.11787295 0.90607506
v 1.82541978 -3.0723505 0.98406422
v 1.81335473 -3.12597465 0.92833715
v 1.77947258 -3.0298922 1.05981004
v 1.72568893 -2.98325061 1.13149678
v 1.65877652 -3.02087068 1.09774434
v 1.72076296 -3.02917671 1.07917642
v 1.88244855 -3.00808787 1.02172958
v 1.83963072 -2.97561812 1.09634041
v 1.83425498 -3.02252292 1.0403676
v 1.9070307 -3.04450464 0.94450098
v 1.95340979 -2.96638798 0.98807662
v 1.93154931 -2.93598318 1.06488943
v 1.92243087 -2.98832917 1.00459778
v 1.89004242 -2.91251206 1.13675642
v 1.78664946 -2.94117069 1.1639471
v 1.84084284 -2.93149447 1.14987766
v 1.96452426 -2.85924243 1.11069107
v 1.92101848 -2.84140181 1.18165206
v 1.93177425 -2.88732004 1.12397718
v 1.98876118 -2.88477587 1.03400969
v 2.00746989 -2.80256891 1.07583284
v 1.97712123 -2.78108525 1.1523981
v 1.98956573 -2.83052086 1.09489727
v 1.9273138 -2.76692938 1.22388935
v 1.8619343 -2.75985431 1.28396821
v 1.89737319 -2.79872274 1.23639428
v 1.96822309 -2.70537853 1.18196582
v 1.90969109 -2.69092655 1.25578546
v 1.95055985 -2.73545169 1.20611679
v 1.87149858 -2.61443352 1.2717638
v 1.79384112 -2.60498595 1.33084321
v 1.83788132 -2.68184709 1.31554567
v 1.85657107 -2.64731741 1.29820954
v 1.93794298 -2.62906265 1.1964035
v 1.8893522 -2.55133533 1.18856179
v 1.8186469 -2.5374155 1.26487124
v 1.8823539 -2.58202576 1.23541307
v 2.00701689 -2.72372889 1.10431528
v 1.98684287 -2.6484332 1.11469721
v 1.98053479 -2.67660188 1.15123593
v 2.01673102 -2.83352708 0.99731183
v 2.02325153 -2.74784898 1.02988874
v 2.01876068 -2.77494216 1.05382597
v 2.00999808 -2.66777873 1.04256212
v 1.94739818 -2.57537889 1.10491299
v 1.98675775 -2.62178373 1.07344818
v 2.01879119 -2.78096699 0.95549774
v 2.02093339 -2.72057056 1.00392293
v 2.00620317 -2.87352418 0.91995769
v 1.9800198 -2.9194889 0.84371364
v 1.99580419 -2.81756091 0.88062888
v 2.00435996 -2.84732818 0.90152394
v 1.99255406 -2.92082548 0.95403224
v 1.97841978 -2.96683788 0.87457251
v 2.00225734 -2.89758658 0.93705195
v 1.94258248 -3.05774998 0.82758641
v 1.91686296 -3.11046266 0.75347638
v 1.95175933 -3.01803112 0.79878979
v 1.94937932 -3.03894901 0.81254416
v 1.95620691 -3.00704479 0.90764945
v 1.91276454 -3.09028577 0.86476385
v 1.90073585 -3.14561939 0.78340381
v 1.9308629 -3.07458496 0.84504514
v 1.97657024 -2.94367122 0.97108316
v 1.85097956 -3.22707581 0.74521553
v 1.82567393 -3.26871967 0.67808759
v 1.87533593 -3.19504022 0.71267104
v 1.86557507 -3.21253299 0.72695684
v 1.86188197 -3.17205429 0.82511609
v 1.80525517 -3.24492692 0.78993874
v 1.79502224 -3.29400563 0.71553933
v 1.8308438 -3.23791503 0.76716148
v 1.88716054 -3.10526919 0.88525599
v 1.73274993 -3.34893822 0.6882987
v 1.70005798 -3.38915467 0.61263406
v 1.76727771 -3.33155727 0.6468724
v 1.75248801 -3.34206104 0.66636383
v 1.74230599 -3.30447673 0.7603237
v 1.67064452 -3.35390043 0.7334277
v 1.66141212 -3.40052318 0.65655434
v 1.70599293 -3.35300016 0.71063578
v 1.77255606 -3.24838089 0.81307804
v 1.58783888 -3.45087361 0.62369477
v 1.57201695 -3.49453902 0.54926019
v 1.63280904 -3.44318842 0.57801395
v 1.61379432 -3.44828057 0.60027515
v 1.59186554 -3.40033054 0.70297575
v 1.51072311 -3.44600534 0.67236733
v 1.51965999 -3.4986062 0.5969606
v 1.55407285 -3.45068407 0.64716565
v 1.6263113 -3.34977531 0.75789165
v 1.4548248 -3.54575252 0.57649141
v 1.46335339 -3.59787797 0.5089941
v 1.51614093 -3.54585647 0.52626639
v 1.48934972 -3.54728841 0.55099397
v 1.4322834 -3.48780965 0.64963126
v 1.3565818 -3.5286355 0.63204145
v 1.39011549 -3.59255552 0.56277763
v 1.4099996 -3.53951478 0.60431087
v 1.45722246 -3.43605899 0.69902199
v 1.32369697 -3.641222 0.55234479
v 1.35477137 -3.71043968 0.48589724
v 1.41086375 -3.6522243 0.49606412
v 1.37191975 -3.64887905 0.52388703
v 1.28317737 -3.57075262 0.61647212
v 1.21196746 -3.61543512 0.59991222
v 1.25673151 -3.69331574 0.54049468
v 1.26953423 -3.62992072 0.57817715
v 1.29760122 -3.51444888 0.65664863
v 1.19080162 -3.74580359 0.52625858
v 1.23308825 -3.8262434 0.46890008
v 1.29491329 -3.76889991 0.47784912
v 1.24474549 -3.75900745 0.50406622
v 1.1428889 -3.66315364 0.5800538
v 1.07303905 -3.71195387 0.55731749
v 1.12433338 -3.79724025 0.50959038
v 1.13356113 -3.72983598 0.54406511
v 1.15251934 -3.59852361 0.61706507
v 1.05541062 -3.84716939 0.49041444
v 1.10440135 -3.93560314 0.44264009
v 1.17009663 -3.88216948 0.45711901
v 1.11486697 -3.86606073 0.47586399
v 1.00132107 -3.758991 0.53284335
v 0.92829638 -3.80354094 0.50684821
v 0.98473638 -3.89494442 0.46883386
v 0.99335485 -3.82632589 0.50057458
v 1.00932002 -3.69249916 0.56625938
v 0.91260713 -3.93996501 0.44529825
v 0.96208953 -4.03261137 0.40620589
v 1.03459441 -3.98572945 0.42574104
v 0.97455644 -3.96398282 0.43746757
v 0.85552418 -3.84618568 0.47943395
v 0.7861498 -3.88865923 0.45093202
v 0.83941495 -3.98236084 0.42016899
v 0.84829598 -3.91363477 0.44987988
v 0.86247056 -3.78054118 0.50925862
v 0.76542073 -4.02418613 0.39310407
v 0.81276989 -4.11472415 0.36115607
v 0.88837111 -4.07597732 0.38440176
v 0.82763516 -4.04983663 0.39059272
v 0.72443544 -3.93526577 0.42116996
v 0.67054992 -3.98289895 0.39188242
v 0.70398843 -4.06852722 0.36536493
v 0.71633088 -4.00569582 0.39225342
v 0.72880899 -3.86506319 0.44967412
v 0.64975231 -4.1112318 0.33793959
v 0.67164987 -4.17868661 0.31408712
v 0.73554343 -4.14629316 0.33798128
v 0.68887811 -4.12251567 0.34078592
v 0.57633209 -4.02400636 0.35544747
v 0.45420023 -4.05389881 0.31792005
v 0.5363636 -4.13964605 0.30313906
v 0.55678015 -4.08626937 0.32766574
v 0.59203743 -3.94932222 0.38709676
v 0.45056402 -4.1785736 0.27193751
v 0.60849309 -4.21325206 0.28800103
v 0.51344502 -4.19306802 0.27804967
v 0.40677213 -4.10432863 0.2913112
v 0.34845554 -4.16494178 0.26141762
v 0.4001289 -4.23638725 0.24266949
v 0.40324157 -4.17081499 0.26712
v 0.40864583 -4.0394411 0.31449061
v 0.34800404 -4.29707145 0.21334895
v 0.4072861 -4.35351419 0.19692826
v 0.40085852 -4.29666805 0.21957735
v 0.29101023 -4.23311328 0.23094119
v 0.23527741 -4.29799318 0.20271958
v 0.29728251 -4.3591156 0.18384854
v 0.29224178 -4.29752206 0.20767171
v 0.29151195 -4.1592369 0.25635713
v 0.1799467 -4.36179351 0.17413941
v 0.18903709 -4.49820232 0.11352488
v 0.24529297 -4.43118429 0.14891299
v 0.1841373 -4.43522167 0.14318759
v 0.1766169 -4.29804801 0.19852507
v 0.31440818 -4.48733854 0.12668593
v 0.36350414 -4.41862487 0.1636772
v 0.30526784 -4.4255228 0.15576876
v 0.26048904 -4.55175638 0.08834424
v 0.33712706 -4.59785556 0.06325436
v 0.38939181 -4.53281879 0.10676469
v 0.32535529 -4.54389905 0.09650301
v 0.43417227 -4.46612358 0.14677958
v 0.41886508 -4.41050624 0.17268866
v 0.47173005 -4.56854248 0.08950319
v 0.5121988 -4.50012111 0.13508161
v 0.45203238 -4.51843929 0.11944683
v 0.42040222 -4.63391828 0.04052484
v 0.50980711 -4.65648603 0.02386825
v 0.56132906 -4.59144592 0.0778693
v 0.49130433 -4.61529159 0.05714351
v 0.60009342 -4.51952362 0.13045269
v 0.62542152 -4.44394493 0.17894841
v 0.57015287 -4.47627162 0.1545443
v 0.65803176 -4.59829855 0.07486853
v 0.69416666 -4.5228815 0.13357336
v 0.62976032 -4.56104135 0.1034098
v 0.60555762 -4.66400909 0.01601572
v 0.70486295 -4.654953 0.01890819
v 0.75686699 -4.58787441 0.08101691
v 0.68346583 -4.62955522 0.04647291
v 0.78863954 -4.51155853 0.14215229
v 0.79953837 -4.42519998 0.20112317
v 0.7119112 -4.43993091 0.18883758
v 0.75097769 -4.47748184 0.16656574
v 0.85045158 -4.56222724 0.09325149
v 0.87913882 -4.4853096 0.15466105
v 0.82213896 -4.53979301 0.11745421
v 0.80115222 -4.6308031 0.03050161
v 0.89023917 -4.59428072 0.0465045
v 0.93637168 -4.52361202 0.10817989
v 0.87306976 -4.58012008 0.0695414
v 0.96422898 -4.44374227 0.17009496
v 0.97232002 -4.35582256 0.23142875
v 0.88745611 -4.3977437 0.21534499
v 0.92919123 -4.42359828 0.19279499
v 1.01421105 -4.47398042 0.12311558
v 1.04123544 -4.39028596 0.18595017
v 0.9920504 -4.46041202 0.14677757
v 0.97162866 -4.54713344 0.06306163
v 1.04675483 -4.48916912 0.07829633
v 1.08648741 -4.41383695 0.13664008
v 1.03202962 -4.4838171 0.10006718
v 1.11312878 -4.32733058 0.20026798
v 1.11980104 -4.24198961 0.26310297
v 1.04953968 -4.30215978 0.24823467
v 1.08407437 -4.315732 0.22531081
v 1.15448963 -4.34386205 0.14881424
v 1.1801393 -4.25880622 0.2117148
v 1.13655912 -4.33692264 0.17424006
v 1.11540436 -4.42119693 0.09213265
v 1.17842316 -4.34471559 0.1056965
v 1.21624815 -4.26901388 0.15931701
v 1.16807544 -4.34676122 0.12553519
v 1.2396655 -4.18919849 0.21993543
v 1.24515175 -4.1132884 0.28142443
v 1.18569171 -4.17855787 0.27389931
v 1.21601605 -4.18424081 0.24743141
v 1.27004408 -4.19313287 0.16831208
v 1.29134511 -4.11901855 0.22587835
v 1.25745904 -4.19260454 0.19282048
v 1.2356286 -4.26399087 0.11821381
v 1.28463125 -4.18350267 0.12798278
v 1.31509888 -4.11709022 0.17690877
v 1.27861225 -4.19027805 0.14699402
v 1.33530521 -4.04706478 0.23205199
v 1.34281849 -3.97796654 0.29185605
v 1.29721927 -4.04639339 0.28715467
v 1.31928217 -4.04760074 0.25882923
v 1.3525362 -4.03984546 0.18594792
v 1.37222063 -3.97332763 0.240354
v 1.34591734 -4.04445457 0.20819446
v 1.32439243 -4.10398864 0.13530522
v 1.35626721 -4.02338743 0.14147256
v 1.38382124 -3.96130323 0.19575578
v 1.3559606 -4.03292131 0.16415648
v 1.40378534 -3.89860987 0.25068503
v 1.41647303 -3.8372004 0.30664911
v 1.38227307 -3.90821886 0.29757741
v 1.39527535 -3.90440464 0.27302199
v 1.41036152 -3.88206958 0.20616576
v 1.4316163 -3.82372546 0.26292026
v 1.40871834 -3.89123058 0.22883465
v 1.38167953 -3.94081783 0.14672905
v 1.40204596 -3.85517263 0.1508959
v 1.43324399 -3.8028388 0.21668329
v 1.40846037 -3.87042713 0.18090705
v 1.45707821 -3.74929404 0.27738952
v 1.47645533 -3.6951127 0.3365384
v 1.4472537 -3.7657988 0.31958532
v 1.45374846 -3.75842714 0.29857853
v 1.45351755 -3.72339534 0.22786839
v 1.48166704 -3.67527461 0.29482129
v 1.45720076 -3.73796987 0.25443762
v 1.41771721 -3.76740694 0.15375004
v 1.42998659 -3.67823004 0.15792807
v 1.47255218 -3.64291405 0.24138072
v 1.44484722 -3.70401144 0.19587355
v 1.50693523 -3.60153126 0.31585708
v 1.53687214 -3.56016922 0.38170754
v 1.50588965 -3.62605142 0.35756081
v 1.50796628 -3.61518859 0.33780992
v 1.49205112 -3.56081938 0.25956738
v 1.53355646 -3.52955031 0.33982381
v 1.50204098 -3.58392071 0.29024446
v 1.44095873 -3.58599042 0.16662399
v 1.45217311 -3.49330902 0.18257066
v 1.51313173 -3.47852921 0.28373569
v 1.47557532 -3.53073215 0.22314432
v 1.56241321 -3.45907163 0.36677986
v 1.60976672 -3.43365955 0.43983539
v 1.57106638 -3.49664044 0.40898752
v 1.56848001 -3.48032236 0.38905462
v 1.53609561 -3.39719319 0.31320846
v 1.59452152 -3.38853263 0.39769679
v 1.55196332 -3.43174457 0.34161633
v 1.46685779 -3.40072989 0.21033904
v 1.48572421 -3.30943036 0.24893505
v 1.55998563 -3.31567025 0.34594148
v 1.51383519 -3.35561537 0.28167188
v 1.62789809 -3.31642723 0.43008104
v 1.69740796 -3.30359411 0.50699991
v 1.65230989 -3.37026619 0.47294488
v 1.64221 -3.34702682 0.452441
v 1.58327364 -3.23336362 0.38013434
v 1.6589663 -3.24018001 0.46100544
v 1.60828411 -3.27809858 0.40568459
v 1.50519871 -3.22096133 0.29147172
v 1.52120411 -3.13195419 0.33239489
v 1.60375714 -3.14753794 0.41421032
v 1.55388963 -3.18436145 0.35521364
v 1.68697869 -3.15582752 0.49185901
v 1.80089867 -3.1292963 0.59490752
v 1.75135421 -3.22234702 0.54996925
v 1.72135341 -3.19372463 0.52107375
v 1.61821174 -3.05430913 0.44593608
v 1.72244334 -3.05042219 0.53550374
v 1.65301489 -3.10793376 0.46721583
v 1.53299343 -3.03925561 0.37098318
v 1.5398252 -2.94032669 0.40670797
v 1.63028812 -2.94610428 0.48035293
v 1.58039236 -2.9981184 0.4257397
v 1.75325071 -2.91685295 0.58504128
v 1.83491659 -2.90560722 0.6572647
v 1.82542347 -3.03023958 0.62666797
v 1.7945491 -2.97675323 0.60781264
v 1.65169346 -2.78992843 0.53765213
v 1.74869942 -2.77830195 0.61575865
v 1.70410013 -2.85447311 0.5603466
v 1.72822248 -2.66692495 0.63992142
v 1.80795764 -2.65845108 0.71208411
v 1.82853388 -2.76972603 0.68644279
v 1.78015971 -2.71337652 0.66334247
v 1.64169859 -2.67439556 0.57024121
v 1.62090647 -2.59548616 0.59857428
v 1.70442271 -2.58083844 0.6727699
v 1.67466759 -2.62886786 0.61772239
v 1.54453039 -2.81715536 0.44810742
v 1.54782223 -2.68399858 0.49801841
v 1.59963512 -2.73173165 0.51742994
v 1.45282697 -2.68854022 0.42707002
v 1.43916225 -2.60319352 0.46255758
v 1.53256666 -2.6039772 0.52923518
v 1.49407494 -2.64248848 0.4789586
v 1.45405876 -2.81609678 0.37705329
v 1.366117 -2.79397869 0.31405526
v 1.35842609 -2.67453599 0.36299771
v 1.40857613 -2.74644875 0.36874845
v 1.45221066 -2.92375063 0.3353115
v 1.49720358 -2.87981057 0.38986539
v 1.37183475 -2.89804816 0.27253338
v 1.28297984 -2.8591144 0.20850285
v 1.27370715 -2.74714183 0.25795754
v 1.32707274 -2.82778501 0.2646887
v 1.44943928 -3.01945495 0.29600447
v 1.36487197 -2.99976348 0.21857444
v 1.41111576 -2.96001291 0.28246665
v 1.43838548 -3.11573457 0.24722884
v 1.48613095 -3.07680606 0.31250697
v 1.34325218 -3.10590362 0.14731553
v 1.24830246 -3.09375643 0.05552266
v 1.27066946 -2.98839378 0.12979519
v 1.30510592 -3.04944324 0.13373892
v 1.41878676 -3.21175217 0.1902008
v 1.32757186 -3.20369982 0.08913058
v 1.38189518 -3.16007375 0.16664563
v 1.318488 -3.30051541 0.04501724
v 1.23499679 -3.1909523 -0.00004574
v 1.27731096 -3.24759459 0.01978639
v 1.4017868 -3.30557704 0.1408621
v 1.39096534 -3.40202236 0.10500913
v 1.3141129 -3.40255832 0.01268256
v 1.35634529 -3.35199546 0.07323813
v 1.45377063 -3.26140713 0.21805262
v 1.3137896 -3.5091896 -0.00712394
v 1.23121905 -3.52775049 -0.09768745
v 1.272578 -3.45879554 -0.04360649
v 1.38526415 -3.5003376 0.08344446
v 1.38110101 -3.6047194 0.07189154
v 1.31400752 -3.62505531 -0.0186016
v 1.34948408 -3.55827546 0.03084669
v 1.42315435 -3.44954633 0.14174589
v 1.31415236 -3.73970389 -0.02047447
v 1.24409008 -3.77324104 -0.10371983
v 1.23806834 -3.65291953 -0.10650105
v 1.2788546 -3.69749546 -0.06410703
v 1.37624859 -3.70817351 0.06761029
v 1.3696289 -3.80873298 0.06996011
v 1.31098246 -3.84902691 -0.01486461
v 1.34385776 -3.77675843 0.02369071
v 1.40832281 -3.6449368 0.11522776
v 1.30476427 -3.95041966 -0.00073224
v 1.24466693 -3.98356461 -0.0688623
v 1.24688053 -3.8843429 -0.09025709
v 1.27835059 -3.91939878 -0.04534186
v 1.35884356 -3.90647912 0.07600976
v 1.34308886 -3.99632501 0.08302473
v 1.29490506 -4.03997278 0.01887244
v 1.3269242 -3.97657489 0.04354853
v 1.38948655 -3.83484101 0.11386677
v 1.27690231 -4.12311315 0.03663537
v 1.22118198 -4.15994787 -0.01600917
v 1.23709082 -4.07326889 -0.04234201
v 1.26039552 -4.0997734 -0.00038298
v 1.32120084 -4.07827758 0.08886261
v 1.28941547 -4.15971899 0.09029609
v 1.24491953 -4.20975494 0.04706409
v 1.28617 -4.14334011 0.06685137
v 1.35254097 -4.01125431 0.11533477
v 1.19621658 -4.30085945 0.04434285
v 1.12898862 -4.36253881 -0.00296936
v 1.1819067 -4.2633171 -0.00077269
v 1.19197368 -4.28437566 0.02483891
v 1.24628365 -4.24258041 0.08583127
v 1.19209647 -4.32832574 0.07472896
v 1.13705086 -4.39150142 0.03069424
v 1.19581699 -4.31555414 0.06039388
v 1.28847551 -4.17305135 0.10977669
v 1.07281541 -4.47549152 0.01006581
v 1.00172877 -4.53425598 -0.04245141
v 1.06805849 -4.45351028 -0.01909117
v 1.07209634 -4.4657216 -0.00387309
v 1.1312865 -4.41199255 0.05837934
v 1.06653988 -4.48779106 0.04023321
v 1.00481092 -4.54876899 -0.01257331
v 1.07107424 -4.48279333 0.02442739
v 1.18621981 -4.33831119 0.08923576
v 0.92967343 -4.61161422 -0.03443015
v 0.85364151 -4.6586523 -0.08906217
v 0.93187004 -4.60152435 -0.06633417
v 0.93259817 -4.60752487 -0.05085675
v 0.99478977 -4.55452442 0.02196155
v 0.91451454 -4.61069107 0.00382345
v 0.84441518 -4.6644926 -0.05481875
v 0.9234941 -4.61292552 -0.01608288
v 1.05850207 -4.49018192 0.05816719
v 0.75256383 -4.70610189 -0.07293068
v 0.6711933 -4.74496984 -0.1268056
v 0.76477885 -4.70714664 -0.10995799
v 0.75927138 -4.70858573 -0.09235886
v 0.82714557 -4.65572643 -0.01452922
v 0.734308 -4.68980741 -0.03100878
v 0.65814715 -4.73658275 -0.08716865
v 0.74433553 -4.69988298 -0.0525204
v 0.9033935 -4.60455894 0.02465265
v 0.56405007 -4.75577163 -0.09460263
v 0.48801434 -4.78771686 -0.141911
v 0.57807487 -4.77173519 -0.13784936
v 0.57193756 -4.76575088 -0.11703102
v 0.63771492 -4.71192359 -0.04127019
v 0.54116457 -4.71963501 -0.04091746
v 0.47159883 -4.7626295 -0.09235091
v 0.55371058 -4.74094104 -0.06963136
v 0.72157597 -4.67505264 -0.00728125
v 0.38133615 -4.75624609 -0.07929804
v 0.31452035 -4.78702068 -0.12396527
v 0.4010683 -4.79292297 -0.13775196
v 0.39213544 -4.77767324 -0.11015135
v 0.4479866 -4.71235513 -0.0294162
v 0.36018812 -4.69116306 -0.00905277
v 0.29469034 -4.73739528 -0.05727191
v 0.3706291 -4.72748279 -0.04518706
v 0.52654993 -4.6913805 -0.00922415
v 0.21363806 -4.70767545 -0.02923779
v 0.14534363 -4.74570655 -0.07302632
v 0.22757232 -4.77055263 -0.10128508
v 0.21954609 -4.74304485 -0.06635411
v 0.27822303 -4.65757131 0.01719025
v 0.20180071 -4.61287879 0.04671499
v 0.13806618 -4.66745662 0.00290459
v 0.2080833 -4.66389846 0.00910444
v 0.34906444 -4.64781475 0.02744229
v 0.06664431 -4.6174674 0.03720694
v 0.07008884 -4.71253919 -0.04047269
v 0.06854482 -4.66892623 -0.00136036
v 0.12998662 -4.55956459 0.07686893
v 0.06483639 -4.56067657 0.07317656
v 0.19527293 -4.556777 0.08190654
v 0.07496636 -4.77254962 -0.11234901
v 0.07203659 -4.74639129 -0.07731901
v 0.08077567 -4.8115139 -0.18417938
v 0.15755802 -4.79403781 -0.14306688
v 0.07853802 -4.79427242 -0.14849647
v 0.08231536 -4.82688808 -0.23366172
v 0.16334892 -4.82124233 -0.20517092
v 0.081776 -4.82185077 -0.21228064
v 0.08277562 -4.82700252 -0.26899415
v 0.16523133 -4.82786035 -0.24556008
v 0.08269904 -4.82844638 -0.25201603
v 0.08255665 -4.81492853 -0.30069026
v 0.16641578 -4.82155704 -0.27908027
v 0.08274782 -4.82256555 -0.28511253
v 0.0813603 -4.7882266 -0.33085697
v 0.16503687 -4.80209064 -0.30997371
v 0.08209541 -4.80363082 -0.31595939
v 0.07866827 -4.74088287 -0.3605676
v 0.16002495 -4.76629209 -0.33937352
v 0.08006861 -4.76800727 -0.3454999
v 0.07631269 -4.6554141 -0.39382463
v 0.15530268 -4.70144414 -0.37089633
v 0.07734857 -4.70406866 -0.37666937
v 0.07434834 -4.52698564 -0.42687904
v 0.15343682 -4.59197092 -0.40588367
v 0.07548683 -4.59556722 -0.41101297
v 0.06830834 -4.38327455 -0.44892138
v 0.14552523 -4.45520496 -0.43487882
v 0.07175412 -4.45437336 -0.43990886
v 0.13409298 -4.31842947 -0.44963124
v 0.06540857 -4.31655502 -0.45384988
v 0.21343497 -4.38748931 -0.43642574
v 0.29602342 -4.45309925 -0.41572773
v 0.22760042 -4.5217576 -0.41351562
v 0.22111102 -4.45503139 -0.42671144
v 0.20764043 -4.23485755 -0.44555449
v 0.28282418 -4.31696319 -0.43267428
v 0.20775677 -4.31933021 -0.44246172
v 0.20688763 -4.03242445 -0.45100534
v 0.28091734 -4.11966133 -0.44048413
v 0.21012142 -4.11416339 -0.44782096
v 0.34839791 -4.22590017 -0.42636174
v 0.41705271 -4.3089714 -0.40706169
v 0.35997921 -4.38372182 -0.41311121
v 0.35269489 -4.31275415 -0.42092818
v 0.34346222 -4.05038118 -0.43645238
v 0.40485394 -4.1281166 -0.42003977
v 0.34540063 -4.12524032 -0.43126624
v 0.46190181 -4.06093835 -0.41281208
v 0.51677972 -4.12341976 -0.39037686
v 0.46554338 -4.2179532 -0.39972093
v 0.46108156 -4.12753486 -0.4065743
v 0.40749436 -4.0001831 -0.43319383
v 0.47422248 -3.9525032 -0.43213057
v 0.52171468 -4.01400136 -0.40568307
v 0.46582239 -4.00684118 -0.42076987
v 0.27618849 -3.98660254 -0.45062756
v 0.34991377 -3.94193363 -0.45211032
v 0.34458461 -3.99361419 -0.44309076
v 0.29650154 -3.83499646 -0.48092365
v 0.39282923 -3.73188424 -0.4976544
v 0.44384279 -3.83650302 -0.46809521
v 0.37273037 -3.83703661 -0.47504964
v 0.20555838 -3.93736124 -0.46242034
v 0.1402944 -3.82577657 -0.48977214
v 0.22669613 -3.72345542 -0.50915324
v 0.21753563 -3.83029174 -0.48594805
v 0.20460572 -3.97933387 -0.45589184
v 0.15069484 -3.67126798 -0.52049571
v 0.24197551 -3.62030363 -0.51967918
v 0.31937086 -3.67156982 -0.512075
v 0.23365539 -3.67058348 -0.51670038
v 0.07049042 -3.72178983 -0.51581513
v 0.07504567 -3.62372875 -0.52651262
v 0.07250888 -3.67200398 -0.52342188
v 0.06736659 -3.82307267 -0.49220138
v 0.07838837 -3.5137155 -0.51867204
v 0.1636094 -3.57212185 -0.52204394
v 0.07789827 -3.5735116 -0.52504324
v 0.06549028 -3.36927938 -0.492935
v 0.17019169 -3.44992756 -0.50554883
v 0.07271228 -3.44229173 -0.50725251
v 0.06262947 -3.20129537 -0.45408016
v 0.17984715 -3.28939437 -0.47147423
v 0.06203928 -3.29407453 -0.47616282
v 0.06299011 -3.05669927 -0.41723406
v 0.17572996 -3.11698579 -0.43097353
v 0.06454545 -3.11395645 -0.43246057
v 0.0534012 -2.9109168 -0.37155681
v 0.16540846 -2.99222779 -0.39848536
v 0.060809 -2.99635267 -0.39936348
v 0.03603587 -2.7635231 -0.32051569
v 0.18391898 -2.83279228 -0.35381525
v 0.04193856 -2.82687068 -0.34259501
v 0.02659588 -2.64401435 -0.28089115
v 0.14916044 -2.7004652 -0.31563347
v 0.03142014 -2.70459747 -0.30052113
v 0.02743262 -2.51306152 -0.23929563
v 0.12691471 -2.55957412 -0.27514612
v 0.02533148 -2.57718324 -0.26011559
v 0.03875318 -2.38990426 -0.19960141
v 0.12123452 -2.43609619 -0.23625242
v 0.0291609 -2.45139074 -0.21754133
v 0.05328629 -2.29587864 -0.19152692
v 0.10239101 -2.33343195 -0.19948871
v 0.04683587 -2.34789419 -0.19207628
v 0.03763994 -2.07447981 -0.20375822
v 0.1111814 -2.17449688 -0.19128692
v 0.04489056 -2.15863585 -0.19683826
v 0.03520722 -1.94377636 -0.23092322
v 0.07359485 -1.99765753 -0.21219304
v 0.03372669 -1.9982289 -0.21578291
v 0.03602596 -1.82749271 -0.27933922
v 0.0711966 -1.88408029 -0.24650606
v 0.0354742 -1.88664233 -0.25388526
v 0.03626318 -1.71852672 -0.31727096
v 0.06968361 -1.76789236 -0.29433798
v 0.03649585 -1.77192306 -0.30068716
v 0.03487848 -1.60824549 -0.34102767
v 0.06939299 -1.66538095 -0.32358005
v 0.03542808 -1.66623079 -0.32969665
v 0.03154457 -1.55946135 -0.355374
v 0.06689412 -1.57003986 -0.34619057
v 0.03457678 -1.56706929 -0.35053843
v 0.03493361 -1.54690492 -0.40322274
v 0.06461975 -1.55578923 -0.36945951
v 0.03156204 -1.55410361 -0.36887985
v 0.03774644 -1.525743 -0.5758087
v 0.07550253 -1.53488755 -0.47134316
v 0.03895294 -1.53626143 -0.477465
v 0.03931003 -1.50634121 -0.7137776
v 0.07753842 -1.51251649 -0.64802092
v 0.03785875 -1.51658535 -0.65592885
v 0.04620311 -1.46532213 -0.83465564
v 0.08166074 -1.48387575 -0.76873749
v 0.04197006 -1.48976147 -0.77311086
v 0.04923487 -1.42183768 -0.89097183
v 0.09091417 -1.43924593 -0.86335587
v 0.04765588 -1.44455504 -0.86997199
v 0.09115363 -1.3826332 -0.90147852
v 0.04869786 -1.38101172 -0.91086316
v 0.13035318 -1.40827822 -0.87124443
v 0.16662719 -1.41282939 -0.83282691
v 0.12357115 -1.4503231 -0.81846618
v 0.12854789 -1.42909622 -0.85225588
v 0.16086232 -1.36941289 -0.86635547
v 0.12687397 -1.37970054 -0.88696289
v 0.20585489 -1.37107765 -0.82289385
v 0.25938338 -1.36938023 -0.76525259
v 0.22202949 -1.41580319 -0.75419938
v 0.21461181 -1.39103746 -0.7978363
v 0.18677206 -1.30801069 -0.8543781
v 0.23536625 -1.31692099 -0.81588196
v 0.19836697 -1.3461411 -0.83945775
v 0.25017041 -1.24484503 -0.81934994
v 0.28978091 -1.31067335 -0.77030748
v 0.27623203 -1.2798593 -0.79415047
v 0.18348401 -1.22991752 -0.86039018
v 0.21232505 -1.19434142 -0.84964478
v 0.14458915 -1.22577679 -0.88008511
v 0.16649796 -1.25822579 -0.86987125
v 0.3023431 -1.3701334 -0.70397895
v 0.29879811 -1.3431487 -0.73887091
v 0.33488714 -1.36886668 -0.64058518
v 0.28450742 -1.41865873 -0.62196809
v 0.25718763 -1.41988956 -0.68944346
v 0.29760968 -1.3947097 -0.66671466
v 0.20198342 -1.46500706 -0.66097044
v 0.16995602 -1.46231055 -0.72764009
v 0.2157107 -1.44283688 -0.70812302
v 0.2203148 -1.47171366 -0.57270288
v 0.17516031 -1.50573945 -0.51190727
v 0.15271201 -1.49794244 -0.61211872
v 0.18699003 -1.48691272 -0.59149247
v 0.11848162 -1.49403417 -0.69321644
v 0.12110679 -1.4757967 -0.75389891
v 0.11293863 -1.5194149 -0.54670703
v 0.11525823 -1.50657177 -0.63251906
v 0.23429679 -1.48202729 -0.46684417
v 0.25722041 -1.48476123 -0.38518369
v 0.21665597 -1.52091944 -0.36435023
v 0.19319281 -1.51366186 -0.43206003
v 0.22328695 -1.5017184 -0.4108954
v 0.30018988 -1.42372989 -0.53037774
v 0.25973847 -1.449234 -0.55388242
v 0.16001698 -1.53723502 -0.39721185
v 0.13860541 -1.52759802 -0.45748516
v 0.16653226 -1.52156114 -0.44699561
v 0.1832211 -1.5483644 -0.34427869
v 0.15212675 -1.56816554 -0.3312377
v 0.12681181 -1.556553 -0.36469563
v 0.15509532 -1.55378103 -0.35703158
v 0.10260114 -1.54438078 -0.4083873
v 0.10852257 -1.53197956 -0.46518501
v 0.09367865 -1.56734252 -0.34705281
v 0.09671996 -1.55702066 -0.36853635
v 0.21224679 -1.55446195 -0.30096471
v 0.2470825 -1.55907177 -0.26194351
v 0.22216133 -1.5915184 -0.26385384
v 0.1814842 -1.57660639 -0.30281114
v 0.21354964 -1.56983184 -0.28358286
v 0.2467869 -1.52429294 -0.30248501
v 0.2138153 -1.53905034 -0.3253588
v 0.1563844 -1.59677696 -0.3061805
v 0.12469769 -1.57874023 -0.32956066
v 0.15237662 -1.57960128 -0.3177846
v 0.20145142 -1.63580441 -0.26310989
v 0.16935423 -1.69945359 -0.26584374
v 0.12977013 -1.65194034 -0.3038032
v 0.15939419 -1.64049327 -0.28988257
v 0.10021489 -1.60344576 -0.32872167
v 0.09656648 -1.57478845 -0.33906605
v 0.10048457 -1.71095192 -0.30140122
v 0.10065057 -1.66096139 -0.31468755
v 0.25775694 -1.69818949 -0.20784577
v 0.299764 -1.73587143 -0.18043974
v 0.27020382 -1.79165673 -0.18724733
v 0.23116254 -1.76279139 -0.20838928
v 0.26527112 -1.74868571 -0.19410398
v 0.2751179 -1.63108182 -0.21212078
v 0.24133932 -1.63628566 -0.23444436
v 0.19617596 -1.82043576 -0.21181312
v 0.13616867 -1.75778222 -0.26710748
v 0.19385919 -1.7728995 -0.22766472
v 0.24013069 -1.85593557 -0.19239045
v 0.20918968 -1.93739414 -0.19486337
v 0.15629546 -1.87181329 -0.21624441
v 0.19091506 -1.85447859 -0.20718351
v 0.10469847 -1.82092249 -0.25967982
v 0.0998938 -1.76049137 -0.28527179
v 0.11329788 -1.92535722 -0.21821579
v 0.11512465 -1.88310098 -0.23042038
v 0.31112927 -1.95240497 -0.1652276
v 0.34512057 -2.01055359 -0.14733304
v 0.30791238 -2.09593677 -0.16178843
v 0.27562466 -2.03984355 -0.17410706
v 0.31113395 -2.02391004 -0.16257773
v 0.33773911 -1.87400853 -0.15828488
v 0.29851731 -1.87419056 -0.17293497
v 0.23983809 -2.11765909 -0.18181394
v 0.18005508 -2.03182292 -0.19354555
v 0.23669451 -2.04872942 -0.18318297
v 0.27155837 -2.171633 -0.17624016
v 0.23891876 -2.24436855 -0.19043125
v 0.20028735 -2.18349432 -0.18798267
v 0.23985283 -2.17920494 -0.18416938
v 0.14372237 -2.11716437 -0.1901637
v 0.1242239 -2.01429247 -0.20301941
v 0.15894514 -2.26321959 -0.19679859
v 0.15176209 -2.17788028 -0.1890361
v 0.31314867 -2.24108839 -0.16121721
v 0.36545294 -2.30935859 -0.13723349
v 0.33493545 -2.35061669 -0.17037586
v 0.28351911 -2.30903196 -0.18412137
v 0.32530266 -2.31213641 -0.16357953
v 0.34820175 -2.16485261 -0.13768559
v 0.3068521 -2.16561412 -0.16157747
v 0.25131374 -2.35561537 -0.20769909
v 0.20311401 -2.3150568 -0.20731477
v 0.24122472 -2.3073337 -0.19895404
v 0.31147036 -2.39555668 -0.20952381
v 0.29771584 -2.47869634 -0.25801751
v 0.20687745 -2.40592312 -0.23466438
v 0.26271587 -2.39841604 -0.2236831
v 0.16562776 -2.37112379 -0.22239416
v 0.16095253 -2.32353973 -0.20766949
v 0.16698731 -2.47990608 -0.25815922
v 0.16519872 -2.42109799 -0.23936408
v 0.38537097 -2.45484471 -0.22744527
v 0.45848783 -2.49415659 -0.22555004
v 0.4355978 -2.56673121 -0.26951125
v 0.36410966 -2.52363801 -0.26970061
v 0.4111827 -2.50703883 -0.25058272
v 0.39044907 -2.37722492 -0.16002583
v 0.35175192 -2.38823437 -0.18927691
v 0.32929158 -2.60741353 -0.30300444
v 0.26019537 -2.56111359 -0.29014533
v 0.31594175 -2.54390144 -0.28349891
v 0.40095743 -2.66025686 -0.30714795
v 0.36104854 -2.75419473 -0.33594188
v 0.28887447 -2.68966484 -0.32508236
v 0.34430226 -2.67805075 -0.31992083
v 0.21244925 -2.6295681 -0.30648881
v 0.18918721 -2.56136179 -0.28505706
v 0.2434092 -2.76532506 -0.34082633
v 0.22889158 -2.69632554 -0.32405236
v 0.4825977 -2.72308421 -0.30403569
v 0.57093787 -2.78908371 -0.29461786
v 0.52592432 -2.88900446 -0.33827611
v 0.4390845 -2.82114839 -0.34032729
v 0.50454926 -2.80741691 -0.32115089
v 0.51729339 -2.61827778 -0.25953608
v 0.45940303 -2.63908958 -0.28672224
v 0.39629852 -2.90370655 -0.36811479
v 0.32048481 -2.83231687 -0.35684889
v 0.37861162 -2.82894086 -0.35166105
v 0.47620087 -2.97563242 -0.37387251
v 0.42663264 -3.05238103 -0.401712
v 0.35281777 -2.97976708 -0.39120563
v 0.4127424 -2.97890281 -0.38515189
v 0.27400219 -2.90338921 -0.37510982
v 0.25832223 -2.83253622 -0.35736131
v 0.29073503 -3.05460953 -0.41254153
v 0.28503376 -2.9803009 -0.39433577
v 0.56397724 -3.04626512 -0.37199768
v 0.65673166 -3.11669731 -0.36178392
v 0.59219074 -3.19500446 -0.40163177
v 0.50555324 -3.12302804 -0.40548592
v 0.57949107 -3.12130785 -0.38733524
v 0.61916112 -2.9577341 -0.32939404
v 0.54611694 -2.96877813 -0.35544627
v 0.44455134 -3.19639158 -0.43272596
v 0.37341988 -3.12554478 -0.42477726
v 0.4372788 -3.12428808 -0.41745597
v 0.51987654 -3.26989531 -0.43542599
v 0.44387698 -3.34953403 -0.46531212
v 0.37911176 -3.27318811 -0.45697766
v 0.44744366 -3.27086901 -0.44833627
v 0.31011936 -3.19846725 -0.44554463
v 0.30129018 -3.12563991 -0.42914259
v 0.29289108 -3.36349773 -0.48255515
v 0.3076322 -3.27714419 -0.46313938
v 0.60110652 -3.34718942 -0.43207469
v 0.67885708 -3.43163704 -0.42522692
v 0.58150041 -3.51715755 -0.46960878
v 0.51118212 -3.43072366 -0.47000327
v 0.5943194 -3.43061232 -0.4505881
v 0.68097853 -3.27012848 -0.39095646
v 0.59998858 -3.2696805 -0.41613358
v 0.42252886 -3.50946617 -0.49842998
v 0.35799509 -3.43764829 -0.49288696
v 0.43372538 -3.43269634 -0.48347348
v 0.4934501 -3.57876992 -0.49637535
v 0.41013512 -3.62430524 -0.50863301
v 0.33599638 -3.56767034 -0.51324409
v 0.41574752 -3.57091593 -0.50643485
v 0.26116263 -3.51306653 -0.51190829
v 0.2737022 -3.44675588 -0.50034606
v 0.25142079 -3.56919407 -0.51812577
v 0.56532996 -3.64522814 -0.48592189
v 0.63120973 -3.71047473 -0.46801659
v 0.54481148 -3.74805712 -0.47732031
v 0.48157057 -3.68405008 -0.49670201
v 0.55783873 -3.6955266 -0.48417794
v 0.64968907 -3.60195446 -0.46238246
v 0.57158857 -3.58964824 -0.48186001
v 0.40270254 -3.67596054 -0.50575292
v 0.7134549 -3.67932033 -0.44703936
v 0.76893687 -3.75156211 -0.42509949
v 0.68695128 -3.77638435 -0.44387498
v 0.70179259 -3.72924709 -0.44818341
v 0.74712288 -3.52852678 -0.41763585
v 0.80321043 -3.63146925 -0.40860462
v 0.72735124 -3.61583018 -0.43782973
v 0.85104101 -3.72491073 -0.39311415
v 0.89072227 -3.80621838 -0.37029993
v 0.81292951 -3.82188201 -0.39810881
v 0.83183485 -3.77702236 -0.39916956
v 0.94685846 -3.67232585 -0.33856728
v 0.87702745 -3.64977932 -0.37505343
v 0.97396493 -3.78059816 -0.32670366
v 0.99633717 -3.87381315 -0.30410358
v 0.92060422 -3.88573789 -0.34103843
v 0.94554185 -3.8389225 -0.33857238
v 1.06869673 -3.73216199 -0.2616086
v 1.01087057 -3.69981598 -0.30060946
v 1.08066511 -3.84704423 -0.24942949
v 1.08877873 -3.94427919 -0.22598466
v 1.01098454 -3.9583745 -0.27384182
v 1.04386484 -3.90924763 -0.26665294
v 1.15589022 -3.68803072 -0.1884351
v 1.16666483 -3.80780983 -0.18020162
v 1.12048578 -3.76873588 -0.2215888
v 1.17097711 -3.91708135 -0.16247098
v 1.17099785 -4.01245355 -0.13559545
v 1.09278059 -4.03110885 -0.19378265
v 1.13114082 -3.97904324 -0.18213279
v 1.20910811 -3.84698963 -0.13598585
v 1.08493888 -4.12216949 -0.15803423
v 0.95837146 -4.18719673 -0.20458984
v 1.01387238 -4.04223918 -0.23924066
v 1.05097007 -4.08173418 -0.19975087
v 1.16662526 -4.09884452 -0.10317804
v 1.14365553 -4.20276165 -0.07141791
v 1.02566218 -4.26756334 -0.1328389
v 1.1164844 -4.16232347 -0.11463185
v 1.20687925 -4.04367446 -0.08833529
v 1.00108659 -4.35830402 -0.11693855
v 0.91514307 -4.3740797 -0.17234605
v 0.93543279 -4.28309488 -0.18235214
v 0.96942418 -4.32154607 -0.15017482
v 1.09108948 -4.32478094 -0.05883316
v 1.0454669 -4.41811704 -0.05982251
v 0.95008254 -4.46408271 -0.12288242
v 1.02680313 -4.39105367 -0.08617201
v 1.16515326 -4.23702621 -0.03329504
v 0.89320397 -4.54748821 -0.13832253
v 0.80761063 -4.56153821 -0.1941466
v 0.85463142 -4.48970127 -0.18505103
v 0.87492024 -4.52217388 -0.16115465
v 0.98299121 -4.51004791 -0.07768891
v 0.92035269 -4.58205223 -0.09830708
v 0.83520942 -4.61239337 -0.15320642
v 0.90845656 -4.56717824 -0.1173264
v 1.05994784 -4.43802881 -0.03689568
v 0.7633453 -4.67079687 -0.17069178
v 0.67364192 -4.68331432 -0.2194786
v 0.74686473 -4.62568092 -0.20639574
v 0.75662672 -4.65101909 -0.18758499
v 0.84965121 -4.64324188 -0.11987136
v 0.76878976 -4.69524335 -0.14117607
v 0.68149447 -4.71953153 -0.18835048
v 0.76714593 -4.68507576 -0.15568423
v 0.92780435 -4.59339094 -0.08174756
v 0.59388566 -4.75852918 -0.20390006
v 0.50474876 -4.76835775 -0.24415451
v 0.59079378 -4.73167848 -0.23256798
v 0.59342205 -4.74723196 -0.21793881
v 0.67988133 -4.73850297 -0.15987354
v 0.58820682 -4.77197361 -0.1739293
v 0.50522321 -4.78810119 -0.21496205
v 0.59196686 -4.76677084 -0.18945552
v 0.76811271 -4.70252609 -0.12607854
v 0.41780105 -4.80843019 -0.22054699
v 0.33485153 -4.81304884 -0.25471314
v 0.4194898 -4.79488325 -0.25197365
v 0.41972774 -4.80320978 -0.23666961
v 0.49801901 -4.79528331 -0.18210592
v 0.41090375 -4.80873775 -0.18405586
v 0.33156317 -4.82006502 -0.22081436
v 0.41454249 -4.81038045 -0.20319597
v 0.58343148 -4.77375221 -0.15685355
v 0.24678829 -4.82395362 -0.21598637
v 0.2497452 -4.82371044 -0.25245168
v 0.24832081 -4.82547235 -0.23504778
v 0.32654982 -4.81301546 -0.1796042
v 0.24286875 -4.8083229 -0.16683027
v 0.24539335 -4.81867742 -0.19401004
v 0.40679034 -4.803092 -0.16238868
v 0.24999269 -4.81055831 -0.28460222
v 0.2503483 -4.81875515 -0.26894
v 0.24481459 -4.78341484 -0.31434437
v 0.33185744 -4.79309845 -0.28519123
v 0.24821025 -4.79891347 -0.2996599
v 0.41372653 -4.7677102 -0.2811993
v 0.41717794 -4.78335189 -0.26666724
v 0.23725622 -4.73493385 -0.34441459
v 0.32432735 -4.75682163 -0.31434601
v 0.24068523 -4.76295471 -0.32899111
v 0.41008085 -4.71677827 -0.31151163
v 0.49915397 -4.73079061 -0.27391564
v 0.41125756 -4.7463231 -0.29583364
v 0.31994921 -4.68819475 -0.34742492
v 0.40163493 -4.62819623 -0.34905204
v 0.493375 -4.66308116 -0.30817759
v 0.4074977 -4.67728233 -0.3293598
v 0.58292645 -4.68109464 -0.26542222
v 0.58700048 -4.70991897 -0.24845558
v 0.56581592 -4.60200977 -0.3044148
v 0.65731906 -4.62259531 -0.25660359
v 0.57626104 -4.64518165 -0.28407284
v 0.47240257 -4.56358671 -0.34893617
v 0.53370422 -4.49594593 -0.34607982
v 0.62769287 -4.53581285 -0.29926097
v 0.55133795 -4.55204534 -0.32552093
v 0.71900212 -4.55773162 -0.24820205
v 0.73482537 -4.59486007 -0.22636266
v 0.67681622 -4.46637344 -0.29314968
v 0.76725524 -4.48731899 -0.24071201
v 0.69961863 -4.51480197 -0.27077758
v 0.58448427 -4.4278965 -0.34025219
v 0.62619566 -4.35769271 -0.33193302
v 0.71798288 -4.38991498 -0.28517705
v 0.65226161 -4.41347599 -0.31368124
v 0.81393909 -4.39486694 -0.23154237
v 0.83309537 -4.44796133 -0.20937496
v 0.78442978 -4.26700305 -0.26581019
v 0.8638975 -4.27218294 -0.22411628
v 0.79832088 -4.33302831 -0.25017115
v 0.6686362 -4.26780223 -0.32019746
v 0.79898405 -4.18237781 -0.27083903
v 0.76312845 -4.20238637 -0.28307339
v 0.86453557 -4.20169067 -0.24015744
v 0.90005457 -4.24288463 -0.21265791
v 0.90362989 -4.08658981 -0.26869952
v 0.82894277 -4.16103696 -0.26513671
v 0.49576386 -4.37463378 -0.37889111
v 0.53903424 -4.30068397 -0.37090188
v 0.47847771 -4.30551052 -0.39051371
v 0.44238343 -4.44346523 -0.38489425
v 0.5144509 -4.43684673 -0.36417454
v 0.57886117 -4.19254016 -0.36295089
v 0.59883463 -4.29249954 -0.34858006
v 0.38058424 -4.5113554 -0.38722592
v 0.36982494 -4.44890403 -0.40192037
v 0.31143975 -4.57955932 -0.38517797
v 0.39205515 -4.57192611 -0.36903095
v 0.23446397 -4.64591074 -0.37934228
v 0.2321037 -4.58647203 -0.39732384
v 0.23549985 -4.69621658 -0.36128211
v 0.9355371 -3.96732425 -0.30745852
v 0.97506332 -4.00442791 -0.27515706
v 0.84448093 -3.89610409 -0.36603114
v 0.8927381 -3.93023824 -0.33777532
v 0.73217874 -3.8431127 -0.41443947
v 0.79123145 -3.86653041 -0.39167961
v 0.59021002 -3.96936392 -0.40186661
v 0.5899595 -3.82860398 -0.44839555
v 0.6652106 -3.82953429 -0.43361303
v 0.51381963 -3.83366608 -0.45952668
v 0.76740968 -3.34871459 -0.37446647
v 0.76272028 -3.43483734 -0.3941178
v 0.75039976 -3.18896198 -0.34393453
v 0.76270037 -3.26866197 -0.35847568
v 0.71336269 -3.02604246 -0.31340974
v 0.80381369 -3.09541225 -0.29162278
v 0.73336076 -3.10776162 -0.32907399
v 0.66321921 -2.85776615 -0.28015402
v 0.75293874 -2.92651367 -0.26145958
v 0.68992292 -2.94346809 -0.29721251
v 0.77634596 -2.81813859 -0.2060827
v 0.85751271 -2.88523316 -0.18112558
v 0.83716249 -2.99413228 -0.23837649
v 0.80742812 -2.90765094 -0.22351005
v 0.69177985 -2.7484312 -0.22631879
v 0.71210551 -2.63853716 -0.16419924
v 0.79251515 -2.69792985 -0.13913179
v 0.74428159 -2.72502231 -0.18538534
v 0.60346585 -2.67939138 -0.24432992
v 0.63383269 -2.76896858 -0.26260724
v 0.62606585 -2.58600854 -0.19054658
v 0.64422029 -2.52646517 -0.13734829
v 0.733047 -2.56825685 -0.10490671
v 0.67997556 -2.57559037 -0.14924264
v 0.5402894 -2.53787779 -0.21223609
v 0.57261598 -2.60009503 -0.22720395
v 0.55390173 -2.4809463 -0.16067642
v 0.54591339 -2.40127039 -0.07129711
v 0.65419781 -2.4786849 -0.07731107
v 0.60377818 -2.47994422 -0.12198121
v 0.46891081 -2.43369793 -0.16932208
v 0.50610941 -2.48574757 -0.19541436
v 0.46735799 -2.35368204 -0.07930289
v 0.49375784 -2.32084894 -0.02690809
v 0.54997587 -2.33657288 0.01414595
v 0.50760006 -2.34444713 -0.03339114
v 0.41451221 -2.33872032 -0.11066009
v 0.42862933 -2.36492157 -0.12245905
v 0.44443044 -2.29487967 -0.06553321
v 0.47248348 -2.22865867 -0.02253988
v 0.5216453 -2.27234339 0.02579863
v 0.4833306 -2.28502798 -0.02144184
v 0.39638298 -2.24200367 -0.10258013
v 0.40506747 -2.30304145 -0.10454556
v 0.42692732 -2.16301298 -0.07236658
v 0.45598849 -2.08180189 -0.04751327
v 0.50020808 -2.15273666 0.01608387
v 0.46314722 -2.15912556 -0.03174645
v 0.38381657 -2.08489847 -0.11620301
v 0.38922759 -2.16527152 -0.10715982
v 0.41542229 -2.00381016 -0.09768409
v 0.44672 -1.92035317 -0.07759653
v 0.48717269 -1.98513078 -0.02422395
v 0.45204877 -1.99843537 -0.06284962
v 0.37452802 -1.93113505 -0.13560487
v 0.37904509 -2.00444841 -0.12650591
v 0.40190628 -1.85520458 -0.12269074
v 0.42855155 -1.77561569 -0.10860404
v 0.47430864 -1.83874082 -0.05852307
v 0.43771353 -1.84470713 -0.09434586
v 0.35809028 -1.79860472 -0.1519901
v 0.36895865 -1.86635947 -0.14333471
v 0.38115656 -1.72316718 -0.14315556
v 0.40354734 -1.65329909 -0.133979
v 0.450796 -1.70005571 -0.09614237
v 0.41802191 -1.71268248 -0.12091831
v 0.32473087 -1.67389798 -0.17492753
v 0.33978161 -1.72939491 -0.16350857
v 0.34570425 -1.60882687 -0.17212167
v 0.36499357 -1.54530072 -0.17156419
v 0.42321342 -1.5828228 -0.12658241
v 0.38407397 -1.59589052 -0.15083336
v 0.29294142 -1.57614207 -0.21560663
v 0.30969762 -1.62147545 -0.19175812
v 0.31595689 -1.52576971 -0.21700042
v 0.34388652 -1.47380137 -0.21609044
v 0.38610118 -1.48122239 -0.17182642
v 0.35081425 -1.50448834 -0.19453173
v 0.27767735 -1.52176737 -0.25986108
v 0.28128975 -1.54422617 -0.23956443
v 0.31167644 -1.48055458 -0.25621771
v 0.34719514 -1.43873274 -0.25195372
v 0.37712773 -1.42448353 -0.20910042
v 0.34393107 -1.45353245 -0.23310729
v 0.28313911 -1.48711514 -0.30950987
v 0.27961871 -1.50442659 -0.279098
v 0.32036247 -1.44542455 -0.32603389
v 0.36355811 -1.39944255 -0.34441611
v 0.38493236 -1.39486384 -0.25720113
v 0.35173803 -1.4220829 -0.29068478
v 0.30329769 -1.44255483 -0.40995663
v 0.28969663 -1.46578848 -0.35737299
v 0.36578166 -1.37655329 -0.47431808
v 0.41993373 -1.31562352 -0.5047037
v 0.43282914 -1.32044613 -0.40972444
v 0.39798811 -1.34989392 -0.44362598
v 0.35712415 -1.36813163 -0.56857001
v 0.3345271 -1.40029454 -0.50297635
v 0.4008857 -1.3150984 -0.58034879
v 0.46258559 -1.26144206 -0.50671523
v 0.43193903 -1.2875756 -0.54541075
v 0.36886349 -1.3424431 -0.61180204
v 0.48347494 -1.26433908 -0.42483532
v 0.50237381 -1.2665863 -0.33282399
v 0.43666783 -1.3384509 -0.28213423
v 0.46863949 -1.29134714 -0.37452885
v 0.49881732 -1.20695292 -0.49703326
v 0.52412879 -1.21517896 -0.42109698
v 0.49321627 -1.23745596 -0.46519529
v 0.55976045 -1.16266822 -0.40939787
v 0.58800137 -1.17315566 -0.32226729
v 0.54667633 -1.22128748 -0.33101019
v 0.55541151 -1.19403958 -0.37345695
v 0.53214526 -1.14201259 -0.4834305
v 0.55775463 -1.03828358 -0.49466866
v 0.59685421 -1.0986489 -0.39095267
v 0.56114494 -1.11950063 -0.44300806
v 0.49842011 -1.08874332 -0.57888805
v 0.50105857 -1.16510415 -0.52900463
v 0.54095339 -0.94181716 -0.573125
v 0.56423658 -0.88792032 -0.56998646
v 0.59948605 -0.91749507 -0.49571371
v 0.55521565 -0.93696337 -0.55234718
v 0.46282553 -0.98739522 -0.70031017
v 0.51620852 -0.86053073 -0.66772794
v 0.50170981 -0.95683836 -0.64229607
v 0.5029363 -0.79140704 -0.71977078
v 0.5671969 -0.72312295 -0.6945908
v 0.55594754 -0.81451982 -0.642012
v 0.52872216 -0.80445623 -0.68381607
v 0.44734364 -0.90950024 -0.7496894
v 0.49850538 -0.6895653 -0.75890827
v 0.47239124 -0.78073287 -0.75378119
v 0.43783906 -1.00097835 -0.73244422
v 0.57893931 -0.62883901 -0.73037594
v 0.64034217 -0.59066051 -0.68477809
v 0.63093656 -0.67282992 -0.6538825
v 0.60563325 -0.6549384 -0.69501411
v 0.58904814 -0.54174262 -0.74507963
v 0.5481863 -0.60264086 -0.75712382
v 0.64658439 -0.51377272 -0.69657015
v 0.68815219 -0.49331837 -0.63205444
v 0.68856674 -0.55729508 -0.61949831
v 0.67026203 -0.53378999 -0.66057568
v 0.59459137 -0.4661481 -0.73590546
v 0.64186143 -0.45225995 -0.69336015
v 0.6206851 -0.49229762 -0.72215777
v 0.6306647 -0.39920145 -0.68030238
v 0.66537761 -0.38890484 -0.61719608
v 0.67921316 -0.44177186 -0.63208663
v 0.65354853 -0.42191624 -0.6635648
v 0.59063071 -0.39749413 -0.71525085
v 0.62048435 -0.35200506 -0.65828299
v 0.60948133 -0.37618464 -0.68942552
v 0.54529178 -0.3954285 -0.74283397
v 0.56425797 -0.4257577 -0.74024975
v 0.64241421 -0.32315602 -0.58593571
v 0.66434061 -0.30650553 -0.54283672
v 0.69726872 -0.36197486 -0.54578673
v 0.67336541 -0.34817248 -0.56688171
v 0.62478625 -0.29216462 -0.56677246
v 0.62651383 -0.30780959 -0.59563159
v 0.63869547 -0.29008013 -0.5445066
v 0.65863454 -0.29012331 -0.5375297
v 0.65718257 -0.29246187 -0.53780764
v 0.62091529 -0.2854892 -0.55292832
v 0.71345633 -0.41164535 -0.54539912
v 0.71734136 -0.46592345 -0.55290508
v 0.70028644 -0.45530366 -0.5944277
v 0.74438011 -0.38293081 -0.48504129
v 0.72248745 -0.37369066 -0.51736128
v 0.77435708 -0.35840275 -0.42223227
v 0.77248269 -0.41435304 -0.40921041
v 0.74249261 -0.43933236 -0.48534143
v 0.75984078 -0.39496678 -0.45303124
v 0.73865455 -0.50886917 -0.46918079
v 0.71266144 -0.54146635 -0.56003594
v 0.7294116 -0.48053202 -0.51388108
v 0.76344811 -0.50168287 -0.38268491
v 0.7523486 -0.57377386 -0.37199708
v 0.72900688 -0.60429644 -0.45872709
v 0.74672746 -0.54488623 -0.4174427
v 0.7083168 -0.62035757 -0.53482198
v 0.67944949 -0.63928902 -0.59437036
v 0.70057928 -0.58611643 -0.57779836
v 0.71698856 -0.69022494 -0.44686812
v 0.71378529 -0.65524548 -0.49092787
v 0.7902354 -0.472763 -0.28924244
v 0.81644946 -0.42130896 -0.1886616
v 0.79086047 -0.55001074 -0.15789812
v 0.77335041 -0.55359458 -0.28045311
v 0.79342269 -0.49468225 -0.23616394
v 0.80321836 -0.39462983 -0.30294731
v 0.78408813 -0.44777777 -0.34333279
v 0.75727838 -0.69482839 -0.19822326
v 0.73481559 -0.68448066 -0.35511866
v 0.75526607 -0.61014407 -0.31790423
v 0.76999861 -0.67156004 -0.1225324
v 0.75163161 -0.77323955 -0.0887831
v 0.74094641 -0.80154967 -0.17420715
v 0.75585889 -0.73788774 -0.13970367
v 0.72029638 -0.79570889 -0.31181174
v 0.71777069 -0.73827916 -0.39068311
v 0.72545617 -0.90230602 -0.16614154
v 0.70874422 -0.88059556 -0.28316965
v 0.72452414 -0.85136663 -0.23022425
v 0.73308551 -0.86734384 -0.07435843
v 0.71275329 -0.97063374 -0.08879655
v 0.7091462 -0.99219512 -0.17155468
v 0.7215451 -0.94069701 -0.12167805
v 0.69464707 -0.96867978 -0.26813691
v 0.67479252 -0.90527361 -0.36856624
v 0.69259738 -0.89697182 -0.32770827
v 0.685009 -1.06662297 -0.18951734
v 0.6720221 -1.04828882 -0.27267485
v 0.69276565 -1.02524805 -0.22394289
v 0.68804436 -1.05239927 -0.1082526
v 0.65246278 -1.11922609 -0.13054637
v 0.64774656 -1.12865066 -0.21595692
v 0.67077976 -1.09590351 -0.16067022
v 0.63086885 -1.12062847 -0.29772642
v 0.65023464 -0.99832177 -0.35794502
v 0.64125025 -1.07089209 -0.32502654
v 0.60613739 -1.17876446 -0.23302964
v 0.62022465 -1.15197932 -0.26889079
v 0.67546045 -1.01969146 -0.03026312
v 0.66568887 -0.97585618 0.03053726
v 0.64688766 -1.06567466 0.00715196
v 0.64783692 -1.09597504 -0.05051736
v 0.65753769 -1.0402621 -0.00534042
v 0.70706725 -0.91140979 -0.01776003
v 0.69857138 -0.99710518 -0.0656626
v 0.61765807 -1.16095113 -0.07197694
v 0.61385589 -1.1747576 -0.14608658
v 0.63344001 -1.13992512 -0.09849169
v 0.62340557 -1.14878964 -0.01024997
v 0.59783452 -1.21494984 -0.0205632
v 0.5828011 -1.21999728 -0.08218734
v 0.60519647 -1.18647301 -0.04663982
v 0.57162439 -1.22664713 -0.14990532
v 0.56257534 -1.22547054 -0.23711013
v 0.58977282 -1.202443 -0.1919526
v 0.54720681 -1.27304887 -0.08862334
v 0.52680516 -1.27731263 -0.14725852
v 0.55654293 -1.24997413 -0.11562495
v 0.57245588 -1.27282238 -0.03059981
v 0.54987883 -1.33377909 -0.03933896
v 0.51457977 -1.32089829 -0.09925518
v 0.54491853 -1.297544 -0.06637477
v 0.48359668 -1.32472193 -0.14852547
v 0.45762726 -1.33305656 -0.20439755
v 0.51103258 -1.27862775 -0.2207735
v 0.49369448 -1.30406963 -0.17723707
v 0.4866051 -1.37205398 -0.10995674
v 0.44640636 -1.3684628 -0.15805763
v 0.48147916 -1.34391534 -0.12980997
v 0.53126215 -1.40088629 -0.04778091
v 0.51369291 -1.47129631 -0.05734495
v 0.46365261 -1.43641328 -0.11583593
v 0.50033706 -1.4177699 -0.08257051
v 0.41288569 -1.41837263 -0.16894175
v 0.41330605 -1.38097107 -0.2002608
v 0.41124016 -1.39551782 -0.18425096
v 0.4425621 -1.51022839 -0.12076298
v 0.42318189 -1.45762765 -0.14686486
v 0.57115042 -1.44291961 0.02433493
v 0.59988355 -1.48587417 0.09238544
v 0.5902512 -1.56629812 0.07766801
v 0.55689561 -1.5168035 0.01067334
v 0.58162033 -1.50447762 0.05286502
v 0.58605593 -1.36608398 0.03755892
v 0.56013572 -1.38463568 -0.00709924
v 0.53885012 -1.59216249 -0.00591976
v 0.49260842 -1.5455718 -0.07086651
v 0.52511584 -1.52745294 -0.03410249
v 0.57850992 -1.64640247 0.06470169
v 0.56133031 -1.73168444 0.04740138
v 0.51454162 -1.67600667 -0.02854738
v 0.55239903 -1.66265428 0.02350186
v 0.47099405 -1.62394404 -0.08436536
v 0.45945677 -1.56604075 -0.10026878
v 0.49500364 -1.75908803 -0.04395017
v 0.48197868 -1.68797731 -0.0665646
v 0.6019808 -1.69389975 0.12639787
v 0.62439602 -1.74592542 0.20349222
v 0.61867833 -1.83312344 0.18590414
v 0.59118461 -1.77885437 0.11354153
v 0.60919612 -1.76379251 0.15666505
v 0.6112281 -1.60719537 0.14026926
v 0.59639883 -1.62756395 0.10036775
v 0.57437324 -1.86322617 0.09142752
v 0.53729772 -1.81827092 0.02045181
v 0.56732899 -1.79694032 0.0680593
v 0.61160695 -1.92630112 0.16988152
v 0.59483039 -2.03523445 0.14526997
v 0.54980796 -1.96134531 0.06304977
v 0.58510053 -1.946208 0.12149961
v 0.51388305 -1.8991512 -0.00291158
v 0.50723683 -1.83225464 -0.02045257
v 0.52630841 -2.07071042 0.04468399
v 0.51764339 -1.9715321 0.0147016
v 0.64452713 -1.98301434 0.23212257
v 0.68412208 -2.03194665 0.29697531
v 0.67819458 -2.11917829 0.26103723
v 0.63566398 -2.08174252 0.20617534
v 0.66109967 -2.05717659 0.25040942
v 0.64649051 -1.88161993 0.25528568
v 0.6302669 -1.90548658 0.21063602
v 0.61786705 -2.16833925 0.16826276
v 0.56913232 -2.12798881 0.10984374
v 0.60467159 -2.10709762 0.15921121
v 0.667674 -2.19984817 0.2183157
v 0.65456396 -2.26838016 0.16894844
v 0.59684282 -2.23982834 0.12241554
v 0.63346242 -2.22094512 0.1706749
v 0.5463559 -2.20394063 0.07284919
v 0.53487706 -2.14231944 0.0633503
v 0.57379943 -2.2964425 0.06929835
v 0.55936485 -2.25684642 0.07408493
v 0.72941613 -2.23717784 0.26642966
v 0.80613493 -2.28017807 0.31379661
v 0.80154132 -2.33406734 0.26249277
v 0.7271381 -2.30446744 0.21641263
v 0.76767587 -2.29385995 0.26592081
v 0.7286008 -2.15217995 0.31194055
v 0.69910115 -2.17703223 0.26518571
v 0.7165879 -2.34889364 0.16195322
v 0.63978242 -2.32096457 0.11465485
v 0.68441385 -2.31305623 0.16588585
v 0.79890799 -2.38204741 0.20025281
v 0.85211557 -2.51475811 0.05994503
v 0.72644686 -2.42324996 0.06855502
v 0.75884097 -2.39395189 0.14347229
v 0.62399959 -2.36007475 0.05620955
v 0.59442424 -2.3288331 0.06366476
v 0.75186741 -2.52531242 -0.04833689
v 0.69674938 -2.46114587 -0.01400458
v 0.91160082 -2.45345473 0.20324495
v 1.02006101 -2.51449847 0.21223843
v 1.00596797 -2.55743479 0.14977158
v 0.93125975 -2.53845906 0.10238561
v 0.97676414 -2.52788519 0.15724653
v 0.87642443 -2.35694289 0.30282908
v 0.83836621 -2.3709855 0.25226566
v 0.90994048 -2.58002877 0.03825055
v 0.8349176 -2.55577707 -0.00730499
v 0.88399314 -2.54759335 0.04716346
v 0.98625636 -2.60658335 0.08695918
v 0.9658094 -2.6880505 0.01225061
v 0.88764476 -2.6431334 -0.02972666
v 0.93656432 -2.62240934 0.02871378
v 0.81201893 -2.60395979 -0.06819342
v 0.78470552 -2.56226992 -0.0578627
v 0.87128651 -2.76260614 -0.1122911
v 0.83977145 -2.66980147 -0.08693883
v 1.07179951 -2.64091444 0.14087662
v 1.17117571 -2.68911409 0.19998869
v 1.16930651 -2.80399131 0.13212637
v 1.05642175 -2.74186682 0.06326377
v 1.11559271 -2.70937371 0.13726006
v 1.08654522 -2.58012771 0.20068869
v 1.03656029 -2.59315443 0.14456415
v 1.04245698 -2.89749527 -0.03621396
v 0.95243585 -2.83041572 -0.08019369
v 1.00092446 -2.78993511 -0.01522034
v 1.15473115 -2.95092082 0.03869186
v 1.14374136 -3.06696033 -0.02974567
v 1.03574585 -3.01277327 -0.09909196
v 1.08906507 -2.98818159 -0.04075246
v 0.94340121 -2.95187497 -0.14665989
v 0.90591979 -2.85959053 -0.13321991
v 0.92569077 -3.06237506 -0.20545381
v 0.98199933 -3.03970217 -0.15464502
v 1.17451858 -2.60991835 0.25362247
v 1.2648102 -2.6439116 0.30622026
v 1.22017645 -2.6692543 0.25458782
v 1.09809064 -2.53079748 0.25829449
v 1.17932558 -2.54958009 0.30586785
v 1.1346004 -2.56577634 0.25461393
v 1.1725409 -2.48726725 0.36840659
v 1.25541639 -2.5120244 0.40321141
v 1.26282334 -2.57008957 0.35397693
v 1.2200818 -2.53255367 0.35425043
v 1.0803343 -2.44617748 0.34850087
v 1.04780983 -2.35180425 0.43398013
v 1.13430643 -2.37714004 0.46620851
v 1.10327577 -2.4027729 0.41752696
v 0.97245872 -2.39218521 0.33477973
v 1.05675518 -2.4911735 0.27295798
v 0.95788604 -2.32491755 0.39856717
v 0.95464992 -2.26314663 0.4452275
v 1.03433489 -2.27519583 0.48895192
v 0.99696624 -2.30495905 0.4424161
v 0.87904411 -2.30604529 0.35718315
v 0.91632717 -2.34148788 0.35171866
v 0.87771838 -2.24047827 0.40305975
v 0.86002653 -2.13741207 0.44727301
v 0.95149004 -2.16293764 0.50270867
v 0.9126178 -2.2126007 0.44644999
v 0.79727107 -2.19621348 0.35973265
v 0.8426705 -2.26259183 0.35944613
v 0.78225016 -2.09364032 0.40118536
v 0.76988214 -1.98759138 0.44300353
v 0.84574335 -2.00714421 0.5052495
v 0.80933672 -2.05709505 0.4461072
v 0.72743856 -2.0618391 0.35388007
v 0.75631523 -2.12445306 0.35775363
v 0.72259175 -1.96374332 0.39309513
v 0.7119326 -1.86199295 0.42782339
v 0.75910085 -1.88379609 0.48756644
v 0.73884427 -1.92424929 0.43798756
v 0.68307125 -1.92900347 0.33106091
v 0.70517301 -2.00072455 0.34642696
v 0.6763798 -1.82626426 0.36154204
v 0.66888761 -1.73978376 0.38713145
v 0.69896554 -1.77079618 0.45812386
v 0.68795168 -1.79966712 0.41013178
v 0.64791601 -1.78767442 0.28448268
v 0.66251325 -1.85358142 0.30871808
v 0.64810043 -1.70232534 0.30833569
v 0.64515316 -1.61655116 0.32589453
v 0.65995198 -1.65672254 0.41292378
v 0.65524292 -1.68071091 0.35978359
v 0.62999725 -1.65521347 0.2217624
v 0.63780957 -1.72413492 0.25605726
v 0.6325609 -1.56741869 0.2376932
v 0.63157832 -1.48000407 0.25392681
v 0.63832843 -1.52652287 0.34274417
v 0.63726675 -1.54734838 0.28825324
v 0.61842989 -1.52408719 0.15869033
v 0.62372517 -1.58683383 0.18752355
v 0.62317347 -1.44125175 0.17784699
v 0.62763708 -1.35840392 0.19669683
v 0.62937021 -1.39485716 0.27220842
v 0.62842524 -1.41795373 0.22451625
v 0.60918921 -1.40409207 0.1078699
v 0.61358839 -1.46393227 0.13348007
v 0.61899578 -1.3229177 0.12078296
v 0.62966889 -1.24184739 0.13194485
v 0.6329174 -1.27352237 0.21381412
v 0.62838268 -1.29920566 0.16683462
v 0.60062313 -1.2907902 0.04448134
v 0.6051979 -1.34491324 0.07887333
v 0.61632412 -1.22003865 0.04939501
v 0.63344556 -1.14647889 0.05869929
v 0.64086002 -1.15718352 0.14295031
v 0.63119101 -1.19010126 0.09389056
v 0.59676587 -1.24702167 0.00856659
v 0.65010696 -1.06618559 0.15179181
v 0.64150792 -1.09573638 0.23219262
v 0.63825029 -1.18629598 0.22553919
v 0.64431703 -1.12463712 0.19008687
v 0.64970809 -1.05591201 0.07076504
v 0.66267812 -0.95791268 0.07935261
v 0.65699899 -0.97599059 0.15560717
v 0.65585053 -1.01188576 0.11466074
v 0.63839423 -1.10431838 0.02791496
v 0.66655629 -0.88783466 0.14660483
v 0.64168995 -1.00334882 0.24160802
v 0.65382587 -0.94415015 0.19558076
v 0.67660951 -0.87499046 0.0855785
v 0.68088477 -0.81868088 0.13810089
v 0.67960113 -0.84309011 0.11039972
v 0.68610924 -0.88503921 0.04398609
v 0.67200112 -0.91909837 0.0603293
v 0.60882449 -1.05974829 0.35715556
v 0.62106466 -1.14596259 0.32032999
v 0.63098114 -1.07332384 0.28220364
v 0.57209581 -1.1299262 0.47041988
v 0.54242456 -1.19002628 0.55122137
v 0.56765103 -1.26220214 0.51986849
v 0.59194755 -1.2065947 0.42885413
v 0.56842923 -1.19717288 0.49482724
v 0.55004829 -1.05290353 0.51334065
v 0.57880413 -1.05527687 0.44427478
v 0.6075946 -1.28547847 0.39865219
v 0.6260817 -1.22966408 0.30182164
v 0.61254715 -1.21660518 0.35908168
v 0.5912553 -1.33883631 0.49279478
v 0.61223393 -1.41384446 0.4727723
v 0.61901843 -1.36183679 0.37905573
v 0.60750758 -1.35114526 0.43664419
v 0.62771236 -1.31234061 0.28896448
v 0.63228064 -1.24898636 0.25720071
v 0.62888312 -1.4394207 0.36113205
v 0.62619108 -1.37533915 0.32325059
v 0.57685804 -1.38813614 0.57227045
v 0.56223064 -1.43538665 0.64581042
v 0.60490012 -1.4986484 0.62332379
v 0.60781997 -1.45944738 0.55216729
v 0.58809781 -1.44615542 0.59867394
v 0.54394257 -1.31643939 0.59642463
v 0.57026284 -1.32605147 0.54566693
v 0.63600987 -1.52957904 0.53448861
v 0.63071203 -1.48922443 0.4572851
v 0.62167662 -1.47390043 0.50618422
v 0.64580589 -1.56309843 0.60133665
v 0.68410742 -1.63339579 0.57938706
v 0.66131693 -1.6038407 0.51412749
v 0.65627867 -1.58162033 0.55797332
v 0.64724439 -1.57162642 0.43808481
v 0.63610971 -1.50663578 0.40162518
v 0.68258774 -1.68495154 0.48763224
v 0.66218882 -1.62988972 0.4657568
v 0.66136455 -1.59683799 0.66912853
v 0.68141633 -1.63194119 0.73827898
v 0.74922657 -1.69350898 0.71103078
v 0.71472501 -1.66419041 0.64447885
v 0.70206832 -1.64580416 0.69100785
v 0.60492432 -1.53639888 0.69243329
v 0.6288532 -1.54788959 0.64647138
v 0.76119279 -1.73744535 0.61797297
v 0.71754276 -1.71111309 0.5550239
v 0.71964114 -1.68591976 0.599738
v 0.80964309 -1.76304674 0.67962539
v 0.86277192 -1.84077012 0.64655041
v 0.79933404 -1.81553232 0.58848947
v 0.80853772 -1.78817248 0.63351011
v 0.74283081 -1.79430139 0.52498805
v 0.70972371 -1.74017953 0.50734394
v 0.82892292 -1.9010936 0.55381679
v 0.7818436 -1.84676528 0.54008483
v 0.86195254 -1.78889346 0.74450445
v 0.91340822 -1.81542909 0.81353068
v 0.98554247 -1.88954806 0.76585239
v 0.92643326 -1.8661139 0.70414769
v 0.92437386 -1.83878457 0.75687688
v 0.78684485 -1.72247052 0.78020358
v 0.80241036 -1.74044847 0.72887843
v 0.97581219 -1.94950902 0.66357868
v 0.90651941 -1.92512249 0.61284446
v 0.92026025 -1.89513087 0.65664821
v 1.04039335 -1.97157454 0.71738791
v 1.07915186 -2.05869627 0.67061507
v 1.01093578 -2.04048204 0.6218391
v 1.0285598 -2.00400543 0.66802501
v 0.93759596 -2.02211618 0.57292544
v 0.88293296 -1.95932388 0.56604057
v 1.03028965 -2.16075706 0.56000638
v 0.98709583 -2.09063005 0.57044899
v 1.10229432 -1.99413824 0.77723795
v 1.16160321 -2.01972293 0.84181803
v 1.21312618 -2.09753513 0.7842071
v 1.14671695 -2.07738685 0.72486531
v 1.15832662 -2.04654789 0.78106212
v 1.04024338 -1.91495776 0.83240383
v 1.04478788 -1.94144547 0.7723571
v 1.17674338 -2.16849899 0.66949993
v 1.10395526 -2.1618781 0.6140474
v 1.12828612 -2.1133995 0.67140948
v 1.24952364 -2.17885589 0.72828984
v 1.27443838 -2.28099823 0.65259856
v 1.19660949 -2.28589439 0.58897626
v 1.22543191 -2.22466802 0.66340082
v 1.11672794 -2.28263688 0.53647214
v 1.07222771 -2.22471475 0.54829168
v 1.21697068 -2.39498901 0.50371974
v 1.16596329 -2.34040975 0.52114993
v 1.32121443 -2.19254756 0.78842109
v 1.39088642 -2.20900678 0.84846717
v 1.43203628 -2.27833771 0.7889539
v 1.35401511 -2.27484512 0.72439801
v 1.37591159 -2.23644161 0.78918343
v 1.27740979 -2.11992263 0.84653294
v 1.26720929 -2.14629793 0.78671354
v 1.37656557 -2.39029097 0.62213099
v 1.2969172 -2.40490627 0.54946422
v 1.32495689 -2.33796882 0.63703715
v 1.47287964 -2.37499427 0.70916372
v 1.5119555 -2.53476142 0.56947368
v 1.4199121 -2.53853988 0.49994131
v 1.45323467 -2.4867649 0.57652545
v 1.33446896 -2.52759504 0.44701778
v 1.27755105 -2.46513176 0.47153568
v 1.34853625 -2.58892679 0.4052236
v 1.38422513 -2.56348705 0.45150288
v 1.55778026 -2.37345695 0.77476227
v 1.63261699 -2.37723302 0.8336361
v 1.6766113 -2.48184156 0.7421686
v 1.59824562 -2.50969266 0.65514886
v 1.61980068 -2.43044781 0.75537771
v 1.50871288 -2.28996849 0.84702998
v 1.49270224 -2.32174944 0.78632378
v 1.56662404 -2.56399393 0.58290135
v 1.58158719 -2.30592107 0.90428894
v 1.64670825 -2.32762861 0.96272939
v 1.70046055 -2.38787889 0.89332425
v 1.6421318 -2.3459258 0.89925402
v 1.45848298 -2.22827148 0.90927618
v 1.52357268 -2.25221276 0.9708414
v 1.51961839 -2.26704478 0.90752023
v 1.45542275 -2.21035194 1.03669726
v 1.50902199 -2.25290322 1.09943985
v 1.58381736 -2.28340649 1.03200137
v 1.52002 -2.24721694 1.03477108
v 1.39865922 -2.17506074 0.97401875
v 1.3249104 -2.12845349 1.03936791
v 1.37388563 -2.17687892 1.10295379
v 1.39060354 -2.17119002 1.03817284
v 1.33919954 -2.1453588 0.91015017
v 1.39866077 -2.18813633 0.91006588
v 1.27270817 -2.08625173 0.97453731
v 1.18888437 -2.03183746 1.0394535
v 1.23463773 -2.0865693 1.10530448
v 1.25772023 -2.08177328 1.04002225
v 1.21827852 -2.0501132 0.90826684
v 1.27929592 -2.0993421 0.90958464
v 1.14122593 -1.98493683 0.97132813
v 1.04859113 -1.93001973 1.02973866
v 1.09074127 -1.98650765 1.09953606
v 1.11895442 -1.9805293 1.03645396
v 1.09185552 -1.94617068 0.90175604
v 1.15580081 -1.99853527 0.90588152
v 1.00538075 -1.8831911 0.95758456
v 0.90603327 -1.83630454 1.00317502
v 0.94492423 -1.89117968 1.0774362
v 0.97776287 -1.88176357 1.01862287
v 0.96068424 -1.84554445 0.88490796
v 1.02669918 -1.89472746 0.89499127
v 0.86704587 -1.79130709 0.92811793
v 0.75879609 -1.75147771 0.96125328
v 0.79185533 -1.8055458 1.03836786
v 0.83275115 -1.79314816 0.98387181
v 0.82727986 -1.75438332 0.85338586
v 0.89406925 -1.79902315 0.87115538
v 0.73015028 -1.70698642 0.88455164
v 0.62272906 -1.66964471 0.90914225
v 0.6370871 -1.72423648 0.98630029
v 0.68766117 -1.71089685 0.93620646
v 0.70442855 -1.66816616 0.8093748
v 0.76303666 -1.71105015 0.83225554
v 0.61401987 -1.62135362 0.8332076
v 0.52106702 -1.57787656 0.85226875
v 0.56634843 -1.62523627 0.88049984
v 0.60826468 -1.5769881 0.76144027
v 0.65236878 -1.62363708 0.78555035
v 0.53475976 -1.5268526 0.7825225
v 0.46459236 -1.47948896 0.80199056
v 0.43423983 -1.53602433 0.86728173
v 0.48784506 -1.52943503 0.82627713
v 0.54841125 -1.48028099 0.71488517
v 0.57373106 -1.52920734 0.73783952
v 0.49255979 -1.42491436 0.73606258
v 0.43694117 -1.36899435 0.75479054
v 0.39751508 -1.4316113 0.81750154
v 0.44814145 -1.42588615 0.77809131
v 0.51839786 -1.37126267 0.66861617
v 0.53043854 -1.42817533 0.69193851
v 0.47373682 -1.30933833 0.69169741
v 0.42822817 -1.25159323 0.71402382
v 0.38202193 -1.31563389 0.77014917
v 0.43056732 -1.31062078 0.73316639
v 0.50939172 -1.24978876 0.62414413
v 0.51168286 -1.31114316 0.64568102
v 0.47191509 -1.18832659 0.65442436
v 0.430931 -1.13023233 0.68494802
v 0.38055485 -1.19710266 0.73457461
v 0.42873829 -1.19174766 0.69782799
v 0.51369988 -1.12245726 0.58670169
v 0.51036638 -1.18730497 0.60442668
v 0.47889661 -1.05899822 0.62651735
v 0.43672388 -0.99973028 0.66928577
v 0.38545516 -1.07190299 0.71526199
v 0.43378219 -1.06589758 0.67550861
v 0.52357268 -0.98172235 0.55696523
v 0.51835298 -1.05356323 0.57098346
v 0.48747357 -0.92255687 0.60940057
v 0.44226607 -0.87370795 0.66747152
v 0.38860875 -0.94503039 0.71132373
v 0.43972078 -0.93462681 0.6661911
v 0.53443551 -0.84909158 0.54392284
v 0.52941834 -0.91183275 0.54569137
v 0.49214315 -0.80556094 0.61940586
v 0.44645941 -0.75973713 0.69159311
v 0.39122873 -0.82837408 0.7229821
v 0.44396692 -0.81689733 0.67548418
v 0.57976603 -0.77259111 0.49472644
v 0.54254698 -0.7343108 0.58291083
v 0.53687477 -0.79281067 0.5588305
v 0.59953171 -0.64864343 0.55336982
v 0.57044023 -0.59934932 0.63639408
v 0.5054053 -0.68404185 0.66472435
v 0.55534839 -0.66802841 0.60976374
v 0.62493717 -0.68916899 0.4686684
v 0.66309374 -0.61270737 0.45107418
v 0.64473319 -0.57104516 0.52705752
v 0.6350885 -0.62936198 0.49982217
v 0.65062284 -0.71615779 0.38067764
v 0.6187365 -0.74378335 0.43369177
v 0.67911523 -0.64946889 0.37382936
v 0.70452082 -0.58551895 0.37116226
v 0.69171333 -0.54562246 0.44085484
v 0.6854577 -0.59892892 0.40844112
v 0.67275673 -0.73094707 0.29824325
v 0.6926487 -0.6771956 0.30022311
v 0.67441415 -0.69456893 0.3371106
v 0.67732328 -0.77982282 0.21141609
v 0.69126468 -0.7384566 0.21501237
v 0.67412167 -0.75855225 0.25617668
v 0.70551157 -0.69709813 0.2226744
v 0.72329461 -0.64441216 0.23308277
v 0.71597933 -0.61550933 0.30050146
v 0.70920389 -0.66004598 0.26419931
v 0.71637898 -0.71555447 0.15227614
v 0.70594722 -0.72399675 0.17653475
v 0.72558939 -0.67584264 0.18114164
v 0.73745656 -0.63148605 0.20943656
v 0.73840004 -0.59385949 0.25066292
v 0.73134732 -0.63615948 0.21662682
v 0.72792083 -0.73640584 0.12006916
v 0.72944474 -0.70679634 0.14875038
v 0.72333723 -0.71047198 0.14702855
v 0.74256044 -0.75809395 0.09872999
v 0.73903966 -0.7513346 0.10074185
v 0.74040746 -0.74993306 0.12246023
v 0.74795144 -0.72725939 0.15474642
v 0.73888415 -0.6677469 0.1802852
v 0.73687917 -0.71200776 0.15162923
v 0.76221239 -0.77681493 0.11004403
v 0.7488262 -0.76618951 0.10024207
v 0.76723945 -0.77047616 0.14017786
v 0.76060521 -0.69055366 0.18770061
v 0.76132273 -0.74125087 0.16132435
v 0.78901088 -0.77649819 0.116291
v 0.77698808 -0.78226524 0.12410957
v 0.75337034 -0.62735819 0.21037171
v 0.75256007 -0.58644461 0.23432953
v 0.74469536 -0.62751185 0.20701375
v 0.78002709 -0.6542716 0.22112858
v 0.77217495 -0.58860254 0.23943448
v 0.76480609 -0.63355839 0.21532356
v 0.79514998 -0.54772818 0.2707251
v 0.79361593 -0.4990431 0.28807044
v 0.7685523 -0.54378968 0.26025044
v 0.78142547 -0.54648059 0.26306366
v 0.80686557 -0.62823277 0.25378039
v 0.83279466 -0.59687817 0.28312146
v 0.82934826 -0.51073122 0.30416569
v 0.81672781 -0.56918835 0.28028535
v 0.81276905 -0.6857801 0.23506321
v 0.79854869 -0.67734563 0.22898283
v 0.83493316 -0.65135002 0.26172781
v 0.86173963 -0.61232322 0.2906661
v 0.8627724 -0.55864834 0.31332671
v 0.84678351 -0.60862934 0.2870956
v 0.83999985 -0.68996191 0.23907272
v 0.82651448 -0.69012904 0.23838102
v 0.86143493 -0.65174543 0.26142987
v 0.89164686 -0.6079781 0.2898736
v 0.89764416 -0.56739485 0.32287532
v 0.87734305 -0.6119945 0.29166954
v 0.85197687 -0.68507927 0.23759499
v 0.934493 -0.5230003 0.3433718
v 0.93490713 -0.46828937 0.35777956
v 0.89882218 -0.51213204 0.34202402
v 0.91717982 -0.51980918 0.34528601
v 0.92675256 -0.56582933 0.31363445
v 0.96101486 -0.5169574 0.32391658
v 0.97129148 -0.46923434 0.34993055
v 0.94927412 -0.52328193 0.33551466
v 0.90548002 -0.59668707 0.27673158
v 0.90147048 -0.60236424 0.28494238
v 0.9376229 -0.55001533 0.29315567
v 0.96769315 -0.49040001 0.2995733
v 0.99546021 -0.45314928 0.32203394
v 0.96798658 -0.50446724 0.31163555
v 0.87490963 -0.62644338 0.23643235
v 0.8942492 -0.58432972 0.25271135
v 0.90328091 -0.59125936 0.26577326
v 0.8392412 -0.71205902 0.17378652
v 0.84275019 -0.65922319 0.19372817
v 0.85481518 -0.66417646 0.2053539
v 0.8439067 -0.61180549 0.21110799
v 0.85801714 -0.56579816 0.22687166
v 0.92061418 -0.5269978 0.26846033
v 0.87800753 -0.57427287 0.23927745
v 0.81000334 -0.69180429 0.15426798
v 0.82136613 -0.64547324 0.18430048
v 0.93069458 -0.47151023 0.27363944
v 0.98790103 -0.43345215 0.2963832
v 0.95704555 -0.48040479 0.28760227
v 0.89400607 -0.50839006 0.25260454
v 0.91587495 -0.45742201 0.2597121
v 0.94700777 -0.42168897 0.27811101
v 0.92241781 -0.46388796 0.2700771
v 0.85682058 -0.53514617 0.21048514
v 0.85879606 -0.55720365 0.22543257
v 0.87473273 -0.48129668 0.2236149
v 0.88840395 -0.43925809 0.23079544
v 0.92632675 -0.40508958 0.24544963
v 0.89977747 -0.44617199 0.23895359
v 0.84905046 -0.49742654 0.19805872
v 0.85211646 -0.51423054 0.19867989
v 0.85708487 -0.45760625 0.21801011
v 0.9045723 -0.38814508 0.22885105
v 0.87682431 -0.43089598 0.22664514
v 0.82659477 -0.50954407 0.17376779
v 0.83320927 -0.45360812 0.21257513
v 0.84384095 -0.48003134 0.20193268
v 0.79388713 -0.51280677 0.15338659
v 0.80263459 -0.5299282 0.14611411
v 0.80653482 -0.46491691 0.19539396
v 0.81222081 -0.42417159 0.22061112
v 0.82296252 -0.43588268 0.21910581
v 0.76847034 -0.50599187 0.13807319
v 0.775792 -0.47795206 0.17230139
v 0.78594219 -0.49324375 0.16366091
v 0.75533384 -0.50431078 0.09781775
v 0.75241303 -0.49431064 0.1343086
v 0.76274442 -0.50558519 0.12434674
v 0.74582833 -0.48086568 0.1538487
v 0.78144168 -0.44604805 0.20001593
v 0.76442247 -0.46649557 0.17885741
v 0.73410165 -0.47764104 0.12051608
v 0.74172329 -0.4820314 0.14495456
v 0.76641142 -0.51491409 0.08508688
v 0.74480444 -0.48813194 0.1002001
v 0.75518047 -0.50184214 0.09102712
v 0.72465133 -0.45810774 0.12566936
v 0.7345246 -0.47374564 0.11201763
v 0.79775291 -0.41982379 0.21771991
v 0.93681192 -0.35401389 0.23343198
v 0.95997577 -0.32128447 0.23934322
v 0.96409916 -0.37075886 0.26737573
v 0.94811487 -0.36153116 0.24414822
v 0.92550385 -0.34622857 0.22684991
v 0.98650622 -0.32578742 0.27090314
v 0.9879505 -0.37945061 0.28372094
v 0.96908426 -0.3769471 0.27700448
v 0.98783105 -0.26969248 0.25668063
v 1.0004034 -0.23834291 0.24970319
v 1.02267468 -0.27573916 0.26803946
v 0.99541205 -0.27616909 0.26222768
v 0.96875894 -0.2395946 0.22882841
v 0.96578204 -0.2782728 0.23389229
v 0.9820562 -0.20705622 0.22975373
v 1.00303995 -0.17451015 0.21218003
v 1.02828252 -0.19538866 0.23376475
v 1.00471258 -0.20345599 0.23141521
v 0.94490319 -0.22466099 0.20934301
v 0.96133095 -0.19083131 0.20671354
v 0.96665543 -0.21146361 0.21971049
v 0.93036496 -0.18744519 0.18136826
v 0.97221612 -0.1645766 0.19270363
v 0.95282363 -0.1745169 0.18911054
v 0.91625917 -0.22171357 0.1977207
v 0.87918186 -0.21560186 0.16038343
v 0.89920568 -0.18802052 0.15404456
v 0.90418666 -0.20060907 0.17053322
v 0.88755172 -0.25113719 0.20698341
v 0.9208672 -0.23559439 0.20589192
v 0.86148279 -0.25722575 0.19390508
v 0.84677976 -0.25645947 0.14640975
v 0.85905826 -0.22727748 0.13971668
v 0.85958933 -0.23504789 0.15242722
v 0.84388011 -0.28820645 0.21205404
v 0.8598079 -0.2710064 0.21145796
v 0.82815253 -0.30244112 0.17185059
v 0.81410163 -0.3148995 0.13497492
v 0.83420515 -0.28068119 0.12956696
v 0.8305968 -0.28854632 0.13691145
v 0.83123123 -0.32299339 0.20465463
v 0.81678289 -0.32637369 0.18091514
v 0.83082491 -0.3093793 0.19917739
v 0.79641127 -0.33715349 0.1465996
v 0.78760886 -0.34743976 0.13571777
v 0.80015808 -0.33204671 0.13541445
v 0.80016005 -0.34491184 0.18563795
v 0.77434629 -0.35320785 0.15935933
v 0.80084198 -0.33866551 0.16909422
v 0.75069379 -0.36515843 0.17052075
v 0.76715654 -0.36198461 0.1449041
v 0.75611734 -0.36213418 0.15941359
v 0.77625989 -0.36088547 0.19432708
v 0.75825786 -0.36904433 0.19316908
v 0.81453847 -0.34743621 0.19656506
v 0.79293799 -0.3531346 0.19307169
v 0.74685347 -0.40298423 0.12466912
v 0.77036649 -0.37331837 0.13182686
v 0.85556507 -0.25259038 0.12288279
v 0.89226532 -0.22751803 0.10517318
v 0.88560211 -0.20396088 0.13512486
v 0.86808562 -0.2271437 0.1290321
v 0.87161243 -0.28949531 0.09515386
v 0.84448641 -0.2796919 0.12094972
v 0.89097785 -0.25782966 0.08833611
v 0.90103042 -0.2228771 0.08610338
v 0.90796595 -0.20007969 0.10270737
v 0.89947283 -0.22720462 0.09486834
v 0.88149207 -0.29113227 0.08290811
v 0.91323959 -0.18118569 0.12379355
v 0.91803151 -0.17558822 0.11206848
v 0.90411514 -0.1834993 0.14201915
v 1.01215577 -0.14039206 0.19563531
v 0.99464124 -0.1528708 0.19349147
v 1.03254616 -0.15464608 0.22119571
v 1.04262328 -0.18293227 0.25348448
v 1.03942823 -0.23173232 0.26159986
v 1.0392456 -0.18899506 0.24157558
v 1.00526762 -0.11050342 0.18092784
v 1.02148437 -0.11865158 0.2095907
v 1.02076637 -0.12852877 0.20098501
v 1.00007653 -0.09253407 0.19800147
v 1.0029788 -0.11096696 0.23082076
v 1.02840733 -0.14156872 0.24320899
v 1.01531171 -0.11247986 0.22016871
v 0.9879145 -0.08889205 0.16754271
v 0.964836 -0.07909444 0.15781013
v 0.98316496 -0.08165787 0.17701765
v 0.96861136 -0.09989853 0.14383177
v 0.98729956 -0.10100671 0.161632
v 0.94953286 -0.09228334 0.13156193
v 0.94563281 -0.08346837 0.14109414
v 0.95030409 -0.10653455 0.12766198
v 0.9966259 -0.1431816 0.26197898
v 0.98271739 -0.18668767 0.29002925
v 1.0119698 -0.23167847 0.30966204
v 1.02657222 -0.17963558 0.27797332
v 1.00687074 -0.18292252 0.28635782
v 0.96534836 -0.11934094 0.24527877
v 0.9855048 -0.11371696 0.23972217
v 1.04137599 -0.22713948 0.28836351
v 1.03813064 -0.17930728 0.26657897
v 0.9516381 -0.151656 0.26575171
v 0.93614566 -0.18800303 0.28115376
v 0.96925169 -0.23528975 0.31187966
v 0.96048879 -0.18794871 0.28783705
v 0.92374807 -0.13473379 0.24471369
v 0.94472575 -0.12643578 0.2467225
v 0.90529 -0.16470941 0.25734016
v 0.88285982 -0.19953277 0.2684071
v 0.91412621 -0.23097795 0.29296827
v 0.90881109 -0.19148032 0.27352362
v 0.89879393 -0.12762029 0.2218346
v 0.88079887 -0.15344834 0.23612955
v 0.90199238 -0.14419272 0.24063701
v 0.86451721 -0.14257261 0.21544437
v 0.85384237 -0.16234442 0.23594397
v 0.86299854 -0.18160074 0.2506141
v 0.86379927 -0.16001138 0.23352678
v 0.87880069 -0.1230936 0.19723323
v 0.86812549 -0.118597 0.17560967
v 0.85909444 -0.12862443 0.19889318
v 0.86587339 -0.12874557 0.19618763
v 0.89635253 -0.10392911 0.17858283
v 0.89656025 -0.1140799 0.20079034
v 0.88293951 -0.10694292 0.15369711
v 0.86444711 -0.11311873 0.1557336
v 0.87117749 -0.11286731 0.15401282
v 0.89864343 -0.09814921 0.1564393
v 0.85935461 -0.11032121 0.18416068
v 0.85423415 -0.10589412 0.22338201
v 0.85242694 -0.13806419 0.22763174
v 0.85618698 -0.12127912 0.20713372
v 0.86024677 -0.08902756 0.17142367
v 0.86150366 -0.10584099 0.16007827
v 0.85628229 -0.06806805 0.22232261
v 0.84935975 -0.05362824 0.28219372
v 0.84655588 -0.10526479 0.27074351
v 0.85199272 -0.08314746 0.2486722
v 0.8603515 -0.05962574 0.16588351
v 0.85742461 -0.0192937 0.22893294
v 0.85910654 -0.0604653 0.1940615
v 0.85786944 0.04744402 0.24290174
v 0.85116702 0.08361952 0.31824803
v 0.85122185 0.00878439 0.29866993
v 0.8550421 0.0306718 0.27183756
v 0.86049592 -0.00626411 0.17142663
v 0.86137521 0.07351318 0.18155916
v 0.8575468 0.12970641 0.25760686
v 0.85991704 0.0610158 0.21284657
v 0.85866147 -0.06870876 0.1105929
v 0.86010754 -0.06361036 0.13842049
v 0.86035817 0.00698669 0.11169055
v 0.86249715 0.09873747 0.11104104
v 0.86198395 0.16392618 0.18712025
v 0.86229157 0.0861836 0.14803256
v 0.8543117 -0.06338559 0.04394273
v 0.85688698 -0.06776853 0.08089274
v 0.85707122 0.02672321 0.03558337
v 0.85951519 0.1200518 0.02603431
v 0.86342722 0.18954448 0.10439813
v 0.86168384 0.11014547 0.07016749
v 0.84082478 -0.14412567 -0.0398617
v 0.84485524 -0.05625351 -0.04662714
v 0.8501895 -0.05970725 -0.0004265
v 0.82646012 -0.13808323 -0.12919165
v 0.8314507 -0.03958326 -0.13653543
v 0.84908437 0.04522147 -0.05326901
v 0.83878982 -0.04944923 -0.09151496
v 0.83008796 -0.18184556 -0.1050919
v 0.82467907 -0.2044852 -0.16442501
v 0.81370866 -0.16112238 -0.19137281
v 0.82271039 -0.17268371 -0.14683857
v 0.83739811 -0.2217531 -0.08115869
v 0.83634811 -0.18756265 -0.06255579
v 0.83733308 -0.28204599 -0.15719808
v 0.82914376 -0.30536374 -0.22442215
v 0.8207162 -0.25754725 -0.24966774
v 0.831142 -0.27164179 -0.20055653
v 0.84213143 -0.29754173 -0.0736158
v 0.83844518 -0.3266474 -0.13252711
v 0.84059202 -0.2908515 -0.1162715
v 0.839657 -0.34491294 -0.04434529
v 0.84407728 -0.28208226 -0.01571789
v 0.83208054 -0.38169473 -0.10494329
v 0.82751017 -0.3576588 -0.20271746
v 0.83079206 -0.36986401 -0.1536401
v 0.83087796 -0.41749405 -0.02710165
v 0.81772434 -0.46480667 -0.07545303
v 0.83153551 -0.39889162 -0.0596897
v 0.83205509 -0.45360496 0.02996618
v 0.81577795 -0.5254777 -0.00231249
v 0.83159315 -0.4370594 0.00342389
v 0.78304958 -0.628349 -0.06994137
v 0.78637373 -0.59503608 -0.11257971
v 0.75608569 -0.73716694 -0.02705281
v 0.78333222 -0.64240646 -0.01662837
v 0.80611664 -0.33250582 -0.32512956
v 0.82019573 -0.34428012 -0.25781825
v 0.80227881 -0.27937802 -0.33570596
v 0.78601139 -0.21212375 -0.36601483
v 0.80241501 -0.17090666 -0.25701457
v 0.8055799 -0.2386949 -0.30481049
v 0.78982722 -0.32338398 -0.38139513
v 0.7892847 -0.12928912 -0.29548057
v 0.80793106 -0.11104627 -0.22111535
v 0.80261063 -0.14695292 -0.24074783
v 0.77046012 -0.14235201 -0.3838011
v 0.7536515 -0.08343079 -0.41172304
v 0.77732956 -0.07091627 -0.34090209
v 0.77290964 -0.10710822 -0.35589638
v 0.75091666 -0.16742211 -0.47167903
v 0.76690781 -0.18648372 -0.4238421
v 0.73707783 -0.11052303 -0.48776581
v 0.71001547 -0.03418752 -0.50559693
v 0.73715174 -0.02280242 -0.44645065
v 0.73338723 -0.05912304 -0.45921486
v 0.72827386 -0.16847398 -0.53227287
v 0.71887522 -0.12518167 -0.55767035
v 0.73643779 -0.14743687 -0.51294493
v 0.69444739 -0.11852354 -0.61614751
v 0.67676001 -0.07992049 -0.65528655
v 0.69620704 -0.0676652 -0.58556693
v 0.6983968 -0.102155 -0.60632711
v 0.70275521 -0.15805465 -0.58639586
v 0.66475546 -0.17606338 -0.63695979
v 0.66994667 -0.11118704 -0.66431206
v 0.68740642 -0.13311405 -0.62481933
v 0.68317616 -0.22851197 -0.57685047
v 0.71430683 -0.18832016 -0.55088585
v 0.6558792 -0.22606481 -0.62010902
v 0.63205415 -0.22233367 -0.65170627
v 0.63459342 -0.18980506 -0.67746686
v 0.64634299 -0.20816887 -0.64742034
v 0.66717368 -0.2612155 -0.57039403
v 0.66335904 -0.24336354 -0.59415477
v 0.60669511 -0.19469764 -0.71423351
v 0.60188376 -0.14961893 -0.75630915
v 0.63340401 -0.12707491 -0.71739554
v 0.61980432 -0.17023292 -0.71537888
v 0.60620081 -0.21817725 -0.68116271
v 0.57583922 -0.21285903 -0.70735824
v 0.57590395 -0.19423185 -0.7450394
v 0.59229904 -0.20746523 -0.71134942
v 0.61790335 -0.22903953 -0.65295428
v 0.53967237 -0.18781836 -0.76968079
v 0.56704461 -0.16384145 -0.78395086
v 0.55109798 -0.17920625 -0.77706319
v 0.55793607 -0.21086072 -0.73656874
v 0.52694344 -0.2120001 -0.76831692
v 0.53511077 -0.20107489 -0.76923072
v 0.56703192 -0.22727511 -0.70599728
v 0.57286459 -0.21732357 -0.70659291
v 0.54341775 -0.2268847 -0.73223984
v 0.50397324 -0.2067058 -0.7517848
v 0.4861505 -0.19976814 -0.78574836
v 0.51754343 -0.21476416 -0.76153391
v 0.56803494 -0.23614789 -0.67791223
v 0.54630744 -0.23201185 -0.69926512
v 0.559659 -0.23315531 -0.70359706
v 0.56872463 -0.24463605 -0.63447821
v 0.55817699 -0.24014261 -0.64866584
v 0.57094514 -0.23951847 -0.65446722
v 0.53863871 -0.22910782 -0.66282683
v 0.51323032 -0.20273959 -0.68289232
v 0.51196092 -0.20688082 -0.71815651
v 0.52828049 -0.22097073 -0.6925221
v 0.53897476 -0.23879639 -0.60974884
v 0.52537578 -0.22271136 -0.61563837
v 0.54042172 -0.23315304 -0.63375037
v 0.55112534 -0.24957789 -0.60391223
v 0.54301607 -0.24847105 -0.58670151
v 0.52963209 -0.23716718 -0.58168005
v 0.53947901 -0.24465858 -0.59147644
v 0.51608145 -0.22409761 -0.57906919
v 0.50056529 -0.19875 -0.58206462
v 0.5050168 -0.19372265 -0.6248641
v 0.51280278 -0.21224547 -0.59774327
v 0.52347064 -0.23570638 -0.57598924
v 0.51251542 -0.22188934 -0.56901228
v 0.52096581 -0.22965541 -0.57459759
v 0.52940028 -0.24897186 -0.58401519
v 0.51469993 -0.25626599 -0.58147966
v 0.51012873 -0.24965368 -0.5703541
v 0.51882553 -0.24881702 -0.57882821
v 0.50292593 -0.23166286 -0.55908513
v 0.48789411 -0.20622204 -0.54376059
v 0.49778744 -0.20404033 -0.55916118
v 0.50277447 -0.21324558 -0.56136035
v 0.49921831 -0.2665264 -0.55763781
v 0.4856089 -0.25771307 -0.52933108
v 0.50083452 -0.25250706 -0.55619943
v 0.50124162 -0.26907768 -0.57807552
v 0.48675555 -0.29453891 -0.57179194
v 0.48700243 -0.2914454 -0.54228019
v 0.49473625 -0.27968472 -0.5609278
v 0.47257152 -0.28280678 -0.50925672
v 0.450502 -0.26302534 -0.48209738
v 0.46372473 -0.23545463 -0.50107651
v 0.46827748 -0.26093995 -0.50252163
v 0.47497797 -0.32118934 -0.53544735
v 0.46259266 -0.30888298 -0.5043742
v 0.47538816 -0.30305868 -0.52056998
v 0.47459679 -0.32148829 -0.56918942
v 0.46244335 -0.3445267 -0.54171758
v 0.47071474 -0.33515405 -0.55227869
v 0.44682151 -0.33295396 -0.51255357
v 0.41608178 -0.31109833 -0.48561009
v 0.43726161 -0.28725579 -0.47780862
v 0.44321692 -0.31078809 -0.49256348
v 0.42121768 -0.35541868 -0.53122407
v 0.44593107 -0.3521544 -0.53509736
v 0.38922321 -0.33452269 -0.5088216
v 0.35820168 -0.30747336 -0.49488937
v 0.38242161 -0.28343141 -0.46813845
v 0.3861379 -0.31035196 -0.48661893
v 0.36653149 -0.34913581 -0.53886461
v 0.39224278 -0.35380864 -0.53190183
v 0.33889955 -0.32452517 -0.5293923
v 0.31018221 -0.29259103 -0.52643907
v 0.33096909 -0.27520307 -0.48672336
v 0.33409142 -0.30226188 -0.50790512
v 0.3226298 -0.32913553 -0.56803125
v 0.34493282 -0.34108287 -0.54976904
v 0.29328641 -0.29907345 -0.56826686
v 0.26655489 -0.2646929 -0.57120513
v 0.28370127 -0.25669378 -0.52878236
v 0.28638693 -0.27957058 -0.54967743
v 0.30881738 -0.32412362 -0.60995322
v 0.28239181 -0.30103439 -0.61782509
v 0.30154728 -0.31517136 -0.5911504
v 0.33525782 -0.33525869 -0.63400018
v 0.30131882 -0.31491428 -0.64308619
v 0.32054537 -0.33091482 -0.62314975
v 0.26657033 -0.29054242 -0.65264833
v 0.25904792 -0.26777219 -0.60480737
v 0.26189631 -0.28592726 -0.64792037
v 0.30021208 -0.30551424 -0.66723644
v 0.28202211 -0.29900187 -0.66094946
v 0.33924365 -0.32357847 -0.6593368
v 0.36408299 -0.31100589 -0.68946194
v 0.31660854 -0.29376739 -0.70025467
v 0.32759577 -0.30898234 -0.67882633
v 0.37875053 -0.33599323 -0.64859652
v 0.35269111 -0.33721748 -0.64137953
v 0.39327377 -0.32148197 -0.67205631
v 0.4118129 -0.31017231 -0.6847611
v 0.38074779 -0.30319348 -0.7108882
v 0.38705155 -0.31154424 -0.6919769
v 0.42496889 -0.32841438 -0.64550656
v 0.40028673 -0.33268317 -0.65167701
v 0.43064305 -0.31553414 -0.66007971
v 0.45090726 -0.29717689 -0.66029787
v 0.42955404 -0.30072444 -0.69397091
v 0.42941787 -0.3070487 -0.67724734
v 0.45770752 -0.31631994 -0.61568051
v 0.43496483 -0.32562753 -0.6401475
v 0.47185921 -0.29408654 -0.61922413
v 0.49097889 -0.27415633 -0.61453616
v 0.47710508 -0.27934274 -0.65256834
v 0.47332692 -0.2850506 -0.63740205
v 0.47340822 -0.30724716 -0.59391641
v 0.5035758 -0.26481899 -0.64443385
v 0.49623897 -0.27077934 -0.68858146
v 0.45431959 -0.28853592 -0.69632971
v 0.4837318 -0.27490401 -0.66959101
v 0.51071482 -0.26114165 -0.60636693
v 0.533517 -0.25368151 -0.59678882
v 0.53410095 -0.25427675 -0.63580334
v 0.51862186 -0.25828754 -0.62018823
v 0.50571584 -0.26403862 -0.59240156
v 0.55638724 -0.2535305 -0.62047851
v 0.53854572 -0.25704565 -0.678182
v 0.55067181 -0.25235569 -0.65080702
v 0.55112969 -0.25523293 -0.59488689
v 0.56194549 -0.25579029 -0.60027897
v 0.55970931 -0.25743213 -0.60157442
v 0.54252433 -0.25198197 -0.58842146
v 0.52943778 -0.26955735 -0.72049093
v 0.47520822 -0.28327786 -0.73285526
v 0.51428306 -0.2680287 -0.70624971
v 0.49902969 -0.29232531 -0.76262545
v 0.45466458 -0.31348258 -0.79265165
v 0.39999163 -0.30211851 -0.79315495
v 0.4417026 -0.29466137 -0.76869553
v 0.45011672 -0.3022685 -0.78331762
v 0.54009586 -0.29089754 -0.74486279
v 0.53833669 -0.27704876 -0.73311513
v 0.39432489 -0.29218563 -0.76328438
v 0.43256768 -0.29330948 -0.73002624
v 0.43551927 -0.29229891 -0.75084888
v 0.35404551 -0.28849101 -0.78089207
v 0.32178217 -0.2774623 -0.76237863
v 0.36492523 -0.29020172 -0.74883568
v 0.35642033 -0.28666967 -0.76782596
v 0.40312695 -0.29785966 -0.72275424
v 0.43064203 -0.29620948 -0.71132981
v 0.34670797 -0.2905327 -0.72907364
v 0.37341445 -0.29623383 -0.72924858
v 0.32061719 -0.28644353 -0.78634637
v 0.29543426 -0.28966873 -0.78150689
v 0.26072144 -0.28134244 -0.75861018
v 0.28746056 -0.27220854 -0.76116961
v 0.29152363 -0.27937856 -0.77342581
v 0.3579047 -0.30581042 -0.80086684
v 0.35581228 -0.29565337 -0.79408705
v 0.28537356 -0.26988399 -0.73241955
v 0.28469413 -0.2684766 -0.7477988
v 0.32871091 -0.30996966 -0.79524159
v 0.29844474 -0.30410903 -0.78561592
v 0.40639129 -0.32371941 -0.802594
v 0.36253202 -0.31732264 -0.80190765
v 0.30133539 -0.28009894 -0.717754
v 0.50253886 -0.32185807 -0.77619147
v 0.45675447 -0.32600802 -0.79438304
v 0.53703916 -0.34177273 -0.75075238
v 0.53860312 -0.31177061 -0.7517513
v 0.23895911 -0.23223257 -0.61000335
v 0.24758499 -0.23112613 -0.57707488
v 0.25185799 -0.24886906 -0.58726286
v 0.23416903 -0.18922492 -0.58380425
v 0.26590561 -0.22403889 -0.53521084
v 0.2482014 -0.20828306 -0.56059187
v 0.22525176 -0.19726243 -0.62479198
v 0.22240036 -0.16507285 -0.62355542
v 0.23066124 -0.1478555 -0.58810663
v 0.22499889 -0.17106789 -0.60571026
v 0.22373968 -0.21848169 -0.65540647
v 0.22633472 -0.22081695 -0.65125143
v 0.22623911 -0.18188503 -0.64465296
v 0.23599627 -0.13156285 -0.62404674
v 0.22828111 -0.15653412 -0.63543117
v 0.25324288 -0.20613938 -0.67632365
v 0.22959491 -0.21488431 -0.65874648
v 0.24210542 -0.11916706 -0.58722031
v 0.26098483 -0.1105628 -0.55415856
v 0.24288253 -0.12746961 -0.57044774
v 0.26521015 -0.0992971 -0.59104454
v 0.2463649 -0.11474089 -0.60968238
v 0.31168907 -0.08217263 -0.61292904
v 0.32160776 -0.07690703 -0.57103395
v 0.28460538 -0.09080274 -0.55534553
v 0.2936964 -0.08526063 -0.57919114
v 0.31000265 -0.09103309 -0.52644801
v 0.28383767 -0.09851661 -0.5394212
v 0.34697991 -0.07937342 -0.63703805
v 0.37976265 -0.08773021 -0.66054332
v 0.39032447 -0.08589253 -0.61615979
v 0.35443982 -0.07502002 -0.59448063
v 0.36589878 -0.07989284 -0.62823033
v 0.34073701 -0.08845852 -0.67213481
v 0.32588806 -0.08404661 -0.64255189
v 0.33955323 -0.0788379 -0.53534507
v 0.34616476 -0.07430596 -0.56246209
v 0.37202581 -0.09392595 -0.6963604
v 0.41295898 -0.11335722 -0.71716785
v 0.42583707 -0.11059903 -0.68228036
v 0.39647817 -0.09942363 -0.69193881
v 0.35801622 -0.10649247 -0.72258955
v 0.35178187 -0.09589644 -0.6997708
v 0.39237779 -0.12044218 -0.74152666
v 0.43621861 -0.14476677 -0.75524061
v 0.45677855 -0.13901029 -0.72670245
v 0.42675939 -0.12853287 -0.7369064
v 0.33863711 -0.12837131 -0.73704338
v 0.36375719 -0.13787785 -0.76057452
v 0.36103898 -0.12050156 -0.74198126
v 0.33486801 -0.16469502 -0.76747846
v 0.36428999 -0.1647858 -0.79083466
v 0.40390235 -0.15394352 -0.77833133
v 0.36428266 -0.15418064 -0.77698671
v 0.31588929 -0.1664114 -0.74023371
v 0.29456663 -0.19879806 -0.73417663
v 0.30901467 -0.18932734 -0.7641592
v 0.31283867 -0.18108391 -0.75253254
v 0.29788428 -0.17100121 -0.71176761
v 0.3198651 -0.14412334 -0.72740721
v 0.27698978 -0.2064284 -0.70339429
v 0.27392941 -0.22339284 -0.73176628
v 0.27732199 -0.215532 -0.71556693
v 0.27532059 -0.1950211 -0.69384056
v 0.28523463 -0.21018073 -0.7566967
v 0.30088537 -0.18979795 -0.7823295
v 0.33037275 -0.1772522 -0.7908563
v 0.30417218 -0.19265322 -0.77369558
v 0.26446369 -0.2250435 -0.74979645
v 0.26862078 -0.22676493 -0.74233627
v 0.27281409 -0.19860748 -0.77300924
v 0.29345333 -0.17420762 -0.79251009
v 0.29647511 -0.17997343 -0.789819
v 0.22454997 -0.23356035 -0.74870681
v 0.24693515 -0.21046853 -0.76591312
v 0.24932357 -0.21621187 -0.75981378
v 0.26660856 -0.19215698 -0.78904283
v 0.28919738 -0.17608395 -0.79954135
v 0.21836786 -0.21481046 -0.80801242
v 0.238425 -0.21220362 -0.78111004
v 0.40964475 -0.17453736 -0.80656176
v 0.36609405 -0.1694979 -0.80290311
v 0.44401955 -0.17646293 -0.78716766
v 0.45042231 -0.18654032 -0.80119562
v 0.4665403 -0.16815039 -0.75769615
v 0.43972539 -0.15995757 -0.7712866
v 0.47767311 -0.15690033 -0.7270832
v 0.4896588 -0.18409276 -0.74071323
v 0.48127722 -0.15069985 -0.69342374
v 0.46502789 -0.13583856 -0.69295769
v 0.47331035 -0.14631415 -0.71225881
v 0.47926875 -0.14698043 -0.65263623
v 0.48802721 -0.15908823 -0.67116147
v 0.4643791 -0.13205264 -0.64399284
v 0.43417567 -0.10931121 -0.63126343
v 0.45099833 -0.12290022 -0.66392457
v 0.4784972 -0.16040538 -0.58285403
v 0.46028924 -0.13129119 -0.58887672
v 0.47032582 -0.13905042 -0.62240338
v 0.47555065 -0.16669398 -0.5495252
v 0.48803797 -0.18254774 -0.56645667
v 0.45732966 -0.13530513 -0.54459321
v 0.43766644 -0.10959119 -0.57975345
v 0.44911611 -0.1212456 -0.55898785
v 0.46655654 -0.17240367 -0.52622926
v 0.44789934 -0.14253541 -0.51542353
v 0.46325838 -0.15449115 -0.53212821
v 0.4434933 -0.20244966 -0.48734262
v 0.46135863 -0.20486983 -0.50718379
v 0.42341351 -0.1651695 -0.4803704
v 0.40669059 -0.13263633 -0.48113679
v 0.42748361 -0.13543817 -0.49588835
v 0.42595809 -0.23348102 -0.46613556
v 0.40141937 -0.19667083 -0.45929259
v 0.42280259 -0.2002685 -0.46986165
v 0.40588063 -0.25987497 -0.45953005
v 0.43118101 -0.2617653 -0.46891188
v 0.37532076 -0.22834526 -0.45120513
v 0.35220146 -0.19998921 -0.4531508
v 0.38330072 -0.16207969 -0.46221244
v 0.37771326 -0.19603517 -0.45352917
v 0.35118442 -0.24915438 -0.45753076
v 0.37753498 -0.25625303 -0.45614683
v 0.33174359 -0.22295995 -0.45697367
v 0.33750361 -0.16760259 -0.46725773
v 0.33271932 -0.20122294 -0.45933067
v 0.30625236 -0.24088282 -0.48777365
v 0.33044955 -0.24533629 -0.4677948
v 0.36480176 -0.13086761 -0.47520464
v 0.38720941 -0.13097319 -0.47512725
v 0.33897325 -0.10195754 -0.50078195
v 0.34036919 -0.13288265 -0.48135557
v 0.41817033 -0.09759497 -0.60066461
v 0.33734282 -0.08752928 -0.51616925
v 0.28527411 -0.23410949 -0.51013547
v 0.56295949 -0.25123509 -0.6134727
v 0.54752934 -0.1290204 -0.80922138
v 0.58854371 -0.11158113 -0.78395259
v 0.58005219 -0.13892348 -0.78510659
v 0.57014769 -0.08157883 -0.80785042
v 0.61072045 -0.06219053 -0.77445209
v 0.62747502 -0.08934085 -0.74613463
v 0.60200488 -0.08651151 -0.77822673
v 0.5249539 -0.1012927 -0.8270511
v 0.49980098 -0.07307127 -0.85575932
v 0.54709148 -0.05763953 -0.83034002
v 0.53633713 -0.07612396 -0.83380198
v 0.48132571 -0.10920273 -0.84092962
v 0.51234358 -0.11454889 -0.82839667
v 0.44017058 -0.08413758 -0.87465757
v 0.40293404 -0.06487552 -0.89810377
v 0.46685382 -0.05430721 -0.87372481
v 0.45545899 -0.0701493 -0.87559586
v 0.37976706 -0.09611621 -0.89066761
v 0.42716842 -0.10115871 -0.86630183
v 0.34535357 -0.07797342 -0.92138958
v 0.28758171 -0.05411522 -0.95786964
v 0.35073566 -0.03295793 -0.92843842
v 0.34785673 -0.05769232 -0.92637389
v 0.34140852 -0.10672199 -0.90267193
v 0.29936099 -0.09252774 -0.93982768
v 0.34270834 -0.09338924 -0.91394197
v 0.2556653 -0.11439521 -0.94236064
v 0.1856594 -0.10828 -0.97060388
v 0.23110653 -0.08098707 -0.97697287
v 0.24604633 -0.09785082 -0.96167695
v 0.30209463 -0.1216851 -0.9108625
v 0.1955116 -0.14794047 -0.9167447
v 0.24789783 -0.13679739 -0.91930294
v 0.34031105 -0.11955397 -0.88648748
v 0.14458313 -0.13566505 -0.93322467
v 0.13500645 -0.0929815 -0.98420608
v 0.13675105 -0.11701615 -0.95967716
v 0.16438745 -0.17011077 -0.89067941
v 0.13466668 -0.16178405 -0.90435135
v 0.15350371 -0.15256941 -0.90989393
v 0.14383366 -0.20362237 -0.85885047
v 0.14057596 -0.22282998 -0.83217108
v 0.12688219 -0.22376515 -0.8573324
v 0.1270928 -0.19939045 -0.87623685
v 0.13346967 -0.21312235 -0.85243457
v 0.19530828 -0.19886985 -0.85124272
v 0.1799765 -0.18564596 -0.87216788
v 0.10534677 -0.205696 -0.90342479
v 0.12007223 -0.1822167 -0.90072745
v 0.16184516 -0.22712424 -0.81493604
v 0.14751204 -0.24507281 -0.81128108
v 0.14891845 -0.23232369 -0.81070584
v 0.20727677 -0.20908913 -0.82909148
v 0.15681572 -0.3081032 -0.82146471
v 0.13707035 -0.26685553 -0.83886992
v 0.15002438 -0.2805809 -0.81633073
v 0.12818734 -0.28119432 -0.86463451
v 0.11019358 -0.23521828 -0.88624584
v 0.1234427 -0.24962359 -0.86294317
v 0.15460184 -0.3368453 -0.84684938
v 0.14803192 -0.37128701 -0.8814308
v 0.11934063 -0.32192897 -0.90841823
v 0.13749238 -0.32378879 -0.87040269
v 0.09970539 -0.25785547 -0.92024552
v 0.0877404 -0.2169985 -0.92725962
v 0.09842291 -0.22475361 -0.90776479
v 0.09467741 -0.2996988 -0.96684724
v 0.10701695 -0.31828475 -0.93917256
v 0.07854156 -0.24969817 -0.9630354
v 0.05752159 -0.20207753 -0.95702403
v 0.07513726 -0.20941586 -0.94390273
v 0.08397209 -0.34237319 -1.00022506
v 0.06453875 -0.28816318 -1.00013792
v 0.08363562 -0.29432126 -0.98439621
v 0.08779138 -0.46013376 -1.01512002
v 0.06471839 -0.39230328 -1.03545725
v 0.083797 -0.40376821 -1.00977158
v 0.03513837 -0.3359459 -1.03681159
v 0.03464251 -0.23681943 -0.98501861
v 0.03551283 -0.28390479 -1.01293444
v 0.03424281 -0.4344663 -1.07005286
v 0.03472254 -0.38634628 -1.05423903
v 0.06510358 -0.48450791 -1.06667482
v 0.03490334 -0.53681433 -1.1205728
v 0.03293355 -0.48206698 -1.08862876
v 0.10449919 -0.54689818 -1.07575082
v 0.08718955 -0.59661519 -1.13225531
v 0.11445284 -0.58855611 -1.1016947
v 0.08837577 -0.49501073 -1.03845679
v 0.04616723 -0.60504144 -1.15651762
v 0.03289513 -0.19664809 -0.96503484
v 0.18189722 -0.37553763 -0.83887875
v 0.21543461 -0.41840195 -0.83676803
v 0.21493409 -0.49416959 -0.87460219
v 0.19144168 -0.44885253 -0.87371236
v 0.19882093 -0.42725494 -0.85465592
v 0.18198257 -0.33985722 -0.81610536
v 0.16908785 -0.34210434 -0.82974648
v 0.19217833 -0.52286523 -0.90519636
v 0.17198458 -0.45785695 -0.89807099
v 0.22046782 -0.37368962 -0.8118565
v 0.26091745 -0.41181594 -0.80660712
v 0.25838029 -0.4613766 -0.82629311
v 0.2420437 -0.41552528 -0.81728887
v 0.22535671 -0.34189003 -0.79652768
v 0.19965536 -0.33851063 -0.80527955
v 0.26564973 -0.37173038 -0.79497945
v 0.29044777 -0.44328549 -0.80895942
v 0.27913045 -0.40314263 -0.80008506
v 0.25067231 -0.34222945 -0.79067468
v 0.28943109 -0.49059718 -0.82195884
v 0.30799922 -0.48909837 -0.81718885
v 0.27293154 -0.55847322 -0.84967529
v 0.24133954 -0.53381633 -0.86606812
v 0.26737877 -0.50967371 -0.83965092
v 0.28094473 -0.719621 -0.85624522
v 0.24277056 -0.62114077 -0.87170374
v 0.2793377 -0.61453908 -0.85308653
v 0.22538189 -0.58384841 -0.88369548
v 0.20994055 -0.55002111 -0.89552789
v 0.2233624 -0.54492247 -0.88381886
v 0.20963707 -0.67346495 -0.87630713
v 0.2027283 -0.63695836 -0.88317352
v 0.21630485 -0.63089525 -0.87952977
v 0.24916859 -0.73741495 -0.86709326
v 0.2282795 -0.79792767 -0.89202207
v 0.19463247 -0.69586622 -0.8850454
v 0.21155278 -0.70769727 -0.87852013
v 0.20012721 -0.66112154 -0.89104795
v 0.20145179 -0.62059027 -0.91703361
v 0.19740848 -0.59375321 -0.89822703
v 0.20011115 -0.62194013 -0.89175438
v 0.19399341 -0.69313466 -0.92638427
v 0.19150005 -0.701765 -0.897421
v 0.20285663 -0.65077567 -0.94433438
v 0.20059423 -0.61777341 -0.93938183
v 0.19187761 -0.67820966 -0.97687083
v 0.19484493 -0.68483221 -0.95317405
v 0.19675199 -0.55477827 -0.90540373
v 0.28511825 -0.79306703 -0.86049819
v 0.1780779 -0.06232681 -1.00093579
v 0.22968408 -0.02757543 -0.98700809
v 0.22430644 -0.05792807 -0.98583769
v 0.15604999 -0.03115496 -1.00580322
v 0.14377801 -0.06414314 -1.00045752
v 0.19445528 0.00829991 -0.99843668
v 0.23448023 0.04544565 -0.97602295
v 0.29367318 0.00274287 -0.95714747
v 0.23698221 0.00461371 -0.98333293
v 0.11018826 -0.00100159 -1.00038456
v 0.16345441 0.04762538 -0.99763333
v 0.16310884 0.00691163 -1.00381183
v 0.12255802 0.07877188 -0.99074208
v 0.16318316 0.12652713 -0.97707557
v 0.19008898 0.08793865 -0.98302418
v 0.16284927 0.08615776 -0.98898762
v 0.06057829 0.02811285 -0.98996436
v 0.06634097 0.11955827 -0.97772753
v 0.05998498 0.06210205 -0.9863488
v 0.0634996 -0.00270462 -0.99078822
v 0.06508658 0.24175806 -0.95947659
v 0.12604148 0.17171539 -0.96763408
v 0.07070073 0.17112518 -0.96921956
v 0.05551641 0.39012903 -0.93517142
v 0.11282733 0.31083634 -0.94450122
v 0.05896423 0.31693321 -0.94837486
v 0.10731443 0.45686763 -0.9124304
v 0.054187 0.45967829 -0.91798973
v 0.15906912 0.51918613 -0.87968146
v 0.20858997 0.45073977 -0.89079648
v 0.15914787 0.38163411 -0.92189991
v 0.15879711 0.4536001 -0.90332627
v 0.20573471 0.30457294 -0.92635929
v 0.16267921 0.23218581 -0.95126032
v 0.16052353 0.30563849 -0.93748801
v 0.25619733 0.37979149 -0.89366734
v 0.3037163 0.30959045 -0.88924771
v 0.24747167 0.23916126 -0.92520415
v 0.25308489 0.30717352 -0.91020393
v 0.19639101 0.17638936 -0.95575791
v 0.16349236 0.1723842 -0.9638592
v 0.30332747 0.18419373 -0.91397905
v 0.23675334 0.13347081 -0.95288205
v 0.24097912 0.18334105 -0.93915909
v 0.35437157 0.24135148 -0.87718558
v 0.4153136 0.17521411 -0.85965991
v 0.36346471 0.126938 -0.89923137
v 0.35654094 0.17852568 -0.88996768
v 0.3098495 0.0900828 -0.93333447
v 0.23459279 0.0882906 -0.96530616
v 0.41584473 0.07737323 -0.88220489
v 0.36480978 0.03962406 -0.91668522
v 0.36740103 0.08577023 -0.90681296
v 0.47543197 0.12439602 -0.83564233
v 0.52648747 0.06794703 -0.81606876
v 0.47260725 0.01532529 -0.86270564
v 0.47291263 0.0713006 -0.84992104
v 0.41463038 -0.01483503 -0.89731907
v 0.35671651 -0.0025359 -0.92567479
v 0.51958316 -0.03631221 -0.84482622
v 0.47151938 -0.02955305 -0.87063586
v 0.51676225 0.17838168 -0.7943651
v 0.5387851 0.22321932 -0.76410341
v 0.56197297 0.16404433 -0.75446629
v 0.54562038 0.11755167 -0.78511852
v 0.54094022 0.17146869 -0.77453225
v 0.47720813 0.23571446 -0.80942446
v 0.48018452 0.18003493 -0.82067692
v 0.57363152 0.05662703 -0.77707219
v 0.55676251 0.00835369 -0.8092454
v 0.55196601 0.0633722 -0.79666447
v 0.58666157 0.10071711 -0.74118727
v 0.61708307 0.03979704 -0.71767973
v 0.60406839 -0.00449068 -0.76424652
v 0.59393703 0.04759373 -0.75441288
v 0.58380591 -0.03678728 -0.79768514
v 0.5537976 -0.03698153 -0.82226228
v 0.63208997 -0.04730825 -0.74022513
v 0.61022949 -0.03983282 -0.77018618
v 0.6073296 0.14193929 -0.68795788
v 0.63072085 0.1897138 -0.61984449
v 0.65135276 0.09934505 -0.58438879
v 0.63424402 0.06941096 -0.64536255
v 0.62805533 0.12226809 -0.63570737
v 0.586057 0.21324262 -0.71048182
v 0.5838617 0.15504406 -0.72750687
v 0.66390597 0.00897274 -0.60641348
v 0.64884072 -0.02585001 -0.69151067
v 0.64236605 0.0298874 -0.66371119
v 0.61646902 0.26261383 -0.64925468
v 0.65196007 0.30174756 -0.57301336
v 0.6697148 0.23499608 -0.53876996
v 0.64110213 0.25118839 -0.59650749
v 0.56631714 0.26808583 -0.7232719
v 0.59996473 0.31443145 -0.66521847
v 0.59224587 0.26667237 -0.68933087
v 0.57774353 0.36329901 -0.67509973
v 0.6064735 0.40687504 -0.61384087
v 0.63253474 0.35514897 -0.59941816
v 0.60584348 0.36047086 -0.63947939
v 0.54173791 0.31774961 -0.73359745
v 0.48890745 0.38543823 -0.74610602
v 0.53127294 0.42354643 -0.6863234
v 0.53986156 0.36896592 -0.71081143
v 0.5089333 0.27753514 -0.7757163
v 0.53973275 0.27081069 -0.75129097
v 0.45236513 0.34841921 -0.79137045
v 0.39175653 0.42460477 -0.8073728
v 0.42728984 0.46187484 -0.75976496
v 0.43845969 0.40681055 -0.77792966
v 0.41020113 0.30264115 -0.83295846
v 0.46657517 0.29058861 -0.80085271
v 0.35236522 0.37577074 -0.85000765
v 0.30260053 0.44371607 -0.85591352
v 0.34227496 0.49135515 -0.812756
v 0.34714132 0.43652409 -0.83351421
v 0.35512581 0.30852913 -0.86399817
v 0.29873365 0.5534017 -0.80625259
v 0.33998167 0.58549827 -0.75498724
v 0.37892821 0.52691692 -0.76453018
v 0.33951485 0.54100662 -0.78675353
v 0.25574219 0.50906378 -0.85219848
v 0.20909608 0.57238316 -0.83727574
v 0.25713372 0.61357402 -0.78625524
v 0.25543463 0.56391555 -0.82315003
v 0.25658595 0.44792163 -0.87496507
v 0.21486023 0.67267859 -0.75118511
v 0.27143663 0.69882458 -0.68911188
v 0.30546468 0.64232629 -0.72978639
v 0.26205152 0.65849256 -0.74129116
v 0.16127963 0.63382947 -0.80828225
v 0.17069782 0.73011994 -0.70210075
v 0.16448719 0.68437552 -0.75905501
v 0.15978977 0.57886707 -0.84850794
v 0.12299706 0.78338223 -0.64261424
v 0.19540415 0.80693858 -0.57267034
v 0.23553787 0.75444269 -0.63542741
v 0.18087287 0.77093857 -0.63936889
v 0.30775472 0.76550859 -0.56883817
v 0.33270102 0.71233147 -0.626621
v 0.28651708 0.73460388 -0.6310867
v 0.27568054 0.81706953 -0.5029385
v 0.36180579 0.8113482 -0.4377751
v 0.38706833 0.7612096 -0.50577658
v 0.33392846 0.79094475 -0.50406897
v 0.39949661 0.71200853 -0.56617438
v 0.35512593 0.65904045 -0.67299765
v 0.37295985 0.68837124 -0.6223188
v 0.47047081 0.74198377 -0.44684746
v 0.47580099 0.69338369 -0.50820291
v 0.43361949 0.7292391 -0.50711548
v 0.45050984 0.79274016 -0.37638965
v 0.52896738 0.7641775 -0.3226788
v 0.54660773 0.70917952 -0.39830431
v 0.50331306 0.75346386 -0.38561266
v 0.55184674 0.65447515 -0.46416863
v 0.55000978 0.60075342 -0.52332872
v 0.5159415 0.65013623 -0.51204323
v 0.60973638 0.6616975 -0.35835954
v 0.61045587 0.60331773 -0.43508154
v 0.5821011 0.65863943 -0.41480356
v 0.59707129 0.72229397 -0.27468484
v 0.66034412 0.66764968 -0.23040613
v 0.66775536 0.60157096 -0.31873831
v 0.63618052 0.6641094 -0.29541143
v 0.6624118 0.54221093 -0.40390661
v 0.64783871 0.49175533 -0.48240914
v 0.60322147 0.54947453 -0.50324219
v 0.63215261 0.54671657 -0.45807644
v 0.71752691 0.53800559 -0.28103303
v 0.70767217 0.47849071 -0.36819529
v 0.69152683 0.53849273 -0.34350985
v 0.71476674 0.6070677 -0.19120818
v 0.75850868 0.54538959 -0.15426787
v 0.75653553 0.47670558 -0.24406769
v 0.73973965 0.54078996 -0.21796226
v 0.74298578 0.41843468 -0.33044743
v 0.71943783 0.37258291 -0.41423058
v 0.68774545 0.43116563 -0.45208346
v 0.71671789 0.42324096 -0.39196044
v 0.78691107 0.41706427 -0.20583766
v 0.7705 0.3602609 -0.29112681
v 0.76633101 0.41665238 -0.26846012
v 0.79281729 0.48368111 -0.11728964
v 0.81940221 0.42093899 -0.0803552
v 0.81119108 0.35611793 -0.16666907
v 0.80467325 0.41879138 -0.14290356
v 0.79337823 0.29940268 -0.25070583
v 0.76688498 0.24882352 -0.33540642
v 0.74485707 0.31327378 -0.37465876
v 0.77032756 0.30531528 -0.31295323
v 0.82994967 0.291226 -0.12888206
v 0.8121851 0.23319557 -0.21137857
v 0.81345272 0.29487505 -0.18905711
v 0.83909261 0.35532099 -0.0453297
v 0.85205745 0.28449559 -0.01463156
v 0.84275293 0.21942852 -0.09540071
v 0.8427881 0.2879489 -0.07066211
v 0.82591545 0.15771022 -0.17608942
v 0.80106192 0.09436132 -0.26555249
v 0.78608161 0.17785818 -0.29846534
v 0.80804026 0.16814121 -0.23569017
v 0.84908235 0.13786138 -0.06933686
v 0.83297354 0.06758886 -0.14929914
v 0.83943748 0.14738507 -0.1208622
v 0.80757939 -0.01509409 -0.24214787
v 0.76797992 0.02585436 -0.3684715
v 0.78903216 0.00357257 -0.3066484
v 0.82159972 -0.02837888 -0.18528887
v 0.75402402 0.11976385 -0.38928851
v 0.73362797 0.20087859 -0.41913116
v 0.76114714 0.1878114 -0.36033052
v 0.71878296 0.06242427 -0.47066515
v 0.74612087 0.04584216 -0.4201256
v 0.69223135 0.15135169 -0.50405752
v 0.71100145 0.2735295 -0.45607379
v 0.70231312 0.21739405 -0.47858995
v 0.67780828 0.02150405 -0.54954135
v 0.6822521 0.07895188 -0.53121048
v 0.83874404 0.42310616 0.04133212
v 0.82736319 0.48935163 0.13138181
v 0.84511584 0.4165962 0.15650077
v 0.85323387 0.35161134 0.06904986
v 0.84342813 0.42138439 0.09983814
v 0.81681239 0.49013152 0.00893566
v 0.83079057 0.42266804 -0.01880937
v 0.86101281 0.27404961 0.09039747
v 0.85853439 0.20637042 0.00955367
v 0.85798496 0.28014558 0.03909204
v 0.80144643 0.55734187 0.10060831
v 0.77121478 0.61667263 0.1946326
v 0.80292129 0.54841852 0.22500881
v 0.80372411 0.55480945 0.16322849
v 0.7867729 0.55437219 -0.02621133
v 0.76636588 0.62168544 0.06580702
v 0.79581129 0.55693572 0.03742387
v 0.72116655 0.68306213 0.02821
v 0.6778388 0.73978245 0.11849022
v 0.72978138 0.68012714 0.15862202
v 0.72724217 0.68292027 0.09311057
v 0.74753117 0.61682105 -0.06273454
v 0.69789058 0.67714834 -0.10082288
v 0.66525459 0.74083459 -0.01223811
v 0.71138101 0.68098294 -0.03632751
v 0.77426087 0.55027192 -0.09020214
v 0.59933948 0.79292678 -0.05693122
v 0.54371905 0.84578013 0.02682021
v 0.61553704 0.79559922 0.07480238
v 0.60922771 0.79564428 0.00886782
v 0.63789737 0.73334902 -0.14243277
v 0.56961911 0.78146237 -0.18981802
v 0.52530121 0.83636212 -0.10739902
v 0.5861029 0.7880643 -0.12303254
v 0.68087136 0.67233872 -0.16548042
v 0.44331491 0.86942726 -0.16378477
v 0.3746095 0.91940844 -0.08573553
v 0.46310818 0.88747751 -0.02670311
v 0.45458948 0.87974971 -0.09513405
v 0.49497869 0.81759339 -0.24285039
v 0.4108302 0.84361457 -0.30124837
v 0.35393601 0.89355003 -0.22493746
v 0.42897564 0.85725414 -0.23253673
v 0.55045259 0.77348059 -0.25694933
v 0.26202726 0.90730524 -0.28947693
v 0.18726514 0.95142179 -0.21378172
v 0.28142613 0.94139403 -0.14866654
v 0.27291479 0.92549091 -0.21884872
v 0.32007053 0.86016374 -0.3648765
v 0.2325109 0.86430501 -0.43198779
v 0.17280554 0.90837329 -0.35699775
v 0.24866001 0.8869754 -0.36059171
v 0.38818168 0.82846689 -0.36987468
v 0.08391881 0.89525163 -0.43087655
v 0.09372685 0.94742929 -0.28116774
v 0.09002253 0.92300343 -0.35461261
v 0.14710727 0.85390371 -0.50447535
v 0.06794625 0.82947927 -0.57713025
v 0.07545335 0.86380636 -0.50608223
v 0.21370594 0.83816909 -0.50312477
v 0.06240074 0.79114592 -0.64476406
v 0.09840218 0.98720568 -0.14042297
v 0.09640266 0.96898776 -0.21013303
v 0.10051105 1.01107525 -0.00182287
v 0.19577859 0.98262947 -0.07402862
v 0.09977199 1.00144493 -0.07110111
v 0.10040553 1.01472163 0.13665056
v 0.19902284 0.99718856 0.06493948
v 0.10067141 1.0155996 0.06741774
v 0.09886413 0.99533647 0.27602687
v 0.19816741 0.99076604 0.20383547
v 0.09981183 1.00820946 0.20609566
v 0.0958302 0.94794136 0.41898372
v 0.19379662 0.95877856 0.34449908
v 0.09755461 0.97544556 0.34686175
v 0.09081375 0.86834907 0.56774514
v 0.18573483 0.89716017 0.48975917
v 0.09362138 0.91250246 0.49265208
v 0.08338899 0.75156968 0.71801728
v 0.17310673 0.80214369 0.63928383
v 0.08734704 0.81472975 0.64344608
v 0.07628868 0.59909892 0.85385119
v 0.15758411 0.67114472 0.78306442
v 0.07944528 0.67958098 0.78898084
v 0.07405459 0.4101963 0.95851165
v 0.14728365 0.50400191 0.90346932
v 0.07450607 0.50921404 0.91065335
v 0.07577051 0.19454918 1.0261321
v 0.14621767 0.30127954 0.98812258
v 0.07460025 0.30455714 0.99707293
v 0.0774767 -0.02445371 1.05429744
v 0.14856265 0.08310179 1.03457903
v 0.07689926 0.0829584 1.04512035
v 0.07718969 -0.21372418 1.04769778
v 0.14859598 -0.1200083 1.04381251
v 0.07735137 -0.12305556 1.05471503
v 0.076814 -0.3818165 1.01507186
v 0.14828994 -0.29566633 1.02331483
v 0.0771094 -0.29930305 1.0340209
v 0.07636026 -0.52713942 0.96792554
v 0.14811073 -0.45406255 0.98191213
v 0.07657519 -0.45871931 0.99248105
v 0.07835416 -0.66357833 0.90609252
v 0.14768236 -0.58952581 0.92904919
v 0.07695902 -0.59169775 0.94036102
v 0.07347074 -0.81552821 0.83573335
v 0.1492768 -0.73727738 0.85979151
v 0.07792959 -0.74217832 0.86854618
v 0.06791921 -0.90634721 0.80978381
v 0.13952635 -0.85609817 0.81437265
v 0.06880293 -0.8618142 0.81928145
v 0.06973409 -1.03609657 0.80569624
v 0.13969032 -0.96416491 0.79881072
v 0.06885362 -0.96441835 0.80445081
v 0.06618028 -1.1844027 0.82478207
v 0.13781361 -1.10726618 0.80530256
v 0.06853327 -1.11400723 0.81321674
v 0.06342203 -1.30143392 0.85966974
v 0.13039207 -1.23663651 0.83029842
v 0.06442664 -1.24370729 0.83956217
v 0.06122865 -1.42580318 0.9159578
v 0.12814945 -1.35630631 0.87464731
v 0.06234038 -1.36431813 0.88657325
v 0.06447153 -1.53088069 0.96895551
v 0.13116768 -1.47438931 0.93072849
v 0.06143365 -1.48067903 0.94370722
v 0.15017949 -1.57303965 0.97878289
v 0.07013164 -1.57666075 0.99132347
v 0.22169017 -1.51839232 0.93472373
v 0.28101968 -1.45331382 0.88308709
v 0.20234157 -1.40666043 0.88223779
v 0.20972392 -1.46473586 0.90925979
v 0.31331494 -1.55510616 0.93222582
v 0.23780867 -1.56510078 0.957529
v 0.35588735 -1.49571263 0.87831986
v 0.33263319 -1.38372147 0.82713735
v 0.34192329 -1.44157183 0.85287654
v 0.37622642 -1.5450741 0.90290975
v 0.2660841 -1.33508813 0.83180964
v 0.19692266 -1.28519821 0.83267557
v 0.19853055 -1.34582352 0.85574913
v 0.32491776 -1.26481723 0.78264099
v 0.32722982 -1.32446157 0.80318754
v 0.26355126 -1.21510577 0.79332268
v 0.20131981 -1.1654011 0.80140161
v 0.19773395 -1.22630775 0.81476652
v 0.32839191 -1.14334726 0.754363
v 0.32540357 -1.20485961 0.76629477
v 0.27184861 -1.08776319 0.7723611
v 0.20994243 -1.02827072 0.78691148
v 0.20637138 -1.09776759 0.79176497
v 0.33539691 -1.01420247 0.74372994
v 0.33251959 -1.07872438 0.74676567
v 0.27695712 -0.95776444 0.76979208
v 0.20952558 -0.90211111 0.79333508
v 0.21042357 -0.96214985 0.78762376
v 0.33531951 -0.89333045 0.74971795
v 0.33593049 -0.95226788 0.74485504
v 0.27564615 -0.84395384 0.78506946
v 0.21333095 -0.79647719 0.81923025
v 0.20994545 -0.84976363 0.80331784
v 0.33693665 -0.78062915 0.77346122
v 0.33537915 -0.83740901 0.75891369
v 0.27959689 -0.72536832 0.82302838
v 0.21649743 -0.65884125 0.87701714
v 0.21622185 -0.73170232 0.84452468
v 0.39800804 -0.70732879 0.75886118
v 0.34436366 -0.64533448 0.82344317
v 0.33989867 -0.7173475 0.79493904
v 0.4144566 -0.55923432 0.81708693
v 0.35583794 -0.4975546 0.88262373
v 0.28425195 -0.57798242 0.88602554
v 0.35028255 -0.56890255 0.85490518
v 0.46441009 -0.62469708 0.74289888
v 0.53166842 -0.54281085 0.72054219
v 0.48221674 -0.4824638 0.79899346
v 0.4755361 -0.55050301 0.77232098
v 0.45303407 -0.69638246 0.71490889
v 0.54217898 -0.41396993 0.76999789
v 0.48917913 -0.34695893 0.8413726
v 0.42511755 -0.42242637 0.86654472
v 0.48615655 -0.41741976 0.8215143
v 0.58754324 -0.47374436 0.68850541
v 0.63685083 -0.40588122 0.64920604
v 0.59899407 -0.34325444 0.73118376
v 0.59302872 -0.41060942 0.71167379
v 0.62172949 -0.52614557 0.60362231
v 0.58112955 -0.53507757 0.66273868
v 0.66124349 -0.45867484 0.57051962
v 0.69492524 -0.39082562 0.54010266
v 0.68149846 -0.33731976 0.60687732
v 0.67092108 -0.39901477 0.58953845
v 0.67658466 -0.5036264 0.50610965
v 0.65279239 -0.51539206 0.55023002
v 0.70432853 -0.43689882 0.48688307
v 0.73356705 -0.37748682 0.45678389
v 0.7260406 -0.32768368 0.50960576
v 0.71371746 -0.38299068 0.49906399
v 0.72147846 -0.47296291 0.43016365
v 0.69753074 -0.49086949 0.46855458
v 0.74813383 -0.41726315 0.40737989
v 0.76655411 -0.37548375 0.38995444
v 0.7592898 -0.33024796 0.4250693
v 0.75220489 -0.3752273 0.41862493
v 0.73651051 -0.51158779 0.36038059
v 0.75668352 -0.46212849 0.35605561
v 0.74494469 -0.45940735 0.3880766
v 0.73947936 -0.5534718 0.30094105
v 0.72513526 -0.5663414 0.33166152
v 0.75457072 -0.50763964 0.30964249
v 0.77062231 -0.46342361 0.3217616
v 0.77137792 -0.42084437 0.35381868
v 0.76266986 -0.46715685 0.33237707
v 0.75229281 -0.54729563 0.27233621
v 0.74633717 -0.54984164 0.28249469
v 0.77189993 -0.50278139 0.28634119
v 0.7921586 -0.45745706 0.30488571
v 0.79184091 -0.41848614 0.32325619
v 0.78256601 -0.46059864 0.30747371
v 0.76168543 -0.54477298 0.26136291
v 0.81048518 -0.37435302 0.32306921
v 0.80353683 -0.33387988 0.33565586
v 0.78731 -0.37810587 0.34699916
v 0.79850649 -0.3760949 0.33301085
v 0.81541472 -0.41201093 0.31610113
v 0.83779972 -0.37344446 0.31734478
v 0.82858097 -0.32917428 0.31377479
v 0.82291156 -0.37193679 0.31811666
v 0.8216598 -0.45471668 0.31089845
v 0.80548411 -0.45218002 0.30683973
v 0.85182154 -0.42417919 0.32673659
v 0.87877899 -0.40316325 0.33584952
v 0.85651695 -0.33859872 0.3131197
v 0.85602444 -0.38615706 0.32420438
v 0.86389166 -0.47374588 0.33077517
v 0.8432312 -0.46045622 0.32108759
v 0.89279317 -0.44909426 0.34570911
v 0.92535972 -0.4196448 0.35450395
v 0.90718007 -0.36964079 0.33772343
v 0.90080702 -0.4137313 0.34566512
v 0.8812648 -0.4924944 0.33725196
v 0.9498949 -0.28298732 0.32404971
v 0.88439452 -0.29151693 0.3061178
v 0.91519004 -0.2890236 0.31489527
v 0.96512639 -0.35504868 0.3502382
v 0.98870736 -0.29052305 0.33404624
v 0.97226309 -0.28660219 0.33163958
v 0.97024887 -0.41434761 0.35946378
v 0.9500857 -0.41769999 0.35958346
v 1.00317812 -0.35128784 0.34629952
v 1.02943766 -0.28475177 0.31997925
v 1.01047456 -0.28925663 0.33017551
v 1.00848746 -0.40440216 0.34087324
v 0.99022799 -0.41061523 0.35357907
v 1.03286159 -0.34176468 0.31953862
v 1.04165852 -0.28281271 0.29134035
v 1.03944993 -0.28330329 0.30666297
v 1.01968026 -0.39084434 0.30925294
v 1.01846313 -0.39793029 0.32476747
v 1.02914679 -0.33105054 0.28947228
v 1.0361557 -0.27979567 0.27798715
v 1.01334238 -0.38337314 0.29622221
v 0.85855686 -0.24493777 0.28272634
v 0.84488475 -0.28554931 0.29839396
v 0.85642248 -0.2891432 0.29803249
v 0.83686381 -0.24498535 0.29073602
v 0.82100498 -0.28894087 0.31488555
v 0.83306008 -0.28539532 0.3041732
v 0.84836709 -0.21183778 0.26891198
v 0.84451848 -0.18459907 0.2604286
v 0.83165413 -0.2164644 0.28933841
v 0.84064102 -0.21189542 0.27529794
v 0.86129677 -0.20884564 0.26688358
v 0.83279204 -0.17032681 0.2981193
v 0.81716263 -0.2003645 0.33457976
v 0.8156802 -0.25676944 0.31725859
v 0.82401561 -0.21713224 0.3053708
v 0.84424638 -0.15044301 0.26254522
v 0.83633953 -0.11310117 0.31684154
v 0.84020566 -0.13374891 0.2871705
v 0.8484838 -0.15964484 0.24516354
v 0.82274091 -0.13435345 0.35961222
v 0.80476731 -0.17185567 0.3997941
v 0.79702001 -0.24569419 0.3722451
v 0.81074637 -0.1851145 0.36640977
v 0.83998036 -0.05262227 0.33943271
v 0.82729136 -0.06838591 0.39109784
v 0.832264 -0.09099821 0.35155898
v 0.82842195 0.006555 0.42597016
v 0.80939674 -0.02398094 0.48218298
v 0.80999219 -0.10126406 0.4391759
v 0.82026255 -0.04583986 0.43478867
v 0.84188973 0.01786584 0.36525642
v 0.84001594 0.09821752 0.39152988
v 0.82326662 0.09114261 0.46087867
v 0.83482199 0.05489778 0.41161993
v 0.84624284 -0.01908627 0.32170707
v 0.81074619 0.18395382 0.49401593
v 0.77902847 0.16088309 0.5702573
v 0.79951953 0.0639652 0.52682435
v 0.80530649 0.12649653 0.51363265
v 0.8335452 0.18697485 0.41617578
v 0.82169741 0.28058463 0.43649107
v 0.79068279 0.28159454 0.52261889
v 0.81619054 0.23551848 0.46816691
v 0.8486396 0.16868647 0.33685728
v 0.8445599 0.13616597 0.36635178
v 0.84281724 0.25930714 0.35095176
v 0.83254808 0.35036617 0.3579097
v 0.80378955 0.37470537 0.44951456
v 0.82719647 0.31884771 0.39953053
v 0.85572576 0.21918989 0.26728558
v 0.8523581 0.19616508 0.30370876
v 0.8509528 0.3087641 0.26943057
v 0.8415476 0.39436548 0.26311147
v 0.81666946 0.43812099 0.35595965
v 0.83746457 0.37539306 0.31224209
v 0.86076831 0.25359073 0.18494087
v 0.85862219 0.23824772 0.2276968
v 0.85577368 0.33814525 0.17462807
v 0.82598054 0.47440978 0.24817764
v 0.84429049 0.40786308 0.21104648
v 0.86174184 0.2654047 0.13910068
v 0.79410791 0.52025401 0.34407573
v 0.74814224 0.5503 0.44344934
v 0.77938932 0.46560007 0.45250973
v 0.78721106 0.49663084 0.40003591
v 0.76384258 0.59543162 0.32210743
v 0.79952937 0.53722029 0.28549253
v 0.7096641 0.6269288 0.42178607
v 0.64105552 0.64086628 0.52265209
v 0.68777728 0.56212145 0.5450195
v 0.69925016 0.59850561 0.48482102
v 0.72497034 0.66368299 0.29099518
v 0.66332125 0.69567227 0.38880515
v 0.71840095 0.64832067 0.35691702
v 0.60816347 0.75883042 0.34699824
v 0.52741193 0.776385 0.44062674
v 0.58804637 0.71121656 0.48666289
v 0.59930563 0.73800003 0.41688665
v 0.67652088 0.72642546 0.25257185
v 0.61785209 0.78540837 0.20890672
v 0.54346573 0.81891751 0.29906147
v 0.6144092 0.77442729 0.27752882
v 0.72891652 0.67399132 0.22470334
v 0.46951979 0.87648904 0.24690993
v 0.37938496 0.89954662 0.33040791
v 0.45789697 0.83921462 0.3877772
v 0.46479195 0.86067414 0.31679973
v 0.54939633 0.84115672 0.16131332
v 0.47178813 0.8917163 0.10960968
v 0.38629406 0.92816013 0.19062086
v 0.47194686 0.88677942 0.17795631
v 0.61831188 0.79231363 0.14135891
v 0.29494807 0.96895098 0.12957461
v 0.29186672 0.95137691 0.26881587
v 0.29414504 0.96330928 0.19900688
v 0.38485413 0.9330517 0.05256644
v 0.29182884 0.96381944 -0.00921549
v 0.29419887 0.96887636 0.06022315
v 0.4688766 0.89174664 0.04149808
v 0.28301027 0.90698397 0.41103005
v 0.28816312 0.93271577 0.3393729
v 0.2678262 0.83300769 0.55792939
v 0.36454516 0.84481251 0.47420239
v 0.2762784 0.87387406 0.48395308
v 0.43722978 0.77811294 0.53243303
v 0.44876578 0.8118664 0.4597761
v 0.24633124 0.72605109 0.70480328
v 0.34134587 0.76187151 0.6210286
v 0.25766325 0.78381592 0.63207751
v 0.40777 0.68808323 0.67597025
v 0.50166678 0.70929521 0.58319097
v 0.42334604 0.73715066 0.60495424
v 0.31294256 0.64606773 0.76131892
v 0.3775025 0.56212037 0.80452781
v 0.46988803 0.61023563 0.71884512
v 0.39184337 0.63000154 0.74339282
v 0.55994224 0.6358962 0.62289023
v 0.57472658 0.67755448 0.5556879
v 0.53059214 0.52472597 0.74406862
v 0.61412763 0.55411505 0.64671039
v 0.54474222 0.58518987 0.68653821
v 0.4436672 0.47191518 0.82898336
v 0.51126915 0.37530592 0.83011674
v 0.59032923 0.43049526 0.74663573
v 0.51907777 0.45446035 0.79248917
v 0.66467094 0.46297514 0.65107202
v 0.72862851 0.47437074 0.55157756
v 0.67597502 0.51705026 0.6010037
v 0.64670586 0.32958698 0.72779506
v 0.71021729 0.36470666 0.63691949
v 0.65472865 0.40026211 0.69367259
v 0.57659101 0.27302438 0.808981
v 0.63571023 0.16674715 0.7697767
v 0.69665527 0.22461968 0.69230926
v 0.6405819 0.25154694 0.75310915
v 0.74886387 0.26266548 0.60843253
v 0.763161 0.37974456 0.5430814
v 0.75560081 0.32486543 0.57924008
v 0.73749536 0.11936157 0.64482414
v 0.7429986 0.1939049 0.63035595
v 0.50470173 0.19108292 0.87410724
v 0.43270996 0.08715008 0.92464768
v 0.50031793 -0.01092555 0.88367545
v 0.56939584 0.08644574 0.83404201
v 0.50271153 0.08927151 0.88265413
v 0.43382483 0.2943021 0.89620602
v 0.50699222 0.28750336 0.8569408
v 0.62558376 -0.01563823 0.77872532
v 0.68573319 0.06030261 0.71591603
v 0.63102215 0.07658582 0.77815306
v 0.56034898 -0.1035934 0.82921278
v 0.61203759 -0.19220939 0.76158976
v 0.67166411 -0.11318773 0.71017634
v 0.61918872 -0.10603681 0.7727065
v 0.72416383 -0.04149393 0.65207535
v 0.76691556 0.0187729 0.59041559
v 0.73141479 0.04020216 0.6518836
v 0.70495629 -0.20120421 0.6355974
v 0.7487877 -0.13262878 0.58619332
v 0.71540808 -0.12300617 0.64624506
v 0.65364176 -0.27197054 0.68450737
v 0.72142368 -0.27127426 0.56649667
v 0.69294703 -0.27235728 0.6221596
v 0.75748062 -0.20728942 0.52696335
v 0.78721088 -0.14871093 0.48475956
v 0.7833547 -0.07158951 0.53538215
v 0.77197539 -0.1407426 0.5327264
v 0.7563163 -0.27063575 0.47483772
v 0.74110108 -0.2693443 0.51916158
v 0.78289639 -0.2186826 0.43738991
v 0.79744386 -0.15896458 0.44011718
v 0.77955496 -0.28873786 0.39675837
v 0.76939225 -0.27851271 0.43109127
v 0.7923901 -0.00263848 0.53377878
v 0.49424895 -0.1907445 0.87065219
v 0.42884123 -0.27266281 0.90391391
v 0.55056428 -0.2703816 0.80621981
v 0.49170392 -0.27058035 0.85820412
v 0.43121087 -0.10669275 0.92399108
v 0.49730745 -0.10481679 0.8791151
v 0.60517889 -0.2710534 0.74754226
v 0.36260557 -0.19513188 0.95695841
v 0.29157593 -0.28422114 0.97790813
v 0.36085242 -0.35662227 0.92638051
v 0.36176148 -0.27746301 0.94405102
v 0.36286726 -0.01700537 0.96518093
v 0.29168826 -0.11267221 0.99833613
v 0.36326044 -0.10918276 0.96401268
v 0.21829132 -0.01998682 1.02519714
v 0.21876153 -0.20599083 1.01831352
v 0.21845096 -0.11634156 1.02542078
v 0.28908178 0.08282995 0.99191665
v 0.21655403 0.19075341 0.99990367
v 0.21770492 0.08316264 1.01694524
v 0.35985702 0.19066447 0.94893497
v 0.3614853 0.08392215 0.96070414
v 0.28600564 0.29645848 0.95322883
v 0.215962 0.40157491 0.93742555
v 0.21555995 0.29822543 0.97339558
v 0.36117082 0.39431849 0.89715319
v 0.35926592 0.29595762 0.92783409
v 0.29165878 0.49113053 0.87648081
v 0.22530952 0.58359873 0.83694952
v 0.21888896 0.49756103 0.89191114
v 0.36694839 0.48353058 0.85628962
v 0.21952623 -0.37169396 0.98594886
v 0.21929025 -0.2905848 1.00472152
v 0.21785053 -0.51597046 0.93961548
v 0.28990733 -0.43858945 0.93828451
v 0.21913076 -0.44718483 0.96379911
v 0.35922852 -0.42978721 0.9055984
v 0.77120626 0.4266954 0.50052917
v 0.23498266 0.65947628 0.77388179
v 0.78229308 -0.33596053 0.37409424
v 0.79860073 -0.29899579 0.34739184
v 0.78795528 -0.29540872 0.37457507
v 0.80899965 -0.29308837 0.3298884
v 0.77748131 -0.37655931 0.36778748
v 0.21654222 -0.58496737 0.91085767
v 0.28765708 0.95440805 -0.07882905
v 0.85552847 0.128991 -0.0205493
v 0.68775606 0.33581063 -0.4947164
v 0.71709686 0.32384768 -0.43517226
v 0.66163057 0.39215111 -0.52933782
v 0.62884837 0.44782117 -0.5517354
v 0.65780752 0.44001889 -0.50658041
v 0.65926569 0.34689402 -0.55117809
v 0.59001517 0.50201225 -0.56482166
v 0.57395523 0.55070483 -0.54215025
v 0.56772315 0.46144557 -0.62371265
v 0.60086602 0.45411485 -0.58894002
v 0.34471058 0.62478989 -0.71718901
v 0.46515643 0.49294626 -0.70458638
v 0.41941332 0.51083499 -0.73800104
v 0.51876699 0.47492957 -0.66370987
v 0.68420869 -0.01009479 -0.55562919
v 0.65365892 -0.07858032 -0.70508217
v 0.65369284 -0.06052342 -0.70239847
v 0.64973771 -0.09563572 -0.70683944
v 0.81541776 -0.75468337 0.13757738
v 0.82712048 -0.75183862 0.15625858
v 0.80073905 -0.75013184 0.12318686
v 0.66315299 -1.79033851 1.06450009
v 0.7018888 -1.86711704 1.14120364
v 0.82872384 -1.86991977 1.11429619
v 0.74687206 -1.82992386 1.09120535
v 0.52826595 -1.79337966 1.08596158
v 0.58166539 -1.74990367 1.03542161
v 0.57335376 -1.88367116 1.15998697
v 0.62828087 -1.96899271 1.21985817
v 0.7467215 -1.94738948 1.20776152
v 0.66155016 -1.91495358 1.185112
v 0.45667266 -1.92135632 1.17612099
v 0.48584997 -1.85417318 1.13553786
v 0.51762521 -2.00737953 1.22567343
v 0.58050823 -2.09062027 1.26323616
v 0.68606996 -2.05146002 1.26518428
v 0.60173404 -2.02724289 1.24543368
v 0.35209292 -1.98091077 1.19209015
v 0.41604706 -2.06343078 1.22963726
v 0.4345293 -1.99157476 1.20730173
v 0.32191804 -2.13289308 1.23312962
v 0.39226168 -2.21675944 1.25277137
v 0.4823867 -2.14644575 1.25821864
v 0.40194138 -2.13764786 1.24447631
v 0.25345784 -2.05467319 1.20633876
v 0.2361356 -2.21054267 1.2372173
v 0.24261567 -2.13130569 1.22462427
v 0.26897686 -1.97658741 1.18141424
v 0.30933454 -2.29581379 1.2480781
v 0.38389602 -2.38143181 1.24891138
v 0.46389144 -2.30694794 1.26283371
v 0.38634103 -2.30007982 1.25435113
v 0.23004309 -2.3741846 1.24270641
v 0.23251998 -2.29387688 1.24366939
v 0.30640363 -2.45074653 1.23474359
v 0.38330602 -2.52409696 1.21916914
v 0.45966994 -2.46520519 1.24114155
v 0.38379004 -2.45657253 1.23691237
v 0.22902138 -2.51334404 1.21885871
v 0.22892659 -2.44727635 1.23423707
v 0.30622789 -2.58055877 1.19496583
v 0.38142174 -2.64888596 1.16512739
v 0.45742029 -2.59610247 1.19796872
v 0.38243702 -2.58785057 1.19517028
v 0.22971311 -2.63457536 1.16622424
v 0.22933009 -2.57481908 1.19638025
v 0.30525672 -2.69736719 1.12961447
v 0.37633973 -2.75487756 1.09449005
v 0.45151636 -2.71457099 1.13354778
v 0.37912437 -2.70560383 1.13047087
v 0.22983919 -2.73757386 1.09337043
v 0.22974968 -2.6901102 1.13054525
v 0.30217582 -2.7903068 1.05375123
v 0.36327892 -2.85213661 1.00608778
v 0.44294214 -2.80825805 1.06248414
v 0.3730852 -2.7987895 1.05735337
v 0.22065807 -2.84687495 0.98556906
v 0.22872343 -2.78309917 1.05141234
v 0.27998361 -2.92387342 0.91782838
v 0.34189713 -2.99690079 0.86357677
v 0.4142434 -2.93934178 0.93726587
v 0.34585353 -2.93055152 0.92718648
v 0.20664775 -2.97280812 0.85319864
v 0.21060946 -2.91761589 0.91022586
v 0.27409124 -3.02619242 0.81836229
v 0.34155517 -3.07990026 0.79161
v 0.41288548 -3.05781388 0.83082854
v 0.34266758 -3.04058527 0.82440167
v 0.20516961 -3.05916667 0.77483916
v 0.20659023 -3.01479792 0.81319516
v 0.26486983 -3.11970686 0.74093306
v 0.32818368 -3.18720126 0.70902729
v 0.4136042 -3.14481067 0.76329809
v 0.33706367 -3.12898087 0.75295025
v 0.19772122 -3.17423534 0.68677741
v 0.20160169 -3.11372327 0.73146659
v 0.24842745 -3.24315309 0.65078252
v 0.32437276 -3.32639455 0.61598318
v 0.40777856 -3.27886986 0.66914624
v 0.32237094 -3.25792384 0.65967965
v 0.19416213 -3.29756736 0.60441577
v 0.19525393 -3.2357378 0.64438605
v 0.24868284 -3.37052965 0.57103192
v 0.32437756 -3.45333623 0.54050934
v 0.40329009 -3.40540456 0.58804643
v 0.32473743 -3.38798809 0.57838153
v 0.19295591 -3.42279124 0.5303334
v 0.1933771 -3.35965395 0.56654161
v 0.25401544 -3.49975562 0.50006544
v 0.32232755 -3.57332372 0.47710812
v 0.39373242 -3.53015351 0.51552522
v 0.32407489 -3.51590156 0.5064252
v 0.19245526 -3.55082082 0.46403619
v 0.19310279 -3.48697853 0.49594554
v 0.25260108 -3.61670804 0.44353807
v 0.32057857 -3.62811088 0.45138117
v 0.18568041 -3.66484594 0.41329085
v 0.19007635 -3.60988664 0.43663373
v 0.47170025 -3.48376178 0.56086802
v 0.46211916 -3.54232144 0.52672052
v 0.55135977 -3.43747496 0.60895651
v 0.48447084 -3.36522626 0.63462954
v 0.47957006 -3.42215013 0.59849798
v 0.62950909 -3.39625096 0.65512275
v 0.6201983 -3.45152473 0.61935734
v 0.56646704 -3.31582498 0.68949079
v 0.49464556 -3.22319316 0.73148632
v 0.49014535 -3.29822754 0.67957514
v 0.70841044 -3.34972763 0.70555585
v 0.64256602 -3.26590442 0.74420082
v 0.63847005 -3.33268952 0.69823336
v 0.78136962 -3.30699062 0.75231081
v 0.7762081 -3.36678695 0.71131575
v 0.71520561 -3.23292064 0.78741973
v 0.64410942 -3.16272258 0.81943154
v 0.56979644 -3.19183063 0.77571988
v 0.64339149 -3.21315193 0.78171396
v 0.85174065 -3.27059316 0.79450047
v 0.78895133 -3.1997528 0.8315804
v 0.78489971 -3.25195789 0.79189765
v 0.9219684 -3.23569893 0.83553648
v 0.91750586 -3.28987813 0.79473245
v 0.86163407 -3.16224765 0.87850123
v 0.8051266 -3.08787322 0.92342019
v 0.72345358 -3.13310742 0.86544644
v 0.79515796 -3.14743495 0.87361365
v 1.00301599 -3.19912743 0.87948
v 0.93490344 -3.11596393 0.93096602
v 0.92742347 -3.1791296 0.88000667
v 1.10142684 -3.15999865 0.92712271
v 1.08820557 -3.22089767 0.87748384
v 1.01975107 -3.07133889 0.98239171
v 0.94977378 -2.98172664 1.03942859
v 0.87768441 -3.0364356 0.98161131
v 0.9428485 -3.0513544 0.9834643
v 1.19553482 -3.12713408 0.9673112
v 1.10783994 -3.03331232 1.0271151
v 1.10882246 -3.09886956 0.97614538
v 1.29169333 -3.09497737 1.0058341
v 1.27073431 -3.14655184 0.96182805
v 1.20471334 -3.00584578 1.0634799
v 1.10135197 -2.88280844 1.14104211
v 1.02375304 -2.93439555 1.08928751
v 1.10046136 -2.96208763 1.08089959
v 1.38206636 -3.05719947 1.04808545
v 1.32986068 -2.97604703 1.10690176
v 1.31424796 -3.04221057 1.05134129
v 1.46054399 -3.01986789 1.08993077
v 1.44401359 -3.07165622 1.04206728
v 1.40953719 -2.9332571 1.15672612
v 1.30656409 -2.80733156 1.236346
v 1.20158672 -2.82781338 1.19963192
v 1.3138237 -2.87679195 1.1831603
v 1.53251254 -2.98544979 1.13033211
v 1.47617292 -2.8983488 1.20036101
v 1.47181844 -2.96151804 1.14384102
v 1.60274183 -2.95467209 1.16746807
v 1.59549212 -3.00566792 1.11505436
v 1.5441004 -2.87387299 1.23516917
v 1.47372984 -2.77410841 1.30004715
v 1.39611768 -2.79066205 1.26974105
v 1.47452926 -2.83459901 1.25365054
v 1.66989398 -2.92691493 1.19832611
v 1.61394429 -2.85355234 1.26331317
v 1.60833621 -2.90455341 1.2169249
v 1.55300676 -2.75922441 1.32583952
v 1.49164497 -2.67157006 1.365731
v 1.404917 -2.68389034 1.3425641
v 1.47970509 -2.71909093 1.33809721
v 1.63508164 -2.74974703 1.341614
v 1.62143325 -2.79988646 1.30679309
v 1.58183264 -2.66731834 1.37771248
v 1.52182626 -2.59014511 1.39304435
v 1.42646646 -2.59241771 1.38376426
v 1.50605738 -2.62872409 1.383937
v 1.67277407 -2.67082643 1.37481236
v 1.65399003 -2.70865869 1.36329269
v 1.61684846 -2.59294629 1.38966512
v 1.55399012 -2.52088069 1.38541317
v 1.4549129 -2.51794743 1.39110243
v 1.53801977 -2.55476236 1.39350378
v 1.75825452 -2.6764512 1.3550632
v 1.70813751 -2.59826707 1.3700118
v 1.69079887 -2.63357305 1.37724435
v 1.64878165 -2.52463722 1.36470353
v 1.58390474 -2.44985342 1.33867955
v 1.48614788 -2.44862532 1.36485827
v 1.56910216 -2.48625469 1.36784064
v 1.73757267 -2.52958202 1.32488298
v 1.72384011 -2.56398773 1.35289919
v 1.67436337 -2.4523611 1.29403865
v 1.61392879 -2.37526226 1.23769092
v 1.52079117 -2.37306332 1.29272663
v 1.59863567 -2.41218566 1.29591524
v 1.75761652 -2.46022772 1.22968828
v 1.74883103 -2.49455785 1.28428804
v 1.69475865 -2.38475513 1.166749
v 1.63915431 -2.32582569 1.09678351
v 1.5606985 -2.30704832 1.16735315
v 1.62853097 -2.34452796 1.16778647
v 1.83022546 -2.47760772 1.15237951
v 1.76506269 -2.40961837 1.0900222
v 1.76289176 -2.42986726 1.16258752
v 1.89093005 -2.50818777 1.07284212
v 1.89246666 -2.52581715 1.13317894
v 1.82520818 -2.45032692 1.01570236
v 1.76244986 -2.41070818 0.95309925
v 1.70534825 -2.36015462 1.02354741
v 1.76509773 -2.40338516 1.01900053
v 1.87191879 -2.50269222 0.95270991
v 1.88332462 -2.49956488 1.01278376
v 1.80997848 -2.47696542 0.88692915
v 1.74660718 -2.47008562 0.81832957
v 1.75652229 -2.43177247 0.88844841
v 1.84882736 -2.56193327 0.82549965
v 1.86078524 -2.52369713 0.88940799
v 1.78132343 -2.56652998 0.75028985
v 1.72966218 -2.52482676 0.74191439
v 1.87766277 -2.6527028 0.78485167
v 1.83145797 -2.60920095 0.7652632
v 1.64538645 -2.32051825 1.02820777
v 1.4654963 -2.29846787 1.23271417
v 1.36642038 -2.29387998 1.28210949
v 1.42104256 -2.3722372 1.32915246
v 1.44195079 -2.33364605 1.28721427
v 1.41928672 -2.23285937 1.1675688
v 1.48981034 -2.27019834 1.16718602
v 1.32076406 -2.21873426 1.22817313
v 1.21730053 -2.20631933 1.27506721
v 1.26543498 -2.28959512 1.31777954
v 1.29224956 -2.25172591 1.27829062
v 1.27811515 -2.14893198 1.16846895
v 1.34919798 -2.19283819 1.16809511
v 1.17395758 -2.12622261 1.22391319
v 1.06551039 -2.11137962 1.26510942
v 1.11163544 -2.19745445 1.30788373
v 1.141698 -2.15893769 1.27112674
v 1.13229179 -2.05226492 1.16494882
v 1.20566499 -2.10150837 1.16785979
v 1.02364039 -2.03012609 1.21149468
v 0.90993404 -2.02235174 1.24345588
v 0.95694261 -2.10701537 1.29026711
v 0.98858809 -2.06548094 1.25604963
v 0.98384439 -1.9561491 1.14801168
v 1.05848908 -2.00331902 1.15853321
v 0.8677119 -1.94283294 1.184291
v 0.79618114 -2.02915477 1.26015782
v 0.82925951 -1.98289084 1.22728312
v 0.9075964 -1.91164732 1.13325572
v 0.85052979 -2.11503934 1.30056417
v 0.90878313 -2.20529007 1.33035922
v 1.008502 -2.19572424 1.32574009
v 0.93031722 -2.15364933 1.31461465
v 0.74714255 -2.13786411 1.29946136
v 0.769028 -2.08074283 1.28386199
v 0.81166958 -2.22917366 1.32380914
v 0.87825942 -2.32313966 1.33855664
v 0.97056722 -2.29710006 1.35016179
v 0.8918817 -2.26176691 1.3382461
v 0.64648497 -2.17744755 1.29045724
v 0.7156558 -2.27037692 1.30833828
v 0.72961568 -2.20071172 1.30751955
v 0.62229871 -2.33022904 1.28693783
v 0.69545221 -2.42686605 1.28822863
v 0.78645491 -2.3675518 1.31705606
v 0.70433074 -2.34730267 1.30177962
v 0.55098772 -2.23488807 1.27725815
v 0.53658533 -2.39943862 1.26347494
v 0.54191237 -2.31683588 1.27371549
v 0.56379824 -2.15950202 1.27374637
v 0.6109718 -2.48861336 1.25752222
v 0.68581074 -2.56912374 1.24700439
v 0.76704227 -2.51646614 1.28172946
v 0.68898654 -2.50243234 1.2691921
v 0.53370404 -2.54215931 1.2286117
v 0.53441608 -2.47606205 1.24789965
v 0.60688525 -2.61567831 1.21208202
v 0.67800688 -2.68831467 1.18975067
v 0.75804603 -2.64015603 1.23180651
v 0.68351185 -2.62736773 1.22216415
v 0.52782207 -2.66732525 1.17281627
v 0.53157842 -2.60526704 1.20367395
v 0.59712952 -2.73560786 1.14545035
v 0.66831886 -2.80090165 1.1165632
v 0.74844861 -2.75973773 1.16147577
v 0.67233228 -2.74768614 1.15320301
v 0.51893204 -2.77522993 1.10336661
v 0.52369421 -2.72446298 1.13871705
v 0.5889188 -2.83213138 1.07561337
v 0.66847586 -2.89995479 1.04082322
v 0.74268913 -2.86690425 1.0844773
v 0.66635882 -2.84871244 1.08084774
v 0.50751704 -2.86260652 1.03081584
v 0.51409059 -2.8190782 1.06883049
v 0.58785069 -2.95937347 0.96954864
v 0.65823507 -3.06780743 0.89905405
v 0.74712628 -3.0073533 0.97348123
v 0.67368924 -2.98872613 0.96904224
v 0.48403281 -3.0385313 0.86990785
v 0.48662751 -2.94270706 0.95468664
v 0.56456702 -3.09872174 0.84514844
v 0.64628553 -3.1175704 0.85524302
v 0.48812809 -3.11675882 0.8069846
v 0.48551824 -3.07739353 0.8374415
v 0.81697332 -2.9476552 1.03840053
v 0.81468242 -3.02230572 0.97836035
v 0.88656443 -2.90093088 1.0893563
v 0.81868475 -2.829777 1.12820828
v 0.81640547 -2.88482713 1.08707547
v 0.95990914 -2.85507226 1.13721156
v 0.95422411 -2.91595888 1.09092748
v 0.8973245 -2.78285646 1.17621028
v 0.82858634 -2.71203994 1.20748627
v 0.82391238 -2.77132225 1.16946673
v 1.04125285 -2.80320191 1.18847036
v 0.97536814 -2.7397108 1.2185595
v 0.9690811 -2.79382777 1.18208515
v 1.13048434 -2.76376509 1.23149108
v 1.11614298 -2.81217861 1.19544148
v 1.0611428 -2.69498586 1.26105749
v 0.98812794 -2.61858391 1.28770172
v 0.90397989 -2.66669321 1.24755048
v 0.98070383 -2.68055152 1.2543118
v 1.22636199 -2.72853183 1.27404642
v 1.15329122 -2.65297126 1.30268037
v 1.14304208 -2.71022176 1.26795625
v 1.31941139 -2.70219945 1.31202387
v 1.31269478 -2.75467014 1.27615821
v 1.24496281 -2.62182545 1.3380357
v 1.17188715 -2.5431261 1.35440516
v 1.07976698 -2.57474446 1.324952
v 1.16216623 -2.59599828 1.33229017
v 1.33445966 -2.60225153 1.36501252
v 1.32637274 -2.65138769 1.3418889
v 1.26304626 -2.5259068 1.37433648
v 1.19510138 -2.4521532 1.3745507
v 1.10300242 -2.46683573 1.36154508
v 1.1826899 -2.49570155 1.36834216
v 1.35707497 -2.51847076 1.38649106
v 1.34456586 -2.55805635 1.37979328
v 1.28932762 -2.44712138 1.37929892
v 1.22420632 -2.37035751 1.36419498
v 1.12871575 -2.37283563 1.36699056
v 1.20891809 -2.4107778 1.37329399
v 1.38633203 -2.44704437 1.37661933
v 1.37116909 -2.48237466 1.38551986
v 1.32186675 -2.37160539 1.35199821
v 1.16412091 -2.28560924 1.34069085
v 1.24260628 -2.32988381 1.34621477
v 1.40272653 -2.410748 1.35863399
v 1.06569051 -2.28617095 1.35109388
v 1.03551483 -2.38539338 1.36025238
v 1.04908704 -2.33440947 1.35954856
v 1.08625078 -2.24029088 1.33420825
v 0.94444793 -2.41357779 1.34325099
v 1.01133656 -2.4966588 1.33851409
v 1.02329886 -2.4392395 1.35331296
v 0.9212321 -2.54349613 1.30558991
v 0.99946767 -2.55795741 1.31592392
v 0.85491973 -2.45924162 1.31616413
v 0.83588087 -2.5954988 1.26809001
v 0.84439128 -2.52996683 1.29414379
v 0.86631435 -2.38982629 1.33116269
v 0.83056569 -2.65342068 1.24014115
v 0.49273392 -3.16787576 0.77010399
v 1.30817389 -2.61528015 0.35720855
v 1.22282481 -2.90243625 0.12868341
v 0.42055571 -1.36426568 -0.22939205
v 0.53331369 -1.24605488 -0.28438681
v 0.73226559 -0.8147394 -0.00200568
v 0.71226853 -0.84331595 0.02201045
v 0.64882034 -0.90920078 -0.41797572
v 0.74351984 -0.79974103 -0.04286074
v 0.63066077 -0.73104918 -0.60835826
v 0.65564572 -0.68708437 -0.60577482
v 0.58393174 -0.82373869 -0.59428519
v 0.8663088 -3.08059501 -0.25120502
v 0.57200819 -4.06618404 -0.37931421
v 0.57604199 -4.02191543 -0.38843679
v 0.57345217 -4.116683 -0.37133491
v 0.23658509 -4.79202842 -0.13480193
v 1.19143521 -3.60730314 -0.1476935
v 1.1927185 -3.13120365 -0.0144593
v 1.95320439 -2.74343967 0.83144855
v 1.89775586 -2.75634241 0.75943541
v 1.91869878 -2.6982088 0.80704653
v 1.90283978 -2.88306689 0.73080635
v 1.86975693 -2.82834053 0.70881646
v 1.95673155 -2.85235309 0.80575293
v 1.94149613 -2.96563434 0.76893222
v 1.88950026 -3.00569295 0.69529825
v 1.92642247 -2.92918539 0.75092881
v 1.97909557 -2.78341221 0.8568269
v 1.86537861 -3.10471344 0.66050541
v 1.84847724 -3.07238364 0.64399874
v 1.91502332 -3.06619095 0.72789841
v 1.88144838 -3.15396881 0.68899226
v 1.8326838 -3.18729353 0.62849938
v 1.87658083 -3.13092231 0.67590904
v 1.94943547 -2.99427962 0.78464317
v 1.78285574 -3.26554369 0.59101253
v 1.77161502 -3.24539041 0.57311922
v 1.83930039 -3.2314372 0.65376603
v 1.78493154 -3.30153536 0.61852479
v 1.71951293 -3.3392241 0.54779338
v 1.78682065 -3.28405451 0.60553908
v 1.88075709 -3.1753261 0.7007125
v 1.66154801 -3.40266609 0.50937551
v 1.65886867 -3.38812875 0.4920184
v 1.71904993 -3.36691474 0.57909381
v 1.6550405 -3.42619133 0.54098641
v 1.61116623 -3.46166682 0.47486251
v 1.66024935 -3.41508197 0.52528208
v 1.77810883 -3.3176608 0.63146919
v 1.56693804 -3.52050185 0.44398602
v 1.57049322 -3.50963497 0.42696201
v 1.59954118 -3.48168873 0.50824332
v 1.55058634 -3.53692817 0.4806649
v 1.52821803 -3.58009982 0.41805356
v 1.56044936 -3.52960658 0.46149507
v 1.64607 -3.43574404 0.55823451
v 1.49300301 -3.64178752 0.39684447
v 1.5009706 -3.63486576 0.37676954
v 1.5064243 -3.59252953 0.45944583
v 1.46397817 -3.65017986 0.44395539
v 1.45822334 -3.70734572 0.37958562
v 1.48110628 -3.64684343 0.41913157
v 1.53627753 -3.54235196 0.50237298
v 1.42192387 -3.7747662 0.3673236
v 1.43704474 -3.77136611 0.34199649
v 1.4199953 -3.71236848 0.43166512
v 1.37353003 -3.77699494 0.42190095
v 1.38224029 -3.84265661 0.35934013
v 1.40074837 -3.7764945 0.39475971
v 1.44076001 -3.65215015 0.46987628
v 1.33844018 -3.90997934 0.35322952
v 1.36335599 -3.90981626 0.32519707
v 1.32320749 -3.84129118 0.41442954
v 1.2675178 -3.90358328 0.4082404
v 1.28949427 -3.97614288 0.34735208
v 1.30713772 -3.90852737 0.38049268
v 1.33874273 -3.77499032 0.44945794
v 1.23392462 -4.04013443 0.34131249
v 1.26920247 -4.04424238 0.31451353
v 1.20739555 -3.96350622 0.40074205
v 1.14448738 -4.02105665 0.38991212
v 1.17233192 -4.10137081 0.3334279
v 1.19151711 -4.03243923 0.3671683
v 1.22093153 -3.89464998 0.43454173
v 1.10706436 -4.15970468 0.32166963
v 1.14881277 -4.170825 0.2989723
v 1.07753765 -4.07483959 0.37622404
v 1.00473213 -4.12342453 0.36049529
v 1.03676533 -4.21387767 0.30681675
v 1.05936098 -4.14414453 0.34216058
v 1.09222412 -4.00535106 0.40955138
v 0.95879399 -4.26187562 0.29039111
v 1.00812411 -4.2847023 0.2698543
v 0.92792558 -4.1671338 0.3423551
v 0.84979462 -4.20642375 0.32182014
v 0.87582314 -4.30174636 0.27288669
v 0.90462076 -4.23453998 0.30837515
v 0.94668358 -4.10015869 0.37472784
v 0.79270952 -4.33190584 0.25514236
v 0.84097653 -4.36614227 0.23681305
v 0.77184701 -4.2393856 0.30035927
v 0.69751954 -4.26532793 0.27942124
v 0.71263051 -4.35290908 0.23793686
v 0.74485915 -4.29805851 0.2691794
v 0.794384 -4.17792987 0.3311271
v 0.67343139 -4.402112 0.2074738
v 0.65240192 -4.23557996 0.28609681
v 1.81610226 -2.71971178 1.32336926
v 1.72937953 -2.93971633 1.18017935
v 0.18211546 -3.73093509 0.38773983
v 0.03080539 -1.06126117 -0.96569979
v 0.02783967 -1.09004306 -0.92982322
v 0.04094271 -1.01905214 -0.97125798
v 0.03704327 -1.04142975 -0.97563731
v 0.03848813 -0.98591858 -0.94540631
v 0.08256936 -0.99479454 -0.95556509
v 0.04211088 -0.99796038 -0.95841932
v 0.04058455 -0.97504234 -0.98666393
v 0.08086624 -0.9762125 -0.93037658
v 0.0432619 -0.98288112 -0.94999748
v 0.04843462 -0.93485832 -1.01923251
v 0.090741 -0.94970166 -0.98881822
v 0.04355097 -0.95731163 -1.01274156
v 0.04586703 -0.87946677 -1.01084744
v 0.12264636 -0.96614491 -0.93469321
v 0.14626327 -0.97650039 -0.90162283
v 0.1124222 -0.98151701 -0.92511266
v 0.11363948 -0.973953 -0.91412532
v 0.17112442 -0.95639014 -0.93680691
v 0.13405221 -0.94963771 -0.96040296
v 0.18223716 -0.97637605 -0.89613068
v 0.18000698 -0.99260926 -0.90014708
v 0.1756294 -0.9817875 -0.8880887
v 0.21430073 -0.95551264 -0.91842955
v 0.20010621 -0.96616584 -0.91426509
v 0.15341648 -1.00029957 -0.93555688
v 0.18384215 -1.00935614 -0.91694456
v 0.11806567 -0.99456727 -0.94836944
v 0.829741 -0.35154447 0.20721903
v 0.72233444 -0.42906916 0.12945801
v 0.73086321 -0.41974389 0.12174078
v 0.71550416 -0.44130674 0.1403591
v 0.1726219 -0.65860402 -1.02031934
v 0.18591682 -0.66903448 -0.99799299
v 0.14718921 -0.65687465 -1.04051137
v 0.1558412 -0.65042501 -1.04376995
v 0.20090603 -0.26793506 -0.73417478
v 0.22224418 -0.27880501 -0.74284565
v 0.1983969 -0.25866714 -0.73578894
v 0.11778729 -1.20818996 -0.88722586
v 0.24606463 -0.95403063 -0.88929176
v 0.25094121 -0.96887469 -0.86114096
v 0.23717686 -0.90258145 -0.91032642
v 0.24079275 -0.86646485 -0.90302282
v 0.22800624 -0.935332 -0.91427743
v 0.53910088 -0.36829859 -0.74678766
v 0.664559 -0.28017795 -0.54855692
v 0.8980152 -0.20307025 0.07691367
v 0.13285367 -0.65480446 -1.02953183
v 0.82214903 -0.4811013 0.06290423
v 0.82832312 -0.47519445 0.0463415
v 0.68014526 -0.79842978 0.17062418
v 0.78361105 -0.54795718 0.08542478
v 0.79119211 -0.57800102 0.10023737
v 0.79960107 -0.50912267 0.07675126
v 0.81401002 -0.47378522 0.07207332
v 0.77662468 -0.52830815 0.08334666
# The following MRGB block contains ZBrush Vertex Color (Polypaint) and masking output as 4 hexadecimal values per vertex. The vertex color format is MMRRGGBB with up to 64 entries per MRGB line.
#MRGB ff41814fff41814fff41814fff41814fff41814fff41814fff41814fff41814fff41814fff41814fff41814fff41814fff41814fff41814fff41814fff41814fff41814fff41814fff41814fff41814fff41814fff41814fff41814fff41814fff41814fff41814fff41814fff41814fff41814fff41814fff41814fff41814fff41814fff41814fff41814fff41814fff41814fff41814fff41814fff41814fff41814fff41814fff41814fff41814fff41814fff41814fff41814fff41814fff41814fff41814fff41814fff41814fff41814fff41814fff41814fff41814fff41814fff41814fff41814fff41814fff41814fff41814fff41814fff41814f
#MRGB ff41814fff41814fff41814fff41814fff41814fff41814fff41814fff41814fff41814fff41814fff41814fff41814fff41814fff41814fff41814fff41814fff41814fff41814fff41814fff41814fff41814fff41814fff41814fff41814fff41814fff41814fff41814fff41814fff41814fff41814fff41814fff41814fff41814fff41814fff41814fff41814fff41814fff41814fff41814fff41814fff41814fff41814fff41814fff41814fff41814fff41814fff41814fff41814fff41814fff41814fff41814fff41814fff41814fff41814fff41814fff41814fff41814fff41814fff41814fff41814fff41814fff41814fff41814fff41814f
#MRGB ff41814fff41814fff41814fff41814fff41814fff41814fff41814fff41814fff41814fff41814fff41814fff41814fff41814fff41814fff41814fff41814fff41814fff41814fff41814fff41814fff41814fff41814fff41814fff41814fff41814fff41814fff41814fff41814fff41814fff41814fff41814fff41814fff41814fff41814fff41814fff41814fff41814fff41814fff41814fff41814fff41814fff41814fff41814fff41814fff41814fff41814fff41814fff41814fff41814fff41814fff41814fff41814fff41814fff41814fff41814fff41814fff41814fff41814fff41814fff41814fff41814fff41814fff41814fff41814f
#MRGB ff41814fff41814fff41814fff41814fff41814fff41814fff41814fff41814fff41814fff41814fff41814fff41814fff41814fff41814fff41814fff41814fff41814fff41814fff41814fff41814fff41814fff41814fff41814fff41814fff41814fff41814fff41814fff41814fff41814fff41814fff41814fff41814fff41814fff41814fff41814fff41814fff41814fff41814fff41814fff41814fff41814fff41814fff41814fff41814fff41814fff41814fff41814fff41814fff41814fff41814fff41814fff41814fff41814fff41814fff41814fff41814fff41814fff41814fff41814fff41814fff41814fff41814fff41814fff41814f
#MRGB ff41814fff41814fff41814fff41814fff41814fff41814fff41814fff41814fff41814fff41814fff41814fff41814fff41814fff41814fff41814fff41814fff41814fff41814fff41814fff41814fff41814fff41814fff41814fff41814fff41814fff41814fff41814fff41814fff41814fff41814fff41814fff41814fff41814fff41814fff41814fff41814fff41814fff41814fff41814fff41814fff41814fff41814fff41814fff41814fff41814fff41814fff41814fff41814fff41814fff41814fff41814fff41814fff41814fff41814fff41814fff41814fff41814fff41814fff41814fff41814fff41814fff41814fff41814fff41814f
#MRGB ff41814fff41814fff41814fff41814fff41814fff41814fff41814fff41814fff41814fff41814fff41814fff41814fff41814fff41814fff41814fff41814fff41814fff41814fff41814fff41814fff41814fff41814fff41814fff41814fff41814fff41814fff41814fff41814fff41814fff41814fff41814fff41814fff41814fff41814fff41814fff41814fff41814fff41814fff41814fff41814fff41814fff41814fff41814fff41814fff41814fff41814fff41814fff41814fff41814fff41814fff41814fff41814fff41814fff41814fff41814fff41814fff41814fff41814fff41814fff41814fff41814fff41814fff41814fff41814f
#MRGB ff41814fff41814fff41814fff41814fff41814fff41814fff41814fff41814fff41814fff41814fff41814fff41814fff41814fff41814fff41814fff41814fff41814fff41814fff41814fff41814fff41814fff41814fff41814fff41814fff41814fff41814fff41814fff41814fff41814fff41814fff41814fff41814fff41814fff41814fff41814fff41814fff41814fff41814fff41814fff41814fff41814fff41814fff41814fff41814fff41814fff41814fff41814fff41814fff41814fff41814fff41814fff41814fff41814fff41814fff41814fff41814fff41814fff41814fff41814fff41814fff41814fff41814fff41814fff41814f
#MRGB ff41814fff41814fff41814fff41814fff41814fff41814fff41814fff41814fff41814fff41814fff41814fff41814fff41814fff41814fff41814fff41814fff41814fff41814fff41814fff41814fff41814fff41814fff41814fff41814fff41814fff41814fff41814fff41814fff41814fff41814fff41814fff41814fff41814fff41814fff41814fff41814fff41814fff41814fff41814fff41814fff41814fff41814fff41814fff41814fff41814fff41814fff41814fff41814fff41814fff41814fff41814fff41814fff41814fff41814fff41814fff41814fff41814fff41814fff41814fff41814fff41814fff41814fff41814fff41814f
#MRGB ff41814fff41814fff41814fff41814fff41814fff41814fff41814fff41814fff41814fff41814fff41814fff41814fff41814fff41814fff41814fff41814fff41814fff41814fff41814fff41814fff41814fff41814fff41814fff41814fff41814fff41814fff41814fff41814fff41814fff41814fff41814fff41814fff41814fff41814fff41814fff41814fff41814fff41814fff41814fff41814fff41814fff41814fff41814fff41814fff41814fff41814fff41814fff41814fff41814fff41814fff41814fff41814fff41814fff41814fff41814fff41814fff41814fff41814fff41814fff41814fff41814fff41814fff41814fff41814f
#MRGB ff41814fff41814fff41814fff41814fff41814fff41814fff41814fff41814fff41814fff41814fff41814fff41814fff41814fff41814fff41814fff41814fff41814fff41814fff41814fff41814fff41814fff41814fff41814fff41814fff41814fff41814fff41814fff41814fff41814fff41814fff41814fff41814fff41814fff41814fff41814fff41814fff41814fff41814fff41814fff41814fff41814fff41814fff41814fff41814fff41814fff41814fff41814fff41814fff41814fff41814fff41814fff41814fff41814fff41814fff41814fff41814fff41814fff41814fff41814fff41814fff41814fff41814fff41814fff41814f
#MRGB ff41814fff41814fff41814fff41814fff41814fff41814fff41814fff41814fff41814fff41814fff41814fff41814fff41814fff41814fff41814fff41814fff41814fff41814fff41814fff41814fff41814fff41814fff41814fff41814fff41814fff41814fff41814fff41814fff41814fff41814fff41814fff41814fff41814fff41814fff41814fff41814fff41814fff41814fff41814fff41814fff41814fff41814fff41814fff41814fff41814fff41814fff41814fff41814fff41814fff41814fff41814fff41814fff41814fff41814fff41814fff41814fff41814fff41814fff41814fff41814fff41814fff41814fff41814fff41814f
#MRGB ff41814fff41814fff41814fff41814fff41814fff41814fff41814fff41814fff41814fff41814fff41814fff41814fff41814fff41814fff41814fff41814fff41814fff41814fff41814fff41814fff41814fff41814fff41814fff41814fff41814fff41814fff41814fff41814fff41814fff41814fff41814fff41814fff41814fff41814fff41814fff41814fff41814fff41814fff41814fff41814fff41814fff41814fff41814fff41814fff41814fff41814fff41814fff41814fff41814fff41814fff41814fff41814fff41814fff41814fff41814fff41814fff41814fff41814fff41814fff41814fff41814fff41814fff41814fff41814f
#MRGB ff41814fff41814fff41814fff41814fff41814fff41814fff41814fff41814fff41814fff41814fff41814fff41814fff41814fff41814fff41814fff41814fff41814fff41814fff41814fff41814fff41814fff41814fff41814fff41814fff41814fff41814fff41814fff41814fff41814fff41814fff41814fff41814fff41814fff41814fff41814fff41814fff41814fff41814fff41814fff41814fff41814fff41814fff41814fff41814fff41814fff41814fff41814fff41814fff41814fff41814fff41814fff41814fff41814fff41814fff41814fff41814fff41814fff41814fff41814fff41814fff41814fff41814fff41814fff41814f
#MRGB ff41814fff41814fff41814fff41814fff41814fff41814fff41814fff41814fff41814fff41814fff41814fff41814fff41814fff41814fff41814fff41814fff41814fff41814fff41814fff41814fff41814fff41814fff41814fff41814fff41814fff41814fff41814fff41814fff41814fff41814fff41814fff41814fff41814fff41814fff41814fff41814fff41814fff41814fff41814fff41814fff41814fff41814fff41814fff41814fff41814fff41814fff41814fff41814fff41814fff41814fff41814fff41814fff41814fff41814fff41814fff41814fff41814fff41814fff41814fff41814fff41814fff41814fff41814fff41814f
#MRGB ff41814fff41814fff41814fff41814fff41814fff41814fff41814fff41814fff41814fff41814fff41814fff41814fff41814fff41814fff41814fff41814fff41814fff41814fff41814fff41814fff41814fff41814fff41814fff41814fff41814fff41814fff41814fff41814fff41814fff41814fff41814fff41814fff41814fff41814fff41814fff41814fff41814fff41814fff41814fff41814fff41814fff41814fff41814fff41814fff41814fff41814fff41814fff41814fff41814fff41814fff41814fff41814fff41814fff41814fff41814fff41814fff41814fff41814fff41814fff41814fff41814fff41814fff41814fff41814f
#MRGB ff41814fff41814fff41814fff41814fff41814fff41814fff41814fff41814fff41814fff41814fff41814fff41814fff41814fff41814fff41814fff41814fff41814fff41814fff41814fff41814fff41814fff41814fff41814fff41814fff41814fff41814fff41814fff41814fff41814fff41814fff41814fff41814fff41814fff41814fff41814fff41814fff41814fff41814fff41814fff41814fff41814fff41814fff41814fff41814fff41814fff41814fff41814fff41814fff41814fff41814fff41814fff41814fff41814fff41814fff41814fff41814fff41814fff41814fff41814fff41814fff41814fff41814fff41814fff41814f
#MRGB ff41814fff41814fff41814fff41814fff41814fff41814fff41814fff41814fff41814fff41814fff41814fff41814fff41814fff41814fff41814fff41814fff41814fff41814fff41814fff41814fff41814fff41814fff41814fff41814fff41814fff41814fff41814fff41814fff41814fff41814fff41814fff41814fff41814fff41814fff41814fff41814fff41814fff41814fff41814fff41814fff41814fff41814fff41814fff41814fff41814fff41814fff41814fff41814fff41814fff41814fff41814fff41814fff41814fff41814fff41814fff41814fff41814fff41814fff41814fff41814fff41814fff41814fff41814fff41814f
#MRGB ff41814fff41814fff41814fff41814fff41814fff41814fff41814fff41814fff41814fff41814fff41814fff41814fff41814fff41814fff41814fff41814fff41814fff41814fff41814fff41814fff41814fff41814fff41814fff41814fff41814fff41814fff41814fff41814fff41814fff41814fff41814fff41814fff41814fff41814fff41814fff41814fff41814fff41814fff41814fff41814fff41814fff41814fff41814fff41814fff41814fff41814fff41814fff41814fff41814fff41814fff41814fff41814fff41814fff41814fff41814fff41814fff41814fff41814fff41814fff41814fff41814fff41814fff41814fff41814f
#MRGB ff41814fff41814fff41814fff41814fff41814fff41814fff41814fff41814fff41814fff41814fff41814fff41814fff41814fff41814fff41814fff41814fff41814fff41814fff41814fff41814fff41814fff41814fff41814fff41814fff41814fff41814fff41814fff41814fff41814fff41814fff41814fff41814fff41814fff41814fff41814fff41814fff41814fff41814fff41814fff41814fff41814fff41814fff41814fff41814fff41814fff41814fff41814fff41814fff41814fff41814fff41814fff41814fff41814fff41814fff41814fff41814fff41814fff41814fff41814fff41814fff41814fff41814fff41814fff41814f
#MRGB ff41814fff41814fff41814fff41814fff41814fff41814fff41814fff41814fff41814fff41814fff41814fff41814fff41814fff41814fff41814fff41814fff41814fff41814fff41814fff41814fff41814fff41814fff41814fff41814fff41814fff41814fff41814fff41814fff41814fff41814fff41814fff41814fff41814fff41814fff41814fff41814fff41814fff41814fff41814fff41814fff41814fff41814fff41814fff41814fff41814fff41814fff41814fff41814fff41814fff41814fff41814fff41814fff41814fff41814fff41814fff41814fff41814fff41814fff41814fff41814fff41814fff41814fff41814fff41814f
#MRGB ff41814fff41814fff41814fff41814fff41814fff41814fff41814fff41814fff41814fff41814fff41814fff41814fff41814fff41814fff41814fff41814fff41814fff41814fff41814fff41814fff41814fff41814fff41814fff41814fff41814fff41814fff41814fff41814fff41814fff41814fff41814fff41814fff41814fff41814fff41814fff41814fff41814fff41814fff41814fff41814fff41814fff41814fff41814fff41814fff41814fff41814fff41814fff41814fff41814fff41814fff41814fff41814fff41814fff41814fff41814fff41814fff41814fff41814fff41814fff41814fff41814fff41814fff41814fff41814f
#MRGB ff41814fff41814fff41814fff41814fff41814fff41814fff41814fff41814fff41814fff41814fff41814fff41814fff41814fff41814fff41814fff41814fff41814fff41814fff41814fff41814fff41814fff41814fff41814fff41814fff41814fff41814fff41814fff41814fff41814fff41814fff41814fff41814fff41814fff41814fff41814fff41814fff41814fff41814fff41814fff41814fff41814fff41814fff41814fff41814fff41814fff41814fff41814fff41814fff41814fff41814fff41814fff41814fff41814fff41814fff41814fff41814fff41814fff41814fff41814fff41814fff41814fff41814fff41814fff41814f
#MRGB ff41814fff41814fff41814fff41814fff41814fff41814fff41814fff41814fff41814fff41814fff41814fff41814fff41814fff41814fff41814fff41814fff41814fff41814fff41814fff41814fff41814fff41814fff41814fff41814fff41814fff41814fff41814fff41814fff41814fff41814fff41814fff41814fff41814fff41814fff41814fff41814fff41814fff41814fff41814fff41814fff41814fff41814fff41814fff41814fff41814fff41814fff41814fff41814fff41814fff41814fff41814fff41814fff41814fff41814fff41814fff41814fff41814fff41814fff41814fff41814fff41814fff41814fff41814fff41814f
#MRGB ff41814fff41814fff41814fff41814fff41814fff41814fff41814fff41814fff41814fff41814fff41814fff41814fff41814fff41814fff41814fff41814fff41814fff41814fff41814fff41814fff41814fff41814fff41814fff41814fff41814fff41814fff41814fff41814fff41814fff41814fff41814fff41814fff41814fff41814fff41814fff41814fff41814fff41814fff41814fff41814fff41814fff41814fff41814fff41814fff41814fff41814fff41814fff41814fff41814fff41814fff41814fff41814fff41814fff41814fff41814fff41814fff41814fff41814fff41814fff41814fff41814fff41814fff41814fff41814f
#MRGB ff41814fff41814fff41814fff41814fff41814fff41814fff41814fff41814fff41814fff41814fff41814fff41814fff41814fff41814fff41814fff41814fff41814fff41814fff41814fff41814fff41814fff41814fff41814fff41814fff41814fff41814fff41814fff41814fff41814fff41814fff41814fff41814fff41814fff41814fff41814fff41814fff41814fff41814fff41814fff41814fff41814fff41814fff41814fff41814fff41814fff41814fff41814fff41814fff41814fff41814fff41814fff41814fff41814fff41814fff41814fff41814fff41814fff41814fff41814fff41814fff41814fff41814fff41814fff41814f
#MRGB ff41814fff41814fff41814fff41814fff41814fff41814fff41814fff41814fff41814fff41814fff41814fff41814fff41814fff41814fff41814fff41814fff41814fff41814fff41814fff41814fff41814fff41814fff41814fff41814fff41814fff41814fff41814fff41814fff41814fff41814fff41814fff41814fff41814fff41814fff41814fff41814fff41814fff41814fff41814fff41814fff41814fff41814fff41814fff41814fff41814fff41814fff41814fff41814fff41814fff41814fff41814fff41814fff41814fff41814fff41814fff41814fff41814fff41814fff41814fff41814fff41814fff41814fff41814fff41814f
#MRGB ff41814fff41814fff41814fff41814fff41814fff41814fff41814fff41814fff41814fff41814fff41814fff41814fff41814fff41814fff41814fff41814fff41814fff41814fff41814fff41814fff41814fff41814fff41814fff41814fff41814fff41814fff41814fff41814fff41814fff41814fff41814fff41814fff41814fff41814fff41814fff41814fff41814fff41814fff41814fff41814fff41814fff41814fff41814fff41814fff41814fff41814fff41814fff41814fff41814fff41814fff41814fff41814fff41814fff41814fff41814fff41814fff41814fff41814fff41814fff41814fff41814fff41814fff41814fff41814f
#MRGB ff41814fff41814fff41814fff41814fff41814fff41814fff41814fff41814fff41814fff41814fff41814fff41814fff41814fff41814fff41814fff41814fff41814fff41814fff41814fff41814fff41814fff41814fff41814fff41814fff41814fff41814fff41814fff41814fff41814fff41814fff41814fff41814fff41814fff41814fff41814fff41814fff41814fff41814fff41814fff41814fff41814fff41814fff41814fff41814fff41814fff41814fff41814fff41814fff41814fff41814fff41814fff41814fff41814fff41814fff41814fff41814fff41814fff41814fff41814fff41814fff41814fff41814fff41814fff41814f
#MRGB ff41814fff41814fff41814fff41814fff41814fff41814fff41814fff41814fff41814fff41814fff41814fff41814fff41814fff41814fff41814fff41814fff41814fff41814fff41814fff41814fff41814fff41814fff41814fff41814fff41814fff41814fff41814fff41814fff41814fff41814fff41814fff41814fff41814fff41814fff41814fff41814fff41814fff41814fff41814fff41814fff41814fff41814fff41814fff41814fff41814fff41814fff41814fff41814fff41814fff41814fff41814fff41814fff41814fff41814fff41814fff41814fff41814fff41814fff41814fff41814fff41814fff41814fff41814fff41814f
#MRGB ff41814fff41814fff41814fff41814fff41814fff41814fff41814fff41814fff41814fff41814fff41814fff41814fff41814fff41814fff41814fff41814fff41814fff41814fff41814fff41814fff41814fff41814fff41814fff41814fff41814fff41814fff41814fff41814fff41814fff41814fff41814fff41814fff41814fff41814fff41814fff41814fff41814fff41814fff41814fff41814fff41814fff41814fff41814fff41814fff41814fff41814fff41814fff41814fff41814fff41814fff41814fff41814fff41814fff41814fff41814fff41814fff41814fff41814fff41814fff41814fff41814fff41814fff41814fff41814f
#MRGB ff41814fff41814fff41814fff41814fff41814fff41814fff41814fff41814fff41814fff41814fff41814fff41814fff41814fff41814fff41814fff41814fff41814fff41814fff41814fff41814fff41814fff41814fff41814fff41814fff41814fff41814fff41814fff41814fff41814fff41814fff41814fff41814fff41814fff41814fff41814fff41814fff41814fff41814fff41814fff41814fff41814fff41814fff41814fff41814fff41814fff41814fff41814fff41814fff41814fff41814fff41814fff41814fff41814fff41814fff41814fff41814fff41814fff41814fff41814fff41814fff41814fff41814fff41814fff41814f
#MRGB ff41814fff41814fff41814fff41814fff41814fff41814fff41814fff41814fff41814fff41814fff41814fff41814fff41814fff41814fff41814fff41814fff41814fff41814fff41814fff41814fff41814fff41814fff41814fff41814fff41814fff41814fff41814fff41814fff41814fff41814fff41814fff41814fff41814fff41814fff41814fff41814fff41814fff41814fff41814fff41814fff41814fff41814fff41814fff41814fff41814fff41814fff41814fff41814fff41814fff41814fff41814fff41814fff41814fff41814fff41814fff41814fff41814fff41814fff41814fff41814fff41814fff41814fff41814fff41814f
#MRGB ff41814fff41814fff41814fff41814fff41814fff41814fff41814fff41814fff41814fff41814fff41814fff41814fff41814fff41814fff41814fff41814fff41814fff41814fff41814fff41814fff41814fff41814fff41814fff41814fff41814fff41814fff41814fff41814fff41814fff41814fff41814fff41814fff41814fff41814fff41814fff41814fff41814fff41814fff41814fff41814fff41814fff41814fff41814fff41814fff41814fff41814fff41814fff41814fff41814fff41814fff41814fff41814fff41814fff41814fff41814fff41814fff41814fff41814fff41814fff41814fff41814fff41814fff41814fff41814f
#MRGB ff41814fff41814fff41814fff41814fff41814fff41814fff41814fff41814fff41814fff41814fff41814fff41814fff41814fff41814fff41814fff41814fff41814fff41814fff41814fff41814fff41814fff41814fff41814fff41814fff41814fff41814fff41814fff41814fff41814fff41814fff41814fff41814fff41814fff41814fff41814fff41814fff41814fff41814fff41814fff41814fff41814fff41814fff41814fff41814fff41814fff41814fff41814fff41814fff41814fff41814fff41814fff41814fff41814fff41814fff41814fff41814fff41814fff41814fff41814fff41814fff41814fff41814fff41814fff41814f
#MRGB ff41814fff41814fff41814fff41814fff41814fff41814fff41814fff41814fff41814fff41814fff41814fff41814fff41814fff41814fff41814fff41814fff41814fff41814fff41814fff41814fff41814fff41814fff41814fff41814fff41814fff41814fff41814fff41814fff41814fff41814fff41814fff41814fff41814fff41814fff41814fff41814fff41814fff41814fff41814fff41814fff41814fff41814fff41814fff41814fff41814fff41814fff41814fff41814fff41814fff41814fff41814fff41814fff41814fff41814fff41814fff41814fff41814fff41814fff41814fff41814fff41814fff41814fff41814fff41814f
#MRGB ff41814fff41814fff41814fff41814fff41814fff41814fff41814fff41814fff41814fff41814fff41814fff41814fff41814fff41814fff41814fff41814fff41814fff41814fff41814fff41814fff41814fff41814fff41814fff41814fff41814fff41814fff41814fff41814fff41814fff41814fff41814fff41814fff41814fff41814fff41814fff41814fff41814fff41814fff41814fff41814fff41814fff41814fff41814fff41814fff41814fff41814fff41814fff41814fff41814fff41814fff41814fff41814fff41814fff41814fff41814fff41814fff41814fff41814fff41814fff41814fff41814fff41814fff41814fff41814f
#MRGB ff41814fff41814fff41814fff41814fff41814fff41814fff41814fff41814fff41814fff41814fff41814fff41814fff41814fff41814fff41814fff41814fff41814fff41814fff41814fff41814fff41814fff41814fff41814fff41814fff41814fff41814fff41814fff41814fff41814fff41814fff41814fff41814fff41814fff41814fff41814fff41814fff41814fff41814fff41814fff41814fff41814fff41814fff41814fff41814fff41814fff41814fff41814fff41814fff41814fff41814fff41814fff41814fff41814fff41814fff41814fff41814fff41814fff41814fff41814fff41814fff41814fff41814fff41814fff41814f
#MRGB ff41814fff41814fff41814fff41814fff41814fff41814fff41814fff41814fff41814fff41814fff41814fff41814fff41814fff41814fff41814fff41814fff41814fff41814fff41814fff41814fff41814fff41814fff41814fff41814fff41814fff41814fff41814fff41814fff41814fff41814fff41814fff41814fff41814fff41814fff41814fff41814fff41814fff41814fff41814fff41814fff41814fff41814fff41814fff41814fff41814fff41814fff41814fff41814fff41814fff41814fff41814fff41814fff41814fff41814fff41814fff41814fff41814fff41814fff41814fff41814fff41814fff41814fff41814fff41814f
#MRGB ff41814fff41814fff41814fff41814fff41814fff41814fff41814fff41814fff41814fff41814fff41814fff41814fff41814fff41814fff41814fff41814fff41814fff41814fff41814fff41814fff41814fff41814fff41814fff41814fff41814fff41814fff41814fff41814fff41814fff41814fff41814fff41814fff41814fff41814fff41814fff41814fff41814fff41814fff41814fff41814fff41814fff41814fff41814fff41814fff41814fff41814fff41814fff41814fff41814fff41814fff41814fff41814fff41814fff41814fff41814fff41814fff41814fff41814fff41814fff41814fff41814fff41814fff41814fff41814f
#MRGB ff41814fff41814fff41814fff41814fff41814fff41814fff41814fff41814fff41814fff41814fff41814fff41814fff41814fff41814fff41814fff41814fff41814fff41814fff41814fff41814fff41814fff41814fff41814fff41814fff41814fff41814fff41814fff41814fff41814fff41814fff41814fff41814fff41814fff41814fff41814fff41814fff41814fff41814fff41814fff41814fff41814fff41814fff41814fff41814fff41814fff41814fff41814fff41814fff41814fff41814fff41814fff41814fff41814fff41814fff41814fff41814fff41814fff41814fff41814fff41814fff41814fff41814fff41814fff41814f
#MRGB ff41814fff41814fff41814fff41814fff41814fff41814fff41814fff41814fff41814fff41814fff41814fff41814fff41814fff41814fff41814fff41814fff41814fff41814fff41814fff41814fff41814fff41814fff41814fff41814fff41814fff41814fff41814fff41814fff41814fff41814fff41814fff41814fff41814fff41814fff41814fff41814fff41814fff41814fff41814fff41814fff41814fff41814fff41814fff41814fff41814fff41814fff41814fff41814fff41814fff41814fff41814fff41814fff41814fff41814fff41814fff41814fff41814fff41814fff41814fff41814fff41814fff41814fff41814fff41814f
#MRGB ff41814fff41814fff41814fff41814fff41814fff41814fff41814fff41814fff41814fff41814fff41814fff41814fff41814fff41814fff41814fff41814fff41814fff41814fff41814fff41814fff41814fff41814fff41814fff41814fff41814fff41814fff41814fff41814fff41814fff41814fff41814fff41814fff41814fff41814fff41814fff41814fff41814fff41814fff41814fff41814fff41814fff41814fff41814fff41814fff41814fff41814fff41814fff41814fff41814fff41814fff41814fff41814fff41814fff41814fff41814fff41814fff41814fff41814fff41814fff41814fff41814fff41814fff41814fff41814f
#MRGB ff41814fff41814fff41814fff41814fff41814fff41814fff41814fff41814fff41814fff41814fff41814fff41814fff41814fff41814fff41814fff41814fff41814fff41814fff41814fff41814fff41814fff41814fff41814fff41814fff41814fff41814fff41814fff41814fff41814fff41814fff41814fff41814fff41814fff41814fff41814fff41814fff41814fff41814fff41814fff41814fff41814fff41814fff41814fff41814fff41814fff41814fff41814fff41814fff41814fff41814fff41814fff41814fff41814fff41814fff41814fff41814fff41814fff41814fff41814fff41814fff41814fff41814fff41814fff41814f
#MRGB ff41814fff41814fff41814fff41814fff41814fff41814fff41814fff41814fff41814fff41814fff41814fff41814fff41814fff41814fff41814fff41814fff41814fff41814fff41814fff41814fff41814fff41814fff41814fff41814fff41814fff41814fff41814fff41814fff41814fff41814fff41814fff41814fff41814fff41814fff41814fff41814fff41814fff41814fff41814fff41814fff41814fff41814fff41814fff41814fff41814fff41814fff41814fff41814fff41814fff41814fff41814fff41814fff41814fff41814fff41814fff41814fff41814fff41814fff41814fff41814fff41814fff41814fff41814fff41814f
#MRGB ff41814fff41814fff41814fff41814fff41814fff41814fff41814fff41814fff41814fff41814fff41814fff41814fff41814fff41814fff41814fff41814fff41814fff41814fff41814fff41814fff41814fff41814fff41814fff41814fff41814fff41814fff41814fff41814fff41814fff41814fff41814fff41814fff41814fff41814fff41814fff41814fff41814fff41814fff41814fff41814fff41814fff41814fff41814fff41814fff41814fff41814fff41814fff41814fff41814fff41814fff41814fff41814fff41814fff41814fff41814fff41814fff41814fff41814fff41814fff41814fff41814fff41814fff41814fff41814f
#MRGB ff41814fff41814fff41814fff41814fff41814fff41814fff41814fff41814fff41814fff41814fff41814fff41814fff41814fff41814fff41814fff41814fff41814fff41814fff41814fff41814fff41814fff41814fff41814fff41814fff41814fff41814fff41814fff41814fff41814fff41814fff41814fff41814fff41814fff41814fff41814fff41814fff41814fff41814fff41814fff41814fff41814fff41814fff41814fff41814fff41814fff41814fff41814fff41814fff41814fff41814fff41814fff41814fff41814fff41814fff41814fff41814fff41814fff41814fff41814fff41814fff41814fff41814fff41814fff41814f
#MRGB ff41814fff41814fff41814fff41814fff41814fff41814fff41814fff41814fff41814fff41814fff41814fff41814fff41814fff41814fff41814fff41814fff41814fff41814fff41814fff41814fff41814fff41814fff41814fff41814fff41814fff41814fff41814fff41814fff41814fff41814fff41814fff41814fff41814fff41814fff41814fff41814fff41814fff41814fff41814fff41814fff41814fff41814fff41814fff41814fff41814fff41814fff41814fff41814fff41814fff41814fff41814fff41814fff41814fff41814fff41814fff41814fff41814fff41814fff41814fff41814fff41814fff41814fff41814fff41814f
#MRGB ff41814fff41814fff41814fff41814fff41814fff41814fff41814fff41814fff41814fff41814fff41814fff41814fff41814fff41814fff41814fff41814fff41814fff41814fff41814fff41814fff41814fff41814fff41814fff41814fff41814fff41814fff41814fff41814fff41814fff41814fff41814fff41814fff41814fff41814fff41814fff41814fff41814fff41814fff41814fff41814fff41814fff41814fff41814fff41814fff41814fff41814fff41814fff41814fff41814fff41814fff41814fff41814fff41814fff41814fff41814fff41814fff41814fff41814fff41814fff41814fff41814fff41814fff41814fff41814f
#MRGB ff41814fff41814fff41814fff41814fff41814fff41814fff41814fff41814fff41814fff41814fff41814fff41814fff41814fff41814fff41814fff41814fff41814fff41814fff41814fff41814fff41814fff41814fff41814fff41814fff41814fff41814fff41814fff41814fff41814fff41814fff41814fff41814fff41814fff41814fff41814fff41814fff41814fff41814fff41814fff41814fff41814fff41814fff41814fff41814fff41814fff41814fff41814fff41814fff41814fff41814fff41814fff41814fff41814fff41814fff41814fff41814fff41814fff41814fff41814fff41814fff41814fff41814fff41814fff41814f
#MRGB ff41814fff41814fff41814fff41814fff41814fff41814fff41814fff41814fff41814fff41814fff41814fff41814fff41814fff41814fff41814fff41814fff41814fff41814fff41814fff41814fff41814fff41814fff41814fff41814fff41814fff41814fff41814fff41814fff41814fff41814fff41814fff41814fff41814fff41814fff41814fff41814fff41814fff41814fff41814fff41814fff41814fff41814fff41814fff41814fff41814fff41814fff41814fff41814fff41814fff41814fff41814fff41814fff41814fff41814fff41814fff41814fff41814fff41814fff41814fff41814fff41814fff41814fff41814fff41814f
#MRGB ff41814fff41814fff41814fff41814fff41814fff41814fff41814fff41814fff41814fff41814fff41814fff41814fff41814fff41814fff41814fff41814fff41814fff41814fff41814fff41814fff41814fff41814fff41814fff41814fff41814fff41814fff41814fff41814fff41814fff41814fff41814fff41814fff41814fff41814fff41814fff41814fff41814fff41814fff41814fff41814fff41814fff41814fff41814fff41814fff41814fff41814fff41814fff41814fff41814fff41814fff41814fff41814fff41814fff41814fff41814fff41814fff41814fff41814fff41814fff41814fff41814fff41814fff41814fff41814f
#MRGB ff41814fff41814fff41814fff41814fff41814fff41814fff41814fff41814fff41814fff41814fff41814fff41814fff41814fff41814fff41814fff41814fff41814fff41814fff41814fff41814fff41814fff41814fff41814fff41814fff41814fff41814fff41814fff41814fff41814fff41814fff41814fff41814fff41814fff41814fff41814fff41814fff41814fff41814fff41814fff41814fff41814fff41814fff41814fff41814fff41814fff41814fff41814fff41814fff41814fff41814fff41814fff41814fff41814fff41814fff41814fff41814fff41814fff41814fff41814fff41814fff41814fff41814fff41814fff41814f
#MRGB ff41814fff41814fff41814fff41814fff41814fff41814fff41814fff41814fff41814fff41814fff41814fff41814fff41814fff41814fff41814fff41814fff41814fff41814fff41814fff41814fff41814fff41814fff41814fff41814fff41814fff41814fff41814fff41814fff41814fff41814fff41814fff41814fff41814fff41814fff41814fff41814fff41814fff41814fff41814fff41814fff41814fff41814fff41814fff41814fff41814fff41814fff41814fff41814fff41814fff41814fff41814fff41814fff41814fff41814fff41814fff41814fff41814fff41814fff41814fff41814fff41814fff41814fff41814fff41814f
#MRGB ff41814fff41814fff41814fff41814fff41814fff41814fff41814fff41814fff41814fff41814fff41814fff41814fff41814fff41814fff41814fff41814fff41814fff41814fff41814fff41814fff41814fff41814fff41814fff41814fff41814fff41814fff41814fff41814fff41814fff41814fff41814fff41814fff41814fff41814fff41814fff41814fff41814fff41814fff41814fff41814fff41814fff41814fff41814fff41814fff41814fff41814fff41814fff41814fff41814fff41814fff41814fff41814fff41814fff41814fff41814fff41814fff41814fff41814fff41814fff41814fff41814fff41814fff41814fff41814f
#MRGB ff41814fff41814fff41814fff41814fff41814fff41814fff41814fff41814fff41814fff41814fff41814fff41814fff41814fff41814fff41814fff41814fff41814fff41814fff41814fff41814fff41814fff41814fff41814fff41814fff41814fff41814fff41814fff41814fff41814fff41814fff41814fff41814fff41814fff41814fff41814fff41814fff41814fff41814fff41814fff41814fff41814fff41814fff41814fff41814fff41814fff41814fff41814fff41814fff41814fff41814fff41814fff41814fff41814fff41814fff41814fff41814fff41814fff41814fff41814fff41814fff41814fff41814fff41814fff41814f
#MRGB ff41814fff41814fff41814fff41814fff41814fff41814fff41814fff41814fff41814fff41814fff41814fff41814fff41814fff41814fff41814fff41814fff41814fff41814fff41814fff41814fff41814fff41814fff41814fff41814fff41814fff41814fff41814fff41814fff41814fff41814fff41814fff41814fff41814fff41814fff41814fff41814fff41814fff41814fff41814fff41814fff41814fff41814fff41814fff41814fff41814fff41814fff41814fff41814fff41814fff41814fff41814fff41814fff41814fff41814fff41814fff41814fff41814fff41814fff41814fff41814fff41814fff41814fff41814fff41814f
#MRGB ff41814fff41814fff41814fff41814fff41814fff41814fff41814fff41814fff41814fff41814fff41814fff41814fff41814fff41814fff41814fff41814fff41814fff41814fff41814fff41814fff41814fff41814fff41814fff41814fff41814fff41814fff41814fff41814fff41814fff41814fff41814fff41814fff41814fff41814fff41814fff41814fff41814fff41814fff41814fff41814fff41814fff41814fff41814fff41814fff41814fff41814fff41814fff41814fff41814fff41814fff41814fff41814fff41814fff41814fff41814fff41814fff41814fff41814fff41814fff41814fff41814fff41814fff41814fff41814f
#MRGB ff41814fff41814fff41814fff41814fff41814fff41814fff41814fff41814fff41814fff41814fff41814fff41814fff41814fff41814fff41814fff41814fff41814fff41814fff41814fff41814fff41814fff41814fff41814fff41814fff41814fff41814fff41814fff41814fff41814fff41814fff41814fff41814fff41814fff41814fff41814fff41814fff41814fff41814fff41814fff41814fff41814fff41814fff41814fff41814fff41814fff41814fff41814fff41814fff41814fff41814fff41814fff41814fff41814fff41814fff41814fff41814fff41814fff41814fff41814fff41814fff41814fff41814fff41814fff41814f
#MRGB ff41814fff41814fff41814fff41814fff41814fff41814fff41814fff41814fff41814fff41814fff41814fff41814fff41814fff41814fff41814fff41814fff41814fff41814fff41814fff41814fff41814fff41814fff41814fff41814fff41814fff41814fff41814fff41814fff41814fff41814fff41814fff41814fff41814fff41814fff41814fff41814fff41814fff41814fff41814fff41814fff41814fff41814fff41814fff41814fff41814fff41814fff41814fff41814fff41814fff41814fff41814fff41814fff41814fff41814fff41814fff41814fff41814fff41814fff41814fff41814fff41814fff41814fff41814fff41814f
#MRGB ff41814fff41814fff41814fff41814fff41814fff41814fff41814fff41814fff41814fff41814fff41814fff41814fff41814fff41814fff41814fff41814fff41814fff41814fff41814fff41814fff41814fff41814fff41814fff41814fff41814fff41814fff41814fff41814fff41814fff41814fff41814fff41814fff41814fff41814fff41814fff41814fff41814fff41814fff41814fff41814fff41814fff41814fff41814fff41814fff41814fff41814fff41814fff41814fff41814fff41814fff41814fff41814fff41814fff41814fff41814fff41814fff41814fff41814fff41814fff41814fff41814fff41814fff41814fff41814f
#MRGB ff41814fff41814fff41814fff41814fff41814fff41814fff41814fff41814fff41814fff41814fff41814fff41814fff41814fff41814fff41814fff41814fff41814fff41814fff41814fff41814fff41814fff41814fff41814fff41814fff41814fff41814fff41814fff41814fff41814fff41814fff41814fff41814fff41814fff41814fff41814fff41814fff41814fff41814fff41814fff41814fff41814fff41814fff41814fff41814fff41814fff41814fff41814fff41814fff41814fff41814fff41814fff41814fff41814fff41814fff41814fff41814fff41814fff41814fff41814fff41814fff41814fff41814fff41814fff41814f
#MRGB ff41814fff41814fff41814fff41814fff41814fff41814fff41814fff41814fff41814fff41814fff41814fff41814fff41814fff41814fff41814fff41814fff41814fff41814fff41814fff41814fff41814fff41814fff41814fff41814fff41814fff41814fff41814fff41814fff41814fff41814fff41814fff41814fff41814fff41814fff41814fff41814fff41814fff41814fff41814fff41814fff41814fff41814fff41814fff41814fff41814fff41814fff41814fff41814fff41814fff41814fff41814fff41814fff41814fff41814fff41814fff41814fff41814fff41814fff41814fff41814fff41814fff41814fff41814fff41814f
#MRGB ff41814fff41814fff41814fff41814fff41814fff41814fff41814fff41814fff41814fff41814fff41814fff41814fff41814fff41814fff41814fff41814fff41814fff41814fff41814fff41814fff41814fff41814fff41814fff41814fff41814fff41814fff41814fff41814fff41814fff41814fff41814fff41814fff41814fff41814fff41814fff41814fff41814fff41814fff41814fff41814fff41814fff41814fff41814fff41814fff41814fff41814fff41814fff41814fff41814fff41814fff41814fff41814fff41814fff41814fff41814fff41814fff41814fff41814fff41814fff41814fff41814fff41814fff41814fff41814f
#MRGB ff41814fff41814fff41814fff41814fff41814fff41814fff41814fff41814fff41814fff41814fff41814fff41814fff41814fff41814fff41814fff41814fff41814fff41814fff41814fff41814fff41814fff41814fff41814fff41814fff41814fff41814fff41814fff41814fff41814fff41814fff41814fff41814fff41814fff41814fff41814fff41814fff41814fff41814fff41814fff41814fff41814fff41814fff41814fff41814fff41814fff41814fff41814fff41814fff41814fff41814fff41814fff41814fff41814fff41814fff41814fff41814fff41814fff41814fff41814fff41814fff41814fff41814fff41814fff41814f
#MRGB ff41814fff41814fff41814fff41814fff41814fff41814fff41814fff41814fff41814fff41814fff41814fff41814fff41814fff41814fff41814fff41814fff41814fff41814fff41814fff41814fff41814fff41814fff41814fff41814fff41814fff41814fff41814fff41814fff41814fff41814fff41814fff41814fff41814fff41814fff41814fff41814fff41814fff41814fff41814fff41814fff41814fff41814fff41814fff41814fff41814fff41814fff41814fff41814fff41814fff41814fff41814fff41814fff41814fff41814fff41814fff41814fff41814fff41814fff41814fff41814fff41814fff41814fff41814fff41814f
#MRGB ff41814fff41814fff41814fff41814fff41814fff41814fff41814fff41814fff41814fff41814fff41814fff41814fff41814fff41814fff41814fff41814fff41814fff41814fff41814fff41814fff41814fff41814fff41814fff41814fff41814fff41814fff41814fff41814fff41814fff41814fff41814fff41814fff41814fff41814fff41814fff41814fff41814fff41814fff41814fff41814fff41814fff41814fff41814fff41814fff41814fff41814fff41814fff41814fff41814fff41814fff41814fff41814fff41814fff41814fff41814fff41814fff41814fff41814fff41814fff41814fff41814fff41814fff41814fff41814f
#MRGB ff41814fff41814fff41814fff41814fff41814fff41814fff41814fff41814fff41814fff41814fff41814fff41814fff41814fff41814fff41814fff41814fff41814fff41814fff41814fff41814fff41814fff41814fff41814fff41814fff41814fff41814fff41814fff41814fff41814fff41814fff41814fff41814fff41814fff41814fff41814fff41814fff41814fff41814fff41814fff41814fff41814fff41814fff41814fff41814fff41814fff41814fff41814fff41814fff41814fff41814fff41814fff41814fff41814fff41814fff41814fff41814fff41814fff41814fff41814fff41814fff41814fff41814fff41814fff41814f
#MRGB ff41814fff41814fff41814fff41814fff41814fff41814fff41814fff41814fff41814fff41814fff41814fff41814fff41814fff41814fff41814fff41814fff41814fff41814fff41814fff41814fff41814fff41814fff41814fff41814fff41814fff41814fff41814fff41814fff41814fff41814fff41814fff41814fff41814fff41814fff41814fff41814fff41814fff41814fff41814fff41814fff41814fff41814fff41814fff41814fff41814fff41814fff41814fff41814fff41814fff41814fff41814fff41814fff41814fff41814fff41814fff41814fff41814fff41814fff41814fff41814fff41814fff41814fff41814fff41814f
#MRGB ff41814fff41814fff41814fff41814fff41814fff41814fff41814fff41814fff41814fff41814fff41814fff41814fff41814fff41814fff41814fff41814fff41814fff41814fff41814fff41814fff41814fff41814fff41814fff41814fff41814fff41814fff41814fff41814fff41814fff41814fff41814fff41814fff41814fff41814fff41814fff41814fff41814fff41814fff41814fff41814fff41814fff41814fff41814fff41814fff41814fff41814fff41814fff41814fff41814fff41814fff41814fff41814fff41814fff41814fff41814fff41814fff41814fff41814fff41814fff41814fff41814fff41814fff41814fff41814f
#MRGB ff41814fff41814fff41814fff41814fff41814fff41814fff41814fff41814fff41814fff41814fff41814fff41814fff41814fff41814fff41814fff41814fff41814fff41814fff41814fff41814fff41814fff41814fff41814fff41814fff41814fff41814fff41814fff41814fff41814fff41814fff41814fff41814fff41814fff41814fff41814fff41814fff41814fff41814fff41814fff41814fff41814fff41814fff41814fff41814fff41814fff41814fff41814fff41814fff41814fff41814fff41814fff41814fff41814fff41814fff41814fff41814fff41814fff41814fff41814fff41814fff41814fff41814fff41814fff41814f
#MRGB ff41814fff41814fff41814fff41814fff41814fff41814fff41814fff41814fff41814fff41814fff41814fff41814fff41814fff41814fff41814fff41814fff41814fff41814fff41814fff41814fff41814fff41814fff41814fff41814fff41814fff41814fff41814fff41814fff41814fff41814fff41814fff41814fff41814fff41814fff41814fff41814fff41814fff41814fff41814fff41814fff41814fff41814fff41814fff41814fff41814fff41814fff41814fff41814fff41814fff41814fff41814fff41814fff41814fff41814fff41814fff41814fff41814fff41814fff41814fff41814fff41814fff41814fff41814fff41814f
#MRGB ff41814fff41814fff41814fff41814fff41814fff41814fff41814fff41814fff41814fff41814fff41814fff41814fff41814fff41814fff41814fff41814fff41814fff41814fff41814fff41814fff41814fff41814fff41814fff41814fff41814fff41814fff41814fff41814fff41814fff41814fff41814fff41814fff41814fff41814fff41814fff41814fff41814fff41814fff41814fff41814fff41814fff41814fff41814fff41814fff41814fff41814fff41814fff41814fff41814fff41814fff41814fff41814fff41814fff41814fff41814fff41814fff41814fff41814fff41814fff41814fff41814fff41814fff41814fff41814f
#MRGB ff41814fff41814fff41814fff41814fff41814fff41814fff41814fff41814fff41814fff41814fff41814fff41814fff41814fff41814fff41814fff41814fff41814fff41814fff41814fff41814fff41814fff41814fff41814fff41814fff41814fff41814fff41814fff41814fff41814fff41814fff41814fff41814fff41814fff41814fff41814fff41814fff41814fff41814fff41814fff41814fff41814fff41814fff41814fff41814fff41814fff41814fff41814fff41814fff41814fff41814fff41814fff41814fff41814fff41814fff41814fff41814fff41814fff41814fff41814fff41814fff41814fff41814fff41814fff41814f
#MRGB ff41814fff41814fff41814fff41814fff41814fff41814fff41814fff41814fff41814fff41814fff41814fff41814fff41814fff41814fff41814fff41814fff41814fff41814fff41814fff41814fff41814fff41814fff41814fff41814fff41814fff41814fff41814fff41814fff41814fff41814fff41814fff41814fff41814fff41814fff41814fff41814fff41814fff41814fff41814fff41814fff41814fff41814fff41814fff41814fff41814fff41814fff41814fff41814fff41814fff41814fff41814fff41814fff41814fff41814fff41814fff41814fff41814fff41814fff41814fff41814fff41814fff41814fff41814fff41814f
#MRGB ff41814fff41814fff41814fff41814fff41814fff41814fff41814fff41814fff41814fff41814fff41814fff41814fff41814fff41814fff41814fff41814fff41814fff41814fff41814fff41814fff41814fff41814fff41814fff41814fff41814fff41814fff41814fff41814fff41814fff41814fff41814fff41814fff41814fff41814fff41814fff41814fff41814fff41814fff41814fff41814fff41814fff41814fff41814fff41814fff41814fff41814fff41814fff41814fff41814fff41814fff41814fff41814fff41814fff41814fff41814fff41814fff41814fff41814fff41814fff41814fff41814fff41814fff41814fff41814f
#MRGB ff41814fff41814fff41814fff41814fff41814fff41814fff41814fff41814fff41814fff41814fff41814fff41814fff41814fff41814fff41814fff41814fff41814fff41814fff41814fff41814fff41814fff41814fff41814fff41814fff41814fff41814fff41814fff41814fff41814fff41814fff41814fff41814fff41814fff41814fff41814fff41814fff41814fff41814fff41814fff41814fff41814fff41814fff41814fff41814fff41814fff41814fff41814fff41814fff41814fff41814fff41814fff41814fff41814fff41814fff41814fff41814fff41814fff41814fff41814fff41814fff41814fff41814fff41814fff41814f
#MRGB ff41814fff41814fff41814fff41814fff41814fff41814fff41814fff41814fff41814fff41814fff41814fff41814fff41814fff41814fff41814fff41814fff41814fff41814fff41814fff41814fff41814fff41814fff41814fff41814fff41814fff41814fff41814fff41814fff41814fff41814fff41814fff41814fff41814fff41814fff41814fff41814fff41814fff41814fff41814fff41814fff41814fff41814fff41814fff41814fff41814fff41814fff41814fff41814fff41814fff41814fff41814fff41814fff41814fff41814fff41814fff41814fff41814fff41814fff41814fff41814fff41814fff41814fff41814fff41814f
#MRGB ff41814fff41814fff41814fff41814fff41814fff41814fff41814fff41814fff41814fff41814fff41814fff41814fff41814fff41814fff41814fff41814fff41814fff41814fff41814fff41814fff41814fff41814fff41814fff41814fff41814fff41814fff41814fff41814fff41814fff41814fff41814fff41814fff41814fff41814fff41814fff41814fff41814fff41814fff41814fff41814fff41814fff41814fff41814fff41814fff41814fff41814fff41814fff41814fff41814fff41814fff41814fff41814fff41814fff41814fff41814fff41814fff41814fff41814fff41814fff41814fff41814fff41814fff41814fff41814f
#MRGB ff41814fff41814fff41814fff41814fff41814fff41814fff41814fff41814fff41814fff41814fff41814fff41814fff41814fff41814fff41814fff41814fff41814fff41814fff41814fff41814fff41814fff41814fff41814fff41814fff41814fff41814fff41814fff41814fff41814fff41814fff41814fff41814fff41814fff41814fff41814fff41814fff41814fff41814fff41814fff41814fff41814fff41814fff41814fff41814fff41814fff41814fff41814fff41814fff41814fff41814fff41814fff41814fff41814fff41814fff41814fff41814fff41814fff41814fff41814fff41814fff41814fff41814fff41814fff41814f
#MRGB ff41814fff41814fff41814fff41814fff41814fff41814fff41814fff41814fff41814fff41814fff41814fff41814fff41814fff41814fff41814fff41814fff41814fff41814fff41814fff41814fff41814fff41814fff41814fff41814fff41814fff41814fff41814fff41814fff41814fff41814fff41814fff41814fff41814fff41814fff41814fff41814fff41814fff41814fff41814fff41814fff41814fff41814fff41814fff41814fff41814fff41814fff41814fff41814fff41814fff41814fff41814fff41814fff41814fff41814fff41814fff41814fff41814fff41814fff41814fff41814fff41814fff41814fff41814fff41814f
#MRGB ff41814fff41814fff41814fff41814fff41814fff41814fff41814fff41814fff41814fff41814fff41814fff41814fff41814fff41814fff41814fff41814fff41814fff41814fff41814fff41814fff41814fff41814fff41814fff41814fff41814fff41814fff41814fff41814fff41814fff41814fff41814fff41814fff41814fff41814fff41814fff41814fff41814fff41814fff41814fff41814fff41814fff41814fff41814fff41814fff41814fff41814fff41814fff41814fff41814fff41814fff41814fff41814fff41814fff41814fff41814fff41814fff41814fff41814fff41814fff41814fff41814fff41814fff41814fff41814f
#MRGB ff41814fff41814fff41814fff41814fff41814fff41814fff41814fff41814fff41814fff41814fff41814fff41814fff41814fff41814fff41814fff41814fff41814fff41814fff41814fff41814fff41814fff41814fff41814fff41814fff41814fff41814fff41814fff41814fff41814fff41814fff41814fff41814fff41814fff41814fff41814fff41814fff41814fff41814fff41814fff41814fff41814fff41814fff41814fff41814fff41814fff41814fff41814fff41814fff41814fff41814fff41814fff41814fff41814fff41814fff41814fff41814fff41814fff41814fff41814fff41814fff41814fff41814fff41814fff41814f
#MRGB ff41814fff41814fff41814fff41814fff41814fff41814fff41814fff41814fff41814fff41814fff41814fff41814fff41814fff41814fff41814fff41814fff41814fff41814fff41814fff41814fff41814fff41814fff41814fff41814fff41814fff41814fff41814fff41814fff41814fff41814fff41814fff41814fff41814fff41814fff41814fff41814fff41814fff41814fff41814fff41814fff41814fff41814fff41814fff41814fff41814fff41814fff41814fff41814fff41814fff41814fff41814fff41814fff41814fff41814fff41814fff41814fff41814fff41814fff41814fff41814fff41814fff41814fff41814fff41814f
#MRGB ff41814fff41814fff41814fff41814fff41814fff41814fff41814fff41814fff41814fff41814fff41814fff41814fff41814fff41814fff41814fff41814fff41814fff41814fff41814fff41814fff41814fff41814fff41814fff41814fff41814fff41814fff41814fff41814fff41814fff41814fff41814fff41814fff41814fff41814fff41814fff41814fff41814fff41814fff41814fff41814fff41814fff41814fff41814fff41814fff41814fff41814fff41814fff41814fff41814fff41814fff41814fff41814fff41814fff41814fff41814fff41814fff41814fff41814fff41814fff41814fff41814fff41814fff41814fff41814f
#MRGB ff41814fff41814fff41814fff41814fff41814fff41814fff41814fff41814fff41814fff41814fff41814fff41814fff41814fff41814fff41814fff41814fff41814fff41814fff41814fff41814fff41814fff41814fff41814fff41814fff41814fff41814fff41814fff41814fff41814fff41814fff41814fff41814fff41814fff41814fff41814fff41814fff41814fff41814fff41814fff41814fff41814fff41814fff41814fff41814fff41814fff41814fff41814fff41814fff41814fff41814fff41814fff41814fff41814fff41814fff41814fff41814fff41814fff41814fff41814fff41814fff41814fff41814fff41814fff41814f
#MRGB ff41814fff41814fff41814fff41814fff41814fff41814fff41814fff41814fff41814fff41814fff41814fff41814fff41814fff41814fff41814fff41814fff41814fff41814fff41814fff41814fff41814fff41814fff41814fff41814fff41814fff41814fff41814fff41814fff41814fff41814fff41814fff41814fff41814fff41814fff41814fff41814fff41814fff41814fff41814fff41814fff41814fff41814fff41814fff41814fff41814fff41814fff41814fff41814fff41814fff41814fff41814fff41814fff41814fff41814fff41814fff41814fff41814fff41814fff41814fff41814fff41814fff41814fff41814fff41814f
#MRGB ff41814fff41814fff41814fff41814fff41814fff41814fff41814fff41814fff41814fff41814fff41814fff41814fff41814fff41814fff41814fff41814fff41814fff41814fff41814fff41814fff41814fff41814fff41814fff41814fff41814fff41814fff41814fff41814fff41814fff41814fff41814fff41814fff41814fff41814fff41814fff41814fff41814fff41814fff41814fff41814fff41814fff41814fff41814fff41814fff41814fff41814fff41814fff41814fff41814fff41814fff41814fff41814fff41814fff41814fff41814fff41814fff41814fff41814fff41814fff41814fff41814fff41814fff41814fff41814f
#MRGB ff41814fff41814fff41814fff41814fff41814fff41814fff41814fff41814fff41814fff41814fff41814fff41814fff41814fff41814fff41814fff41814fff41814fff41814fff41814fff41814fff41814fff41814fff41814fff41814fff41814fff41814fff41814fff41814fff41814fff41814fff41814fff41814fff41814fff41814fff41814fff41814fff41814fff41814fff41814fff41814fff41814fff41814fff41814fff41814fff41814fff41814fff41814fff41814fff41814fff41814fff41814fff41814fff41814fff41814fff41814fff41814fff41814fff41814fff41814fff41814fff41814fff41814fff41814fff41814f
#MRGB ff41814fff41814fff41814fff41814fff41814fff41814fff41814fff41814fff41814fff41814fff41814fff41814fff41814fff41814fff41814fff41814fff41814fff41814fff41814fff41814fff41814fff41814fff41814fff41814fff41814fff41814fff41814fff41814fff41814fff41814fff41814fff41814fff41814fff41814fff41814fff41814fff41814fff41814fff41814fff41814fff41814fff41814fff41814fff41814fff41814fff41814fff41814fff41814fff41814fff41814fff41814fff41814fff41814fff41814fff41814fff41814fff41814fff41814fff41814fff41814fff41814fff41814fff41814fff41814f
#MRGB ff41814fff41814fff41814fff41814fff41814fff41814fff41814fff41814fff41814fff41814fff41814fff41814fff41814fff41814fff41814fff41814fff41814fff41814fff41814fff41814fff41814fff41814fff41814fff41814fff41814fff41814fff41814fff41814fff41814fff41814fff41814fff41814fff41814fff41814fff41814fff41814fff41814fff41814fff41814fff41814fff41814fff41814fff41814fff41814fff41814fff41814fff41814fff41814fff41814fff41814fff41814fff41814fff41814fff41814fff41814fff41814fff41814fff41814fff41814fff41814fff41814fff41814fff41814fff41814f
#MRGB ff41814fff41814fff41814fff41814fff41814fff41814fff41814fff41814fff41814fff41814fff41814fff41814fff41814fff41814fff41814fff41814fff41814fff41814fff41814fff41814fff41814fff41814fff41814fff41814fff41814fff41814fff41814fff41814fff41814fff41814fff41814fff41814fff41814fff41814fff41814fff41814fff41814fff41814fff41814fff41814fff41814fff41814fff41814fff41814fff41814fff41814fff41814fff41814fff41814fff41814fff41814fff41814fff41814fff41814fff41814fff41814fff41814fff41814fff41814fff41814fff41814fff41814fff41814fff41814f
#MRGB ff41814fff41814fff41814fff41814fff41814fff41814fff41814fff41814fff41814fff41814fff41814fff41814fff41814fff41814fff41814fff41814fff41814fff41814fff41814fff41814fff41814fff41814fff41814fff41814fff41814fff41814fff41814fff41814fff41814fff41814fff41814fff41814fff41814fff41814fff41814fff41814fff41814fff41814fff41814fff41814fff41814fff41814fff41814fff41814fff41814fff41814fff41814fff41814fff41814fff41814fff41814fff41814fff41814fff41814fff41814fff41814fff41814fff41814fff41814fff41814fff41814fff41814fff41814fff41814f
#MRGB ff41814fff41814fff41814fff41814fff41814fff41814fff41814fff41814fff41814fff41814fff41814fff41814fff41814fff41814fff41814fff41814fff41814fff41814fff41814fff41814fff41814fff41814fff41814fff41814fff41814fff41814fff41814fff41814fff41814fff41814fff41814fff41814fff41814fff41814fff41814fff41814fff41814fff41814fff41814fff41814fff41814fff41814fff41814fff41814fff41814fff41814fff41814fff41814fff41814fff41814fff41814fff41814fff41814fff41814fff41814fff41814fff41814fff41814fff41814fff41814fff41814fff41814fff41814fff41814f
#MRGB ff41814fff41814fff41814fff41814fff41814fff41814fff41814fff41814fff41814fff41814fff41814fff41814fff41814fff41814fff41814fff41814fff41814fff41814fff41814fff41814fff41814fff41814fff41814fff41814fff41814fff41814fff41814fff41814fff41814fff41814fff41814fff41814fff41814fff41814fff41814fff41814fff41814fff41814fff41814fff41814fff41814fff41814fff41814fff41814fff41814fff41814fff41814fff41814fff41814fff41814fff41814fff41814fff41814fff41814fff41814fff41814fff41814fff41814fff41814fff41814fff41814fff41814fff41814fff41814f
#MRGB ff41814fff41814fff41814fff41814fff41814fff41814fff41814fff41814fff41814fff41814fff41814fff41814fff41814fff41814fff41814fff41814fff41814fff41814fff41814fff41814fff41814fff41814fff41814fff41814fff41814fff41814fff41814fff41814fff41814fff41814fff41814fff41814fff41814fff41814fff41814fff41814fff41814fff41814fff41814fff41814fff41814fff41814fff41814fff41814fff41814fff41814fff41814fff41814fff41814fff41814fff41814fff41814fff41814fff41814fff41814fff41814fff41814fff41814fff41814fff41814fff41814fff41814fff41814fff41814f
#MRGB ff41814fff41814fff41814fff41814fff41814fff41814fff41814fff41814fff41814fff41814fff41814fff41814fff41814fff41814fff41814fff41814fff41814fff41814fff41814fff41814fff41814fff41814fff41814fff41814fff41814fff41814fff41814fff41814fff41814fff41814fff41814fff41814fff41814fff41814fff41814fff41814fff41814fff41814fff41814fff41814fff41814fff41814fff41814fff41814fff41814fff41814fff41814fff41814fff41814fff41814fff41814fff41814fff41814fff41814fff41814fff41814fff41814fff41814fff41814fff41814fff41814fff41814fff41814fff41814f
#MRGB ff41814fff41814fff41814fff41814fff41814fff41814fff41814fff41814fff41814fff41814fff41814fff41814fff41814fff41814fff41814fff41814fff41814fff41814fff41814fff41814fff41814fff41814fff41814fff41814fff41814fff41814fff41814fff41814fff41814fff41814fff41814fff41814fff41814fff41814fff41814fff41814fff41814fff41814fff41814fff41814fff41814fff41814fff41814fff41814fff41814fff41814fff41814fff41814fff41814fff41814fff41814fff41814fff41814fff41814fff41814fff41814fff41814fff41814fff41814fff41814fff41814fff41814fff41814fff41814f
#MRGB ff41814fff41814fff41814fff41814fff41814fff41814fff41814fff41814fff41814fff41814fff41814fff41814fff41814fff41814fff41814fff41814fff41814fff41814fff41814fff41814fff41814fff41814fff41814fff41814fff41814fff41814fff41814fff41814fff41814fff41814fff41814fff41814fff41814fff41814fff41814fff41814fff41814fff41814fff41814fff41814fff41814fff41814fff41814fff41814fff41814fff41814fff41814fff41814fff41814fff41814fff41814fff41814fff41814fff41814fff41814fff41814fff41814fff41814fff41814fff41814fff41814fff41814fff41814fff41814f
#MRGB ff41814fff41814fff41814fff41814fff41814fff41814fff41814fff41814fff41814fff41814fff41814fff41814fff41814fff41814fff41814fff41814fff41814fff41814fff41814fff41814fff41814fff41814fff41814fff41814fff41814fff41814fff41814fff41814fff41814fff41814fff41814fff41814fff41814fff41814fff41814fff41814fff41814fff41814fff41814fff41814fff41814fff41814fff41814fff41814fff41814fff41814fff41814fff41814fff41814fff41814fff41814fff41814fff41814fff41814fff41814fff41814fff41814fff41814fff41814fff41814fff41814fff41814fff41814fff41814f
#MRGB ff41814fff41814fff41814fff41814fff41814fff41814fff41814fff41814fff41814fff41814fff41814fff41814fff41814fff41814fff41814fff41814fff41814fff41814fff41814fff41814fff41814fff41814fff41814fff41814fff41814fff41814fff41814fff41814fff41814fff41814fff41814fff41814fff41814fff41814fff41814fff41814fff41814fff41814fff41814fff41814fff41814fff41814fff41814fff41814fff41814fff41814fff41814fff41814fff41814fff41814fff41814fff41814fff41814fff41814fff41814fff41814fff41814fff41814fff41814fff41814fff41814fff41814fff41814fff41814f
#MRGB ff41814fff41814fff41814fff41814fff41814fff41814fff41814fff41814fff41814fff41814fff41814fff41814fff41814fff41814fff41814fff41814fff41814fff41814fff41814fff41814fff41814fff41814fff41814fff41814fff41814fff41814fff41814fff41814fff41814fff41814fff41814fff41814fff41814fff41814fff41814fff41814fff41814fff41814fff41814fff41814fff41814fff41814fff41814fff41814fff41814fff41814fff41814fff41814fff41814fff41814fff41814fff41814fff41814fff41814fff41814fff41814fff41814fff41814fff41814fff41814fff41814fff41814fff41814fff41814f
#MRGB ff41814fff41814fff41814fff41814fff41814fff41814fff41814fff41814fff41814fff41814fff41814fff41814fff41814fff41814fff41814fff41814fff41814fff41814fff41814fff41814fff41814fff41814fff41814fff41814fff41814fff41814fff41814fff41814fff41814fff41814fff41814fff41814fff41814fff41814fff41814fff41814fff41814fff41814fff41814fff41814fff41814fff41814fff41814fff41814fff41814fff41814fff41814fff41814fff41814fff41814fff41814fff41814fff41814fff41814fff41814fff41814fff41814fff41814fff41814fff41814fff41814fff41814fff41814fff41814f
#MRGB ff41814fff41814fff41814fff41814fff41814fff41814fff41814fff41814fff41814fff41814fff41814fff41814fff41814fff41814fff41814fff41814fff41814fff41814fff41814fff41814fff41814fff41814fff41814fff41814fff41814fff41814fff41814fff41814fff41814fff41814fff41814fff41814fff41814fff41814fff41814fff41814fff41814fff41814fff41814fff41814fff41814fff41814fff41814fff41814fff41814fff41814fff41814fff41814fff41814fff41814fff41814fff41814fff41814fff41814fff41814fff41814fff41814fff41814fff41814fff41814fff41814fff41814fff41814fff41814f
#MRGB ff41814fff41814fff41814fff41814fff41814fff41814fff41814fff41814fff41814fff41814fff41814fff41814fff41814fff41814fff41814fff41814fff41814fff41814fff41814fff41814fff41814fff41814fff41814fff41814fff41814fff41814fff41814fff41814fff41814fff41814fff41814fff41814fff41814fff41814fff41814fff41814fff41814fff41814fff41814fff41814fff41814fff41814fff41814fff41814fff41814fff41814fff41814fff41814fff41814fff41814fff41814fff41814fff41814fff41814fff41814fff41814fff41814fff41814fff41814fff41814fff41814fff41814fff41814fff41814f
#MRGB ff41814fff41814fff41814fff41814fff41814fff41814fff41814fff41814fff41814fff41814fff41814fff41814fff41814fff41814fff41814fff41814fff41814fff41814fff41814fff41814fff41814fff41814fff41814fff41814fff41814fff41814fff41814fff41814fff41814fff41814fff41814fff41814fff41814fff41814fff41814fff41814fff41814fff41814fff41814fff41814fff41814fff41814fff41814fff41814fff41814fff41814fff41814fff41814fff41814fff41814fff41814fff41814fff41814fff41814fff41814fff41814fff41814fff41814fff41814fff41814fff41814fff41814fff41814fff41814f
#MRGB ff41814fff41814fff41814fff41814fff41814fff41814fff41814fff41814fff41814fff41814fff41814fff41814fff41814fff41814fff41814fff41814fff41814fff41814fff41814fff41814fff41814fff41814fff41814fff41814fff41814fff41814fff41814fff41814fff41814fff41814fff41814fff41814fff41814fff41814fff41814fff41814fff41814fff41814fff41814fff41814fff41814fff41814fff41814fff41814fff41814fff41814fff41814fff41814fff41814fff41814fff41814fff41814fff41814fff41814fff41814fff41814fff41814fff41814fff41814fff41814fff41814fff41814fff41814fff41814f
#MRGB ff41814fff41814fff41814fff41814fff41814fff41814fff41814fff41814fff41814fff41814fff41814fff41814fff41814fff41814fff41814fff41814fff41814fff41814fff41814fff41814fff41814fff41814fff41814fff41814fff41814fff41814fff41814fff41814fff41814fff41814fff41814fff41814fff41814fff41814fff41814fff41814fff41814fff41814fff41814fff41814fff41814fff41814fff41814fff41814fff41814fff41814fff41814fff41814fff41814fff41814fff41814fff41814fff41814fff41814fff41814fff41814fff41814fff41814fff41814fff41814fff41814fff41814fff41814fff41814f
#MRGB ff41814fff41814fff41814fff41814fff41814fff41814fff41814fff41814fff41814fff41814fff41814fff41814fff41814fff41814fff41814fff41814fff41814fff41814fff41814fff41814fff41814fff41814fff41814fff41814fff41814fff41814fff41814fff41814fff41814fff41814fff41814fff41814fff41814fff41814fff41814fff41814fff41814fff41814fff41814fff41814fff41814fff41814fff41814fff41814fff41814fff41814fff41814fff41814fff41814fff41814fff41814fff41814fff41814fff41814fff41814fff41814fff41814fff41814fff41814fff41814fff41814fff41814fff41814fff41814f
#MRGB ff41814fff41814fff41814fff41814fff41814fff41814fff41814fff41814fff41814fff41814fff41814fff41814fff41814fff41814fff41814fff41814fff41814fff41814fff41814fff41814fff41814fff41814fff41814fff41814fff41814fff41814fff41814fff41814fff41814fff41814fff41814fff41814fff41814fff41814fff41814fff41814fff41814fff41814fff41814fff41814fff41814fff41814fff41814fff41814fff41814fff41814fff41814fff41814fff41814fff41814fff41814fff41814fff41814fff41814fff41814fff41814fff41814fff41814fff41814fff41814fff41814fff41814fff41814fff41814f
#MRGB ff41814fff41814fff41814fff41814fff41814fff41814fff41814fff41814fff41814fff41814fff41814fff41814fff41814fff41814fff41814fff41814fff41814fff41814fff41814fff41814fff41814fff41814fff41814fff41814fff41814fff41814fff41814fff41814fff41814fff41814fff41814fff41814fff41814fff41814fff41814fff41814fff41814fff41814fff41814fff41814fff41814fff41814fff41814fff41814fff41814fff41814fff41814fff41814fff41814fff41814fff41814fff41814fff41814fff41814fff41814fff41814fff41814fff41814fff41814fff41814fff41814fff41814fff41814fff41814f
#MRGB ff41814fff41814fff41814fff41814fff41814fff41814fff41814fff41814fff41814fff41814fff41814fff41814fff41814fff41814fff41814fff41814fff41814fff41814fff41814fff41814fff41814fff41814fff41814fff41814fff41814fff41814fff41814fff41814fff41814fff41814fff41814fff41814fff41814fff41814fff41814fff41814fff41814fff41814fff41814fff41814fff41814fff41814fff41814fff41814fff41814fff41814fff41814fff41814fff41814fff41814fff41814fff41814fff41814fff41814fff41814fff41814fff41814fff41814fff41814fff41814fff41814fff41814fff41814fff41814f
#MRGB ff41814fff41814fff41814fff41814fff41814fff41814fff41814fff41814fff41814fff41814fff41814fff41814fff41814fff41814fff41814fff41814fff41814fff41814fff41814fff41814fff41814fff41814fff41814fff41814fff41814fff41814fff41814fff41814fff41814fff41814fff41814fff41814fff41814fff41814fff41814fff41814fff41814fff41814fff41814fff41814fff41814fff41814fff41814fff41814fff41814fff41814fff41814fff41814fff41814fff41814fff41814fff41814fff41814fff41814fff41814fff41814fff41814fff41814fff41814fff41814fff41814fff41814fff41814fff41814f
#MRGB ff41814fff41814fff41814fff41814fff41814fff41814fff41814fff41814fff41814fff41814fff41814fff41814fff41814fff41814fff41814fff41814fff41814fff41814fff41814fff41814fff41814fff41814fff41814fff41814fff41814fff41814fff41814fff41814fff41814fff41814fff41814fff41814fff41814fff41814fff41814fff41814fff41814fff41814fff41814fff41814fff41814fff41814fff41814fff41814fff41814fff41814fff41814fff41814fff41814fff41814fff41814fff41814fff41814fff41814fff41814fff41814fff41814fff41814fff41814fff41814fff41814fff41814fff41814fff41814f
#MRGB ff41814fff41814fff41814fff41814fff41814fff41814fff41814fff41814fff41814fff41814fff41814fff41814fff41814fff41814fff41814fff41814fff41814fff41814fff41814fff41814fff41814fff41814fff41814fff41814fff41814fff41814fff41814fff41814fff41814fff41814fff41814fff41814fff41814fff41814fff41814fff41814fff41814fff41814fff41814fff41814fff41814fff41814fff41814fff41814fff41814fff41814fff41814fff41814fff41814fff41814fff41814fff41814fff41814fff41814fff41814fff41814fff41814fff41814fff41814fff41814fff41814fff41814fff41814fff41814f
#MRGB ff41814fff41814fff41814fff41814fff41814fff41814fff41814fff41814fff41814fff41814fff41814fff41814fff41814fff41814fff41814fff41814fff41814fff41814fff41814fff41814fff41814fff41814fff41814fff41814fff41814fff41814fff41814fff41814fff41814fff41814fff41814fff41814fff41814fff41814fff41814fff41814fff41814fff41814fff41814fff41814fff41814fff41814fff41814fff41814fff41814fff41814fff41814fff41814fff41814fff41814fff41814fff41814fff41814fff41814fff41814fff41814fff41814fff41814fff41814fff41814fff41814fff41814fff41814fff41814f
#MRGB ff41814fff41814fff41814fff41814fff41814fff41814fff41814fff41814fff41814fff41814fff41814fff41814fff41814fff41814fff41814fff41814fff41814fff41814fff41814fff41814fff41814fff41814fff41814fff41814fff41814fff41814fff41814fff41814fff41814fff41814fff41814fff41814fff41814fff41814fff41814fff41814fff41814fff41814fff41814fff41814fff41814fff41814fff41814fff41814fff41814fff41814fff41814fff41814fff41814fff41814fff41814fff41814fff41814fff41814fff41814fff41814fff41814fff41814fff41814fff41814fff41814fff41814fff41814fff41814f
#MRGB ff41814fff41814fff41814fff41814fff41814fff41814fff41814fff41814fff41814fff41814fff41814fff41814fff41814fff41814fff41814fff41814fff41814fff41814fff41814fff41814fff41814fff41814fff41814fff41814fff41814fff41814fff41814fff41814fff41814fff41814fff41814fff41814fff41814fff41814fff41814fff41814fff41814fff41814fff41814fff41814fff41814fff41814fff41814fff41814fff41814fff41814fff41814fff41814fff41814fff41814fff41814fff41814fff41814fff41814fff41814fff41814fff41814fff41814fff41814fff41814fff41814fff41814fff41814fff41814f
#MRGB ff41814fff41814fff41814fff41814fff41814fff41814fff41814fff41814fff41814fff41814fff41814fff41814fff41814fff41814fff41814fff41814fff41814fff41814fff41814fff41814fff41814fff41814fff41814fff41814fff41814fff41814fff41814fff41814fff41814fff41814fff41814fff41814fff41814fff41814fff41814fff41814fff41814fff41814fff41814fff41814fff41814fff41814fff41814fff41814fff41814fff41814fff41814fff41814fff41814fff41814fff41814fff41814fff41814fff41814fff41814fff41814fff41814fff41814fff41814fff41814fff41814fff41814fff41814fff41814f
#MRGB ff41814fff41814fff41814fff41814fff41814fff41814fff41814fff41814fff41814fff41814fff41814fff41814fff41814fff41814fff41814fff41814fff41814fff41814fff41814fff41814fff41814fff41814fff41814fff41814fff41814fff41814fff41814fff41814fff41814fff41814fff41814fff41814fff41814fff41814fff41814fff41814fff41814fff41814fff41814fff41814fff41814fff41814fff41814fff41814fff41814fff41814fff41814fff41814fff41814fff41814fff41814fff41814fff41814fff41814fff41814fff41814fff41814fff41814fff41814fff41814fff41814fff41814fff41814fff41814f
#MRGB ff41814fff41814fff41814fff41814fff41814fff41814fff41814fff41814fff41814fff41814fff41814fff41814fff41814fff41814fff41814fff41814fff41814fff41814fff41814fff41814fff41814fff41814fff41814fff41814fff41814fff41814fff41814fff41814fff41814fff41814fff41814fff41814fff41814fff41814fff41814fff41814fff41814fff41814fff41814fff41814fff41814fff41814fff41814fff41814fff41814fff41814fff41814fff41814fff41814fff41814fff41814fff41814fff41814fff41814fff41814fff41814fff41814fff41814fff41814fff41814fff41814fff41814fff41814fff41814f
#MRGB ff41814fff41814fff41814fff41814fff41814fff41814fff41814fff41814fff41814fff41814fff41814fff41814fff41814fff41814fff41814fff41814fff41814fff41814fff41814fff41814fff41814fff41814fff41814fff41814fff41814fff41814fff41814fff41814fff41814fff41814fff41814fff41814fff41814fff41814fff41814fff41814fff41814fff41814fff41814fff41814fff41814fff41814fff41814fff41814fff41814fff41814fff41814fff41814fff41814fff41814fff41814fff41814fff41814fff41814fff41814fff41814fff41814fff41814fff41814fff41814fff41814fff41814fff41814fff41814f
#MRGB ff41814fff41814fff41814fff41814fff41814fff41814fff41814fff41814fff41814fff41814fff41814fff41814fff41814fff41814fff41814fff41814fff41814fff41814fff41814fff41814fff41814fff41814fff41814fff41814fff41814fff41814fff41814fff41814fff41814fff41814fff41814fff41814fff41814fff41814fff41814fff41814fff41814fff41814fff41814fff41814fff41814fff41814fff41814fff41814fff41814fff41814fff41814fff41814fff41814fff41814fff41814fff41814fff41814fff41814fff41814fff41814fff41814fff41814fff41814fff41814fff41814fff41814fff41814fff41814f
#MRGB ff41814fff41814fff41814fff41814fff41814fff41814fff41814fff41814fff41814fff41814fff41814fff41814fff41814fff41814fff41814fff41814fff41814fff41814fff41814fff41814fff41814fff41814fff41814fff41814fff41814fff41814fff41814fff41814fff41814fff41814fff41814fff41814fff41814fff41814fff41814fff41814fff41814fff41814fff41814fff41814fff41814fff41814fff41814fff41814fff41814fff41814fff41814fff41814fff41814fff41814fff41814fff41814fff41814fff41814fff41814fff41814fff41814fff41814fff41814fff41814fff41814fff41814fff41814fff41814f
#MRGB ff41814fff41814fff41814fff41814fff41814fff41814fff41814fff41814fff41814fff41814fff41814fff41814fff41814fff41814fff41814fff41814fff41814fff41814fff41814fff41814fff41814fff41814fff41814fff41814fff41814fff41814fff41814fff41814fff41814fff41814fff41814fff41814fff41814fff41814fff41814fff41814fff41814fff41814fff41814fff41814fff41814fff41814fff41814fff41814fff41814fff41814fff41814fff41814fff41814fff41814fff41814fff41814fff41814fff41814fff41814fff41814fff41814fff41814fff41814fff41814fff41814fff41814fff41814fff41814f
#MRGB ff41814fff41814fff41814fff41814fff41814fff41814fff41814fff41814fff41814fff41814fff41814fff41814fff41814fff41814fff41814fff41814fff41814fff41814fff41814fff41814fff41814fff41814fff41814fff41814fff41814fff41814fff41814fff41814fff41814fff41814fff41814fff41814fff41814fff41814fff41814fff41814fff41814fff41814fff41814fff41814fff41814fff41814fff41814fff41814fff41814fff41814fff41814fff41814fff41814fff41814fff41814fff41814fff41814fff41814fff41814fff41814fff41814fff41814fff41814fff41814fff41814fff41814fff41814fff41814f
#MRGB ff41814fff41814fff41814fff41814fff41814fff41814fff41814fff41814fff41814fff41814fff41814fff41814fff41814fff41814fff41814fff41814fff41814fff41814fff41814fff41814fff41814fff41814fff41814fff41814fff41814fff41814fff41814fff41814fff41814fff41814fff41814fff41814fff41814fff41814fff41814fff41814fff41814fff41814fff41814fff41814fff41814fff41814fff41814fff41814fff41814fff41814fff41814fff41814fff41814fff41814fff41814fff41814fff41814fff41814fff41814fff41814fff41814fff41814fff41814fff41814fff41814fff41814fff41814fff41814f
#MRGB ff41814fff41814fff41814fff41814fff41814fff41814fff41814fff41814fff41814fff41814fff41814fff41814fff41814fff41814fff41814fff41814fff41814fff41814fff41814fff41814fff41814fff41814fff41814fff41814fff41814fff41814fff41814fff41814fff41814fff41814fff41814fff41814fff41814fff41814fff41814fff41814fff41814fff41814fff41814fff41814fff41814fff41814fff41814fff41814fff41814fff41814fff41814fff41814fff41814fff41814fff41814fff41814fff41814fff41814fff41814fff41814fff41814fff41814fff41814fff41814fff41814fff41814fff41814fff41814f
#MRGB ff41814fff41814fff41814fff41814fff41814fff41814fff41814fff41814fff41814fff41814fff41814fff41814fff41814fff41814fff41814fff41814fff41814fff41814fff41814fff41814fff41814fff41814fff41814fff41814fff41814fff41814fff41814fff41814fff41814fff41814fff41814fff41814fff41814fff41814fff41814fff41814fff41814fff41814fff41814fff41814fff41814fff41814fff41814fff41814fff41814fff41814fff41814fff41814fff41814fff41814fff41814fff41814fff41814fff41814fff41814fff41814fff41814fff41814fff41814fff41814fff41814fff41814fff41814fff41814f
#MRGB ff41814fff41814fff41814fff41814fff41814fff41814fff41814fff41814fff41814fff41814fff41814fff41814fff41814fff41814fff41814fff41814fff41814fff41814fff41814fff41814fff41814fff41814fff41814fff41814fff41814fff41814fff41814fff41814fff41814fff41814fff41814fff41814fff41814fff41814fff41814fff41814fff41814fff41814fff41814fff41814fff41814fff41814fff41814fff41814fff41814fff41814fff41814fff41814fff41814fff41814fff41814fff41814fff41814fff41814fff41814fff41814fff41814fff41814fff41814fff41814fff41814fff41814fff41814fff41814f
#MRGB ff41814fff41814fff41814fff41814fff41814fff41814fff41814fff41814fff41814fff41814fff41814fff41814fff41814fff41814fff41814fff41814fff41814fff41814fff41814fff41814fff41814fff41814fff41814fff41814fff41814fff41814fff41814fff41814fff41814fff41814fff41814fff41814fff41814fff41814fff41814fff41814fff41814fff41814fff41814fff41814fff41814fff41814fff41814fff41814fff41814fff41814fff41814fff41814fff41814fff41814fff41814fff41814fff41814fff41814fff41814fff41814fff41814fff41814fff41814fff41814fff41814fff41814fff41814fff41814f
#MRGB ff41814fff41814fff41814fff41814fff41814fff41814fff41814fff41814fff41814fff41814fff41814fff41814fff41814fff41814fff41814fff41814fff41814fff41814fff41814fff41814fff41814fff41814fff41814fff41814fff41814fff41814fff41814fff41814fff41814fff41814fff41814fff41814fff41814fff41814fff41814fff41814fff41814fff41814fff41814fff41814fff41814fff41814fff41814fff41814fff41814fff41814fff41814fff41814fff41814fff41814fff41814fff41814fff41814fff41814fff41814fff41814fff41814fff41814fff41814fff41814fff41814fff41814fff41814fff41814f
#MRGB ff41814fff41814fff41814fff41814fff41814fff41814fff41814fff41814fff41814fff41814fff41814fff41814fff41814fff41814fff41814fff41814fff41814fff41814fff41814fff41814fff41814fff41814fff41814fff41814fff41814fff41814fff41814fff41814fff41814fff41814fff41814fff41814fff41814fff41814fff41814fff41814fff41814fff41814fff41814fff41814fff41814fff41814fff41814fff41814fff41814fff41814fff41814fff41814fff41814fff41814fff41814fff41814fff41814fff41814fff41814fff41814fff41814fff41814fff41814fff41814fff41814fff41814fff41814fff41814f
#MRGB ff41814fff41814fff41814fff41814fff41814fff41814fff41814fff41814fff41814fff41814fff41814fff41814fff41814fff41814fff41814fff41814fff41814fff41814fff41814fff41814fff41814fff41814fff41814fff41814fff41814fff41814fff41814fff41814fff41814fff41814fff41814fff41814fff41814fff41814fff41814fff41814fff41814fff41814fff41814fff41814fff41814fff41814fff41814fff41814fff41814fff41814fff41814fff41814fff41814fff41814fff41814fff41814fff41814fff41814fff41814fff41814fff41814fff41814fff41814fff41814fff41814fff41814fff41814fff41814f
#MRGB ff41814fff41814fff41814fff41814fff41814fff41814fff41814fff41814fff41814fff41814fff41814fff41814fff41814fff41814fff41814fff41814fff41814fff41814fff41814fff41814fff41814fff41814fff41814fff41814fff41814fff41814fff41814fff41814fff41814fff41814fff41814fff41814fff41814fff41814fff41814fff41814fff41814fff41814fff41814fff41814fff41814fff41814fff41814fff41814fff41814fff41814fff41814fff41814fff41814fff41814fff41814fff41814fff41814fff41814fff41814fff41814fff41814fff41814fff41814fff41814fff41814fff41814fff41814fff41814f
#MRGB ff41814fff41814fff41814fff41814fff41814fff41814fff41814fff41814fff41814fff41814fff41814fff41814fff41814fff41814fff41814fff41814fff41814fff41814fff41814fff41814fff41814fff41814fff41814fff41814fff41814fff41814fff41814fff41814fff41814fff41814fff41814fff41814fff41814fff41814fff41814fff41814fff41814fff41814fff41814fff41814fff41814fff41814fff41814fff41814fff41814fff41814fff41814fff41814fff41814fff41814fff41814fff41814fff41814fff41814fff41814fff41814fff41814fff41814fff41814fff41814fff41814fff41814fff41814fff41814f
#MRGB ff41814fff41814fff41814fff41814fff41814fff41814fff41814fff41814fff41814fff41814fff41814fff41814fff41814fff41814fff41814fff41814fff41814fff41814fff41814fff41814fff41814fff41814fff41814fff41814fff41814fff41814fff41814fff41814fff41814fff41814fff41814fff41814fff41814fff41814fff41814fff41814fff41814fff41814fff41814fff41814fff41814fff41814fff41814fff41814fff41814fff41814fff41814fff41814fff41814fff41814fff41814fff41814fff41814fff41814fff41814fff41814fff41814fff41814fff41814fff41814fff41814fff41814fff41814fff41814f
#MRGB ff41814fff41814fff41814fff41814fff41814fff41814fff41814fff41814fff41814fff41814fff41814fff41814fff41814fff41814fff41814fff41814fff41814fff41814fff41814fff41814fff41814fff41814fff41814fff41814fff41814fff41814fff41814fff41814fff41814fff41814fff41814fff41814fff41814fff41814fff41814fff41814fff41814fff41814fff41814fff41814fff41814fff41814fff41814fff41814fff41814fff41814fff41814fff41814fff41814fff41814fff41814fff41814fff41814fff41814fff41814fff41814fff41814fff41814fff41814fff41814fff41814fff41814fff41814fff41814f
#MRGB ff41814fff41814fff41814fff41814fff41814fff41814fff41814fff41814fff41814fff41814fff41814fff41814fff41814fff41814fff41814fff41814fff41814fff41814fff41814fff41814fff41814fff41814fff41814fff41814fff41814fff41814fff41814fff41814fff41814fff41814fff41814fff41814fff41814fff41814fff41814fff41814fff41814fff41814fff41814fff41814fff41814fff41814fff41814fff41814fff41814fff41814fff41814fff41814fff41814fff41814fff41814fff41814fff41814fff41814fff41814fff41814fff41814fff41814fff41814fff41814fff41814fff41814fff41814fff41814f
#MRGB ff41814fff41814fff41814fff41814fff41814fff41814fff41814fff41814fff41814fff41814fff41814fff41814fff41814fff41814fff41814fff41814fff41814fff41814fff41814fff41814fff41814fff41814fff41814fff41814fff41814fff41814fff41814fff41814fff41814fff41814fff41814fff41814fff41814fff41814fff41814fff41814fff41814fff41814fff41814fff41814fff41814fff41814fff41814fff41814fff41814fff41814fff41814fff41814fff41814fff41814fff41814fff41814fff41814fff41814fff41814fff41814fff41814fff41814fff41814fff41814fff41814fff41814fff41814fff41814f
#MRGB ff41814fff41814fff41814fff41814fff41814fff41814fff41814fff41814fff41814fff41814fff41814fff41814fff41814fff41814fff41814fff41814fff41814fff41814fff41814fff41814fff41814fff41814fff41814fff41814fff41814fff41814fff41814fff41814fff41814fff41814fff41814fff41814fff41814fff41814fff41814fff41814fff41814fff41814fff41814fff41814fff41814fff41814fff41814fff41814fff41814fff41814fff41814fff41814fff41814fff41814fff41814fff41814fff41814fff41814fff41814fff41814fff41814fff41814fff41814fff41814fff41814fff41814fff41814fff41814f
#MRGB ff41814fff41814fff41814fff41814fff41814fff41814fff41814fff41814fff41814fff41814fff41814fff41814fff41814fff41814fff41814fff41814fff41814fff41814fff41814fff41814fff41814fff41814fff41814fff41814fff41814fff41814fff41814fff41814fff41814fff41814fff41814fff41814fff41814fff41814fff41814fff41814fff41814fff41814fff41814fff41814fff41814fff41814fff41814fff41814fff41814fff41814fff41814fff41814fff41814fff41814fff41814fff41814fff41814fff41814fff41814fff41814fff41814fff41814fff41814fff41814fff41814fff41814fff41814fff41814f
#MRGB ff41814fff41814fff41814fff41814fff41814fff41814fff41814fff41814fff41814fff41814fff41814fff41814fff41814fff41814fff41814fff41814fff41814fff41814fff41814fff41814fff41814fff41814fff41814fff41814fff41814fff41814fff41814fff41814fff41814fff41814fff41814fff41814fff41814fff41814fff41814fff41814fff41814fff41814fff41814fff41814fff41814fff41814fff41814fff41814fff41814fff41814fff41814fff41814fff41814fff41814fff41814fff41814fff41814fff41814fff41814fff41814fff41814fff41814fff41814fff41814fff41814fff41814fff41814fff41814f
#MRGB ff41814fff41814fff41814fff41814fff41814fff41814fff41814fff41814fff41814fff41814fff41814fff41814fff41814fff41814fff41814fff41814fff41814fff41814fff41814fff41814fff41814fff41814fff41814fff41814fff41814fff41814fff41814fff41814fff41814fff41814fff41814fff41814fff41814fff41814fff41814fff41814fff41814fff41814fff41814fff41814fff41814fff41814fff41814fff41814fff41814fff41814fff41814fff41814fff41814fff41814fff41814fff41814fff41814fff41814fff41814fff41814fff41814fff41814fff41814fff41814fff41814fff41814fff41814fff41814f
#MRGB ff41814fff41814fff41814fff41814fff41814fff41814fff41814fff41814fff41814fff41814fff41814fff41814fff41814fff41814fff41814fff41814fff41814fff41814fff41814fff41814fff41814fff41814fff41814fff41814fff41814fff41814fff41814fff41814fff41814fff41814fff41814fff41814fff41814fff41814fff41814fff41814fff41814fff41814fff41814fff41814fff41814fff41814fff41814fff41814fff41814fff41814fff41814fff41814fff41814fff41814fff41814fff41814fff41814fff41814fff41814fff41814fff41814fff41814fff41814fff41814fff41814fff41814fff41814fff41814f
#MRGB ff41814fff41814fff41814fff41814fff41814fff41814fff41814fff41814fff41814fff41814fff41814fff41814fff41814fff41814fff41814fff41814fff41814fff41814fff41814fff41814fff41814fff41814fff41814fff41814fff41814fff41814fff41814fff41814fff41814fff41814fff41814fff41814fff41814fff41814fff41814fff41814fff41814fff41814fff41814fff41814fff41814fff41814fff41814fff41814fff41814fff41814fff41814fff41814fff41814fff41814fff41814fff41814fff41814fff41814fff41814fff41814fff41814fff41814fff41814fff41814fff41814fff41814fff41814fff41814f
#MRGB ff41814fff41814fff41814fff41814fff41814fff41814fff41814fff41814fff41814fff41814fff41814fff41814fff41814fff41814fff41814fff41814fff41814fff41814fff41814fff41814fff41814fff41814fff41814fff41814fff41814fff41814fff41814fff41814fff41814fff41814fff41814fff41814fff41814fff41814fff41814fff41814fff41814fff41814fff41814fff41814fff41814fff41814fff41814fff41814fff41814fff41814fff41814fff41814fff41814fff41814fff41814fff41814fff41814fff41814fff41814fff41814fff41814fff41814fff41814fff41814fff41814fff41814fff41814fff41814f
#MRGB ff41814fff41814fff41814fff41814fff41814fff41814fff41814fff41814fff41814fff41814fff41814fff41814fff41814fff41814fff41814fff41814fff41814fff41814fff41814fff41814fff41814fff41814fff41814fff41814fff41814fff41814fff41814fff41814fff41814fff41814fff41814fff41814fff41814fff41814fff41814fff41814fff41814fff41814fff41814fff41814fff41814fff41814fff41814fff41814fff41814fff41814fff41814fff41814fff41814fff41814fff41814fff41814fff41814fff41814fff41814fff41814fff41814fff41814fff41814fff41814fff41814fff41814fff41814fff41814f
#MRGB ff41814fff41814fff41814fff41814fff41814fff41814fff41814fff41814fff41814fff41814fff41814fff41814fff41814fff41814fff41814fff41814fff41814fff41814fff41814fff41814fff41814fff41814fff41814fff41814fff41814fff41814fff41814fff41814fff41814fff41814fff41814fff41814fff41814fff41814fff41814fff41814fff41814fff41814fff41814fff41814fff41814fff41814fff41814fff41814fff41814fff41814fff41814fff41814fff41814fff41814fff41814fff41814fff41814fff41814fff41814fff41814fff41814fff41814fff41814fff41814fff41814fff41814fff41814fff41814f
#MRGB ff41814fff41814fff41814fff41814fff41814fff41814fff41814fff41814fff41814fff41814fff41814fff41814fff41814fff41814fff41814fff41814fff41814fff41814fff41814fff41814fff41814fff41814fff41814fff41814fff41814fff41814fff41814fff41814fff41814fff41814fff41814fff41814fff41814fff41814fff41814fff41814fff41814fff41814fff41814fff41814fff41814fff41814fff41814fff41814fff41814fff41814fff41814fff41814fff41814fff41814fff41814fff41814fff41814fff41814fff41814fff41814fff41814fff41814fff41814fff41814fff41814fff41814fff41814fff41814f
#MRGB ff41814fff41814fff41814fff41814fff41814fff41814fff41814fff41814fff41814fff41814fff41814fff41814fff41814fff41814fff41814fff41814fff41814fff41814fff41814fff41814fff41814fff41814fff41814fff41814fff41814fff41814fff41814fff41814fff41814fff41814fff41814fff41814fff41814fff41814fff41814fff41814fff41814fff41814fff41814fff41814fff41814fff41814fff41814fff41814fff41814fff41814fff41814fff41814fff41814fff41814fff41814fff41814fff41814fff41814fff41814fff41814fff41814fff41814fff41814fff41814fff41814fff41814fff41814fff41814f
#MRGB ff41814fff41814fff41814fff41814fff41814fff41814fff41814fff41814fff41814fff41814fff41814fff41814fff41814fff41814fff41814fff41814fff41814fff41814fff41814fff41814fff41814fff41814fff41814fff41814fff41814fff41814fff41814fff41814fff41814fff41814fff41814fff41814fff41814fff41814fff41814fff41814fff41814fff41814fff41814fff41814fff41814fff41814fff41814fff41814fff41814fff41814fff41814fff41814fff41814fff41814fff41814fff41814fff41814fff41814fff41814fff41814fff41814fff41814fff41814fff41814fff41814fff41814fff41814fff41814f
#MRGB ff41814fff41814fff41814fff41814fff41814fff41814fff41814fff41814fff41814fff41814fff41814fff41814fff41814fff41814fff41814fff41814fff41814fff41814fff41814fff41814fff41814fff41814fff41814fff41814fff41814fff41814fff41814fff41814fff41814fff41814fff41814fff41814fff41814fff41814fff41814fff41814fff41814fff41814fff41814fff41814fff41814fff41814fff41814fff41814fff41814fff41814fff41814fff41814fff41814fff41814fff41814fff41814fff41814fff41814fff41814fff41814fff41814fff41814fff41814fff41814fff41814fff41814fff41814fff41814f
#MRGB ff41814fff41814fff41814fff41814fff41814fff41814fff41814fff41814fff41814fff41814fff41814fff41814fff41814fff41814fff41814fff41814fff41814fff41814fff41814fff41814fff41814fff41814fff41814fff41814fff41814fff41814fff41814fff41814fff41814fff41814fff41814fff41814fff41814fff41814fff41814fff41814fff41814fff41814fff41814fff41814fff41814fff41814fff41814fff41814fff41814fff41814fff41814fff41814fff41814fff41814fff41814fff41814fff41814fff41814fff41814fff41814fff41814fff41814fff41814fff41814fff41814fff41814fff41814fff41814f
#MRGB ff41814fff41814fff41814fff41814fff41814fff41814fff41814fff41814fff41814fff41814fff41814fff41814fff41814fff41814fff41814fff41814fff41814fff41814fff41814fff41814fff41814fff41814fff41814fff41814fff41814fff41814fff41814fff41814fff41814fff41814fff41814fff41814fff41814fff41814fff41814fff41814fff41814fff41814fff41814fff41814fff41814fff41814fff41814fff41814fff41814fff41814fff41814fff41814fff41814fff41814fff41814fff41814fff41814fff41814fff41814fff41814fff41814fff41814fff41814fff41814fff41814fff41814fff41814fff41814f
#MRGB ff41814fff41814fff41814fff41814fff41814fff41814fff41814fff41814fff41814fff41814fff41814fff41814fff41814fff41814fff41814fff41814fff41814fff41814fff41814fff41814fff41814fff41814fff41814fff41814fff41814fff41814fff41814fff41814fff41814fff41814fff41814fff41814fff41814fff41814fff41814fff41814fff41814fff41814fff41814fff41814fff41814fff41814fff41814fff41814fff41814fff41814fff41814fff41814fff41814fff41814fff41814fff41814fff41814fff41814fff41814fff41814fff41814fff41814fff41814fff41814fff41814fff41814fff41814fff41814f
#MRGB ff41814fff41814fff41814fff41814fff41814fff41814fff41814fff41814fff41814fff41814fff41814fff41814fff41814fff41814fff41814fff41814fff41814fff41814fff41814fff41814fff41814fff41814fff41814fff41814fff41814fff41814fff41814fff41814fff41814fff41814fff41814fff41814fff41814fff41814fff41814fff41814fff41814fff41814fff41814fff41814fff41814fff41814fff41814fff41814fff41814fff41814fff41814fff41814fff41814fff41814fff41814fff41814fff41814fff41814fff41814fff41814fff41814fff41814fff41814fff41814fff41814fff41814fff41814fff41814f
#MRGB ff41814fff41814fff41814fff41814fff41814fff41814fff41814fff41814fff41814fff41814fff41814fff41814fff41814fff41814fff41814fff41814fff41814fff41814fff41814fff41814fff41814fff41814fff41814fff41814fff41814fff41814fff41814fff41814fff41814fff41814fff41814fff41814fff41814fff41814fff41814fff41814fff41814fff41814fff41814fff41814fff41814fff41814fff41814fff41814fff41814fff41814fff41814fff41814fff41814fff41814fff41814fff41814fff41814fff41814fff41814fff41814fff41814fff41814fff41814fff41814fff41814fff41814fff41814fff41814f
#MRGB ff41814fff41814fff41814fff41814fff41814fff41814fff41814fff41814fff41814fff41814fff41814fff41814fff41814fff41814fff41814fff41814fff41814fff41814fff41814fff41814fff41814fff41814fff41814fff41814fff41814fff41814fff41814fff41814fff41814fff41814fff41814fff41814fff41814fff41814fff41814fff41814fff41814fff41814fff41814fff41814fff41814fff41814fff41814fff41814fff41814fff41814fff41814fff41814fff41814fff41814fff41814fff41814fff41814fff41814fff41814fff41814fff41814fff41814fff41814fff41814fff41814fff41814fff41814fff41814f
#MRGB ff41814fff41814fff41814fff41814fff41814fff41814fff41814fff41814fff41814fff41814fff41814fff41814fff41814fff41814fff41814fff41814fff41814fff41814fff41814fff41814fff41814fff41814fff41814fff41814fff41814fff41814fff41814fff41814fff41814fff41814fff41814fff41814fff41814fff41814fff41814fff41814fff41814fff41814fff41814fff41814fff41814fff41814fff41814fff41814fff41814fff41814fff41814fff41814fff41814fff41814fff41814fff41814fff41814fff41814fff41814fff41814fff41814fff41814fff41814fff41814fff41814fff41814fff41814fff41814f
#MRGB ff41814fff41814fff41814fff41814fff41814fff41814fff41814fff41814fff41814fff41814fff41814fff41814fff41814fff41814fff41814fff41814fff41814fff41814fff41814fff41814fff41814fff41814fff41814fff41814fff41814fff41814fff41814fff41814fff41814fff41814fff41814fff41814fff41814fff41814fff41814fff41814fff41814fff41814fff41814fff41814fff41814fff41814fff41814fff41814fff41814fff41814fff41814fff41814fff41814fff41814fff41814fff41814fff41814fff41814fff41814fff41814fff41814fff41814fff41814fff41814fff41814fff41814fff41814fff41814f
#MRGB ff41814fff41814fff41814fff41814fff41814fff41814fff41814fff41814fff41814fff41814fff41814fff41814fff41814fff41814fff41814fff41814fff41814fff41814fff41814fff41814fff41814fff41814fff41814fff41814fff41814fff41814fff41814fff41814fff41814fff41814fff41814fff41814fff41814fff41814fff41814fff41814fff41814fff41814fff41814fff41814fff41814fff41814fff41814fff41814fff41814fff41814fff41814fff41814fff41814fff41814fff41814fff41814fff41814fff41814fff41814fff41814fff41814fff41814fff41814fff41814fff41814fff41814fff41814fff41814f
#MRGB ff41814fff41814fff41814fff41814fff41814fff41814fff41814fff41814fff41814fff41814fff41814fff41814fff41814fff41814fff41814fff41814fff41814fff41814fff41814fff41814fff41814fff41814fff41814fff41814fff41814fff41814fff41814fff41814fff41814fff41814fff41814fff41814fff41814fff41814fff41814fff41814fff41814fff41814fff41814fff41814fff41814fff41814fff41814fff41814fff41814fff41814fff41814fff41814fff41814fff41814fff41814fff41814fff41814fff41814fff41814fff41814fff41814fff41814fff41814fff41814fff41814fff41814fff41814fff41814f
#MRGB ff41814fff41814fff41814fff41814fff41814fff41814fff41814fff41814fff41814fff41814fff41814fff41814fff41814fff41814fff41814fff41814fff41814fff41814fff41814fff41814fff41814fff41814fff41814fff41814fff41814fff41814fff41814fff41814fff41814fff41814fff41814fff41814fff41814fff41814fff41814fff41814fff41814fff41814fff41814fff41814fff41814fff41814fff41814fff41814fff41814fff41814fff41814fff41814fff41814fff41814fff41814fff41814fff41814fff41814fff41814fff41814fff41814fff41814fff41814fff41814fff41814fff41814fff41814fff41814f
#MRGB ff41814fff41814fff41814fff41814fff41814fff41814fff41814fff41814fff41814fff41814fff41814fff41814fff41814fff41814fff41814fff41814fff41814fff41814fff41814fff41814fff41814fff41814fff41814fff41814fff41814fff41814fff41814fff41814fff41814fff41814fff41814fff41814fff41814fff41814fff41814fff41814fff41814fff41814fff41814fff41814fff41814fff41814fff41814fff41814fff41814fff41814fff41814fff41814fff41814fff41814fff41814fff41814fff41814fff41814fff41814fff41814fff41814fff41814fff41814fff41814fff41814fff41814fff41814fff41814f
#MRGB ff41814fff41814fff41814fff41814fff41814fff41814fff41814fff41814fff41814fff41814fff41814fff41814fff41814fff41814fff41814fff41814fff41814fff41814fff41814fff41814fff41814fff41814fff41814fff41814fff41814fff41814fff41814fff41814fff41814fff41814fff41814fff41814fff41814fff41814fff41814fff41814fff41814fff41814fff41814fff41814fff41814fff41814fff41814fff41814fff41814fff41814fff41814fff41814fff41814fff41814fff41814fff41814fff41814fff41814fff41814fff41814fff41814fff41814fff41814fff41814fff41814fff41814fff41814fff41814f
#MRGB ff41814fff41814fff41814fff41814fff41814fff41814fff41814fff41814fff41814fff41814fff41814fff41814fff41814fff41814fff41814fff41814fff41814fff41814fff41814fff41814fff41814fff41814fff41814fff41814fff41814fff41814fff41814fff41814fff41814fff41814fff41814fff41814fff41814fff41814fff41814fff41814fff41814fff41814fff41814fff41814fff41814fff41814fff41814fff41814fff41814fff41814fff41814fff41814fff41814fff41814fff41814fff41814fff41814fff41814fff41814fff41814fff41814fff41814fff41814fff41814fff41814fff41814fff41814fff41814f
#MRGB ff41814fff41814fff41814fff41814fff41814fff41814fff41814fff41814fff41814fff41814fff41814fff41814fff41814fff41814fff41814fff41814fff41814fff41814fff41814fff41814fff41814fff41814fff41814fff41814fff41814fff41814fff41814fff41814fff41814fff41814fff41814fff41814fff41814fff41814fff41814fff41814fff41814fff41814fff41814fff41814fff41814fff41814fff41814fff41814fff41814fff41814fff41814fff41814fff41814fff41814fff41814fff41814fff41814fff41814fff41814fff41814fff41814fff41814fff41814fff41814fff41814fff41814fff41814fff41814f
#MRGB ff41814fff41814fff41814fff41814fff41814fff41814fff41814fff41814fff41814fff41814fff41814fff41814fff41814fff41814fff41814fff41814fff41814fff41814fff41814fff41814fff41814fff41814fff41814fff41814fff41814fff41814fff41814fff41814fff41814fff41814fff41814fff41814fff41814fff41814fff41814fff41814fff41814fff41814fff41814fff41814fff41814fff41814fff41814fff41814fff41814fff41814fff41814fff41814fff41814fff41814fff41814fff41814fff41814fff41814fff41814fff41814fff41814fff41814fff41814fff41814fff41814fff41814fff41814fff41814f
#MRGB ff41814fff41814fff41814fff41814fff41814fff41814fff41814fff41814fff41814fff41814fff41814fff41814fff41814fff41814fff41814fff41814fff41814fff41814fff41814fff41814fff41814fff41814fff41814fff41814fff41814fff41814fff41814fff41814fff41814fff41814fff41814fff41814fff41814fff41814fff41814fff41814fff41814fff41814fff41814fff41814fff41814fff41814fff41814fff41814fff41814fff41814fff41814fff41814fff41814fff41814fff41814fff41814fff41814fff41814fff41814fff41814fff41814fff41814fff41814fff41814fff41814fff41814fff41814fff41814f
#MRGB ff41814fff41814fff41814fff41814fff41814fff41814fff41814fff41814fff41814fff41814fff41814fff41814fff41814fff41814fff41814fff41814fff41814fff41814fff41814fff41814fff41814fff41814fff41814fff41814fff41814fff41814fff41814fff41814fff41814fff41814fff41814fff41814fff41814fff41814fff41814fff41814fff41814fff41814fff41814fff41814fff41814fff41814fff41814fff41814fff41814fff41814fff41814fff41814fff41814fff41814fff41814fff41814fff41814fff41814fff41814fff41814fff41814fff41814fff41814fff41814fff41814fff41814fff41814fff41814f
#MRGB ff41814fff41814fff41814fff41814fff41814fff41814fff41814fff41814fff41814fff41814fff41814fff41814fff41814fff41814fff41814fff41814fff41814fff41814fff41814fff41814fff41814fff41814fff41814fff41814fff41814fff41814fff41814fff41814fff41814fff41814fff41814fff41814fff41814fff41814fff41814fff41814fff41814fff41814fff41814fff41814fff41814fff41814fff41814fff41814fff41814fff41814fff41814fff41814fff41814fff41814fff41814fff41814fff41814fff41814fff41814fff41814fff41814fff41814fff41814fff41814fff41814fff41814fff41814fff41814f
#MRGB ff41814fff41814fff41814fff41814fff41814fff41814fff41814fff41814fff41814fff41814fff41814fff41814fff41814fff41814fff41814fff41814fff41814fff41814fff41814fff41814fff41814fff41814fff41814fff41814fff41814fff41814fff41814fff41814fff41814fff41814fff41814fff41814fff41814fff41814fff41814fff41814fff41814fff41814fff41814fff41814fff41814fff41814fff41814fff41814fff41814fff41814fff41814fff41814fff41814fff41814fff41814fff41814fff41814fff41814fff41814fff41814fff41814fff41814fff41814fff41814fff41814fff41814fff41814fff41814f
#MRGB ff41814fff41814fff41814fff41814fff41814fff41814fff41814fff41814fff41814fff41814fff41814fff41814fff41814fff41814fff41814fff41814fff41814fff41814fff41814fff41814fff41814fff41814fff41814fff41814fff41814fff41814fff41814fff41814fff41814fff41814fff41814fff41814fff41814fff41814fff41814fff41814fff41814fff41814fff41814fff41814fff41814fff41814fff41814fff41814fff41814fff41814fff41814fff41814fff41814fff41814fff41814fff41814fff41814fff41814fff41814fff41814fff41814fff41814fff41814fff41814fff41814fff41814fff41814fff41814f
#MRGB ff41814fff41814fff41814fff41814fff41814fff41814fff41814fff41814fff41814fff41814fff41814fff41814fff41814fff41814fff41814fff41814fff41814fff41814fff41814fff41814fff41814fff41814fff41814fff41814fff41814fff41814fff41814fff41814fff41814fff41814fff41814fff41814fff41814fff41814fff41814fff41814fff41814fff41814fff41814fff41814fff41814fff41814fff41814fff41814fff41814fff41814fff41814fff41814fff41814fff41814fff41814fff41814fff41814fff41814fff41814fff41814fff41814fff41814fff41814fff41814fff41814fff41814fff41814fff41814f
#MRGB ff41814fff41814fff41814fff41814fff41814fff41814fff41814fff41814fff41814fff41814fff41814fff41814fff41814fff41814fff41814fff41814fff41814fff41814fff41814fff41814fff41814fff41814fff41814fff41814fff41814fff41814fff41814fff41814fff41814fff41814fff41814fff41814fff41814fff41814fff41814fff41814fff41814fff41814fff41814fff41814fff41814fff41814fff41814fff41814fff41814fff41814fff41814fff41814fff41814fff41814fff41814fff41814fff41814fff41814fff41814fff41814fff41814fff41814fff41814fff41814fff41814fff41814fff41814fff41814f
#MRGB ff41814fff41814fff41814fff41814fff41814fff41814fff41814fff41814fff41814fff41814fff41814fff41814fff41814fff41814fff41814fff41814fff41814fff41814fff41814fff41814fff41814fff41814fff41814fff41814fff41814fff41814fff41814fff41814fff41814fff41814fff41814fff41814fff41814fff41814fff41814fff41814fff41814fff41814fff41814fff41814fff41814fff41814fff41814fff41814fff41814fff41814fff41814fff41814fff41814fff41814fff41814fff41814fff41814fff41814fff41814fff41814fff41814fff41814fff41814fff41814fff41814fff41814fff41814fff41814f
#MRGB ff41814fff41814fff41814fff41814fff41814fff41814fff41814fff41814fff41814fff41814fff41814fff41814fff41814fff41814fff41814fff41814fff41814fff41814fff41814fff41814fff41814fff41814fff41814fff41814fff41814fff41814fff41814fff41814fff41814fff41814fff41814fff41814fff41814fff41814fff41814fff41814fff41814fff41814fff41814fff41814fff41814fff41814fff41814fff41814fff41814fff41814fff41814fff41814fff41814fff41814fff41814fff41814fff41814fff41814fff41814fff41814fff41814fff41814fff41814fff41814fff41814fff41814fff41814fff41814f
#MRGB ff41814fff41814fff41814fff41814fff41814fff41814fff41814fff41814fff41814fff41814fff41814fff41814fff41814fff41814fff41814fff41814fff41814fff41814fff41814fff41814fff41814fff41814fff41814fff41814fff41814fff41814fff41814fff41814fff41814fff41814fff41814fff41814fff41814fff41814fff41814fff41814fff41814fff41814fff41814fff41814fff41814fff41814fff41814fff41814fff41814fff41814fff41814fff41814fff41814fff41814fff41814fff41814fff41814fff41814fff41814fff41814fff41814fff41814fff41814fff41814fff41814fff41814fff41814fff41814f
#MRGB ff41814fff41814fff41814fff41814fff41814fff41814fff41814fff41814fff41814fff41814fff41814fff41814fff41814fff41814fff41814fff41814fff41814fff41814fff41814fff41814fff41814fff41814fff41814fff41814fff41814fff41814fff41814fff41814fff41814fff41814fff41814fff41814fff41814fff41814fff41814fff41814fff41814fff41814fff41814fff41814fff41814fff41814fff41814fff41814fff41814fff41814fff41814fff41814fff41814fff41814fff41814fff41814fff41814fff41814fff41814fff41814fff41814fff41814fff41814fff41814fff41814fff41814fff41814fff41814f
#MRGB ff41814fff41814fff41814fff41814fff41814fff41814fff41814fff41814fff41814fff41814fff41814fff41814fff41814fff41814fff41814fff41814fff41814fff41814fff41814fff41814fff41814fff41814fff41814fff41814fff41814fff41814fff41814fff41814fff41814fff41814fff41814fff41814fff41814fff41814fff41814fff41814fff41814fff41814fff41814fff41814fff41814fff41814fff41814fff41814fff41814fff41814fff41814fff41814fff41814fff41814fff41814fff41814fff41814fff41814fff41814fff41814fff41814fff41814fff41814fff41814fff41814fff41814fff41814fff41814f
#MRGB ff41814fff41814fff41814fff41814fff41814fff41814fff41814fff41814fff41814fff41814fff41814fff41814fff41814fff41814fff41814fff41814fff41814fff41814fff41814fff41814fff41814fff41814fff41814fff41814fff41814fff41814fff41814fff41814fff41814fff41814fff41814fff41814fff41814fff41814fff41814fff41814fff41814fff41814fff41814fff41814fff41814fff41814fff41814fff41814fff41814fff41814fff41814fff41814fff41814fff41814fff41814fff41814fff41814fff41814fff41814fff41814fff41814fff41814fff41814fff41814fff41814fff41814fff41814fff41814f
#MRGB ff41814fff41814fff41814fff41814fff41814fff41814fff41814fff41814fff41814fff41814fff41814fff41814fff41814fff41814fff41814fff41814fff41814fff41814fff41814fff41814fff41814fff41814fff41814fff41814fff41814fff41814fff41814fff41814fff41814fff41814fff41814fff41814fff41814fff41814fff41814fff41814fff41814fff41814fff41814fff41814fff41814fff41814fff41814fff41814fff41814fff41814fff41814fff41814fff41814fff41814fff41814fff41814fff41814fff41814fff41814fff41814fff41814fff41814fff41814fff41814fff41814fff41814fff41814fff41814f
#MRGB ff41814fff41814fff41814fff41814fff41814fff41814fff41814fff41814fff41814fff41814fff41814fff41814fff41814fff41814fff41814fff41814fff41814fff41814fff41814fff41814fff41814fff41814fff41814fff41814fff41814fff41814fff41814fff41814fff41814fff41814fff41814fff41814fff41814fff41814fff41814fff41814fff41814fff41814fff41814fff41814fff41814fff41814fff41814fff41814fff41814fff41814fff41814fff41814fff41814fff41814fff41814fff41814fff41814fff41814fff41814fff41814fff41814fff41814fff41814fff41814fff41814fff41814fff41814fff41814f
#MRGB ff41814fff41814fff41814fff41814fff41814fff41814fff41814fff41814fff41814fff41814fff41814fff41814fff41814fff41814fff41814fff41814fff41814fff41814fff41814fff41814fff41814fff41814fff41814fff41814fff41814fff41814fff41814fff41814fff41814fff41814fff41814fff41814fff41814fff41814fff41814fff41814fff41814fff41814fff41814fff41814fff41814fff41814fff41814fff41814fff41814fff41814fff41814fff41814fff41814fff41814fff41814fff41814fff41814fff41814fff41814fff41814fff41814fff41814fff41814fff41814fff41814fff41814fff41814fff41814f
#MRGB ff41814fff41814fff41814fff41814fff41814fff41814fff41814fff41814fff41814fff41814fff41814fff41814fff41814fff41814fff41814fff41814fff41814fff41814fff41814fff41814fff41814fff41814fff41814fff41814fff41814fff41814fff41814fff41814fff41814fff41814fff41814fff41814fff41814fff41814fff41814fff41814fff41814fff41814fff41814fff41814fff41814fff41814fff41814fff41814fff41814fff41814fff41814fff41814fff41814fff41814fff41814fff41814fff41814fff41814fff41814fff41814fff41814fff41814fff41814fff41814fff41814fff41814fff41814fff41814f
#MRGB ff41814fff41814fff41814fff41814fff41814fff41814fff41814fff41814fff41814fff41814fff41814fff41814fff41814fff41814fff41814fff41814fff41814fff41814fff41814fff41814fff41814fff41814fff41814fff41814fff41814fff41814fff41814fff41814fff41814fff41814fff41814fff41814fff41814fff41814fff41814fff41814fff41814fff41814fff41814fff41814fff41814fff41814fff41814fff41814fff41814fff41814fff41814fff41814fff41814fff41814fff41814fff41814fff41814fff41814fff41814fff41814fff41814fff41814fff41814fff41814fff41814fff41814fff41814fff41814f
#MRGB ff41814fff41814fff41814fff41814fff41814fff41814fff41814fff41814fff41814fff41814fff41814fff41814fff41814fff41814fff41814fff41814fff41814fff41814fff41814fff41814fff41814fff41814fff41814fff41814fff41814fff41814fff41814fff41814fff41814fff41814fff41814fff41814fff41814fff41814fff41814fff41814fff41814fff41814fff41814fff41814fff41814fff41814fff41814fff41814fff41814fff41814fff41814fff41814fff41814fff41814fff41814fff41814fff41814fff41814fff41814fff41814fff41814fff41814fff41814fff41814fff41814fff41814fff41814fff41814f
#MRGB ff41814fff41814fff41814fff41814fff41814fff41814fff41814fff41814fff41814fff41814fff41814fff41814fff41814fff41814fff41814fff41814fff41814fff41814fff41814fff41814fff41814fff41814fff41814fff41814fff41814fff41814fff41814fff41814fff41814fff41814fff41814fff41814fff41814fff41814fff41814fff41814fff41814fff41814fff41814fff41814fff41814fff41814fff41814fff41814fff41814fff41814fff41814fff41814fff41814fff41814fff41814fff41814fff41814fff41814fff41814fff41814fff41814fff41814fff41814fff41814fff41814fff41814fff41814fff41814f
#MRGB ff41814fff41814fff41814fff41814fff41814fff41814fff41814fff41814fff41814fff41814fff41814fff41814fff41814fff41814fff41814fff41814fff41814fff41814fff41814fff41814fff41814fff41814fff41814fff41814fff41814fff41814fff41814fff41814fff41814fff41814fff41814fff41814fff41814fff41814fff41814fff41814fff41814fff41814fff41814fff41814fff41814fff41814fff41814fff41814fff41814fff41814fff41814fff41814fff41814fff41814fff41814fff41814fff41814fff41814fff41814fff41814fff41814fff41814fff41814fff41814fff41814fff41814fff41814fff41814f
#MRGB ff41814fff41814fff41814fff41814fff41814fff41814fff41814fff41814fff41814fff41814fff41814fff41814fff41814fff41814fff41814fff41814fff41814fff41814fff41814fff41814fff41814fff41814fff41814fff41814fff41814fff41814fff41814fff41814fff41814fff41814fff41814fff41814fff41814fff41814fff41814fff41814fff41814fff41814fff41814fff41814fff41814fff41814fff41814fff41814fff41814fff41814fff41814fff41814fff41814fff41814fff41814fff41814fff41814fff41814fff41814fff41814fff41814fff41814fff41814fff41814fff41814fff41814fff41814fff41814f
#MRGB ff41814fff41814fff41814fff41814fff41814fff41814fff41814fff41814fff41814fff41814fff41814fff41814fff41814fff41814fff41814fff41814fff41814fff41814fff41814fff41814fff41814fff41814fff41814fff41814fff41814fff41814fff41814fff41814fff41814fff41814fff41814fff41814fff41814fff41814fff41814fff41814fff41814fff41814fff41814fff41814fff41814fff41814fff41814fff41814fff41814fff41814fff41814fff41814fff41814fff41814fff41814fff41814fff41814fff41814fff41814fff41814fff41814fff41814fff41814fff41814fff41814fff41814fff41814fff41814f
#MRGB ff41814fff41814fff41814fff41814fff41814fff41814fff41814fff41814fff41814fff41814fff41814fff41814fff41814fff41814fff41814fff41814fff41814fff41814fff41814fff41814fff41814fff41814fff41814fff41814fff41814fff41814fff41814fff41814fff41814fff41814fff41814fff41814fff41814fff41814fff41814fff41814fff41814fff41814fff41814fff41814fff41814fff41814fff41814fff41814fff41814fff41814fff41814fff41814fff41814fff41814fff41814fff41814fff41814fff41814fff41814fff41814fff41814fff41814fff41814fff41814fff41814fff41814fff41814fff41814f
#MRGB ff41814fff41814fff41814fff41814fff41814fff41814fff41814fff41814fff41814fff41814fff41814fff41814fff41814fff41814fff41814fff41814fff41814fff41814fff41814fff41814fff41814fff41814fff41814fff41814fff41814fff41814fff41814fff41814fff41814fff41814fff41814fff41814fff41814fff41814fff41814fff41814fff41814fff41814fff41814fff41814fff41814fff41814fff41814fff41814fff41814fff41814fff41814fff41814fff41814fff41814fff41814fff41814fff41814fff41814fff41814fff41814fff41814fff41814fff41814fff41814fff41814fff41814fff41814fff41814f
#MRGB ff41814fff41814fff41814fff41814fff41814fff41814fff41814fff41814fff41814fff41814fff41814fff41814fff41814fff41814fff41814fff41814fff41814fff41814fff41814fff41814fff41814fff41814fff41814fff41814fff41814fff41814fff41814fff41814fff41814fff41814fff41814fff41814fff41814fff41814fff41814fff41814fff41814fff41814fff41814fff41814fff41814fff41814fff41814fff41814fff41814fff41814fff41814fff41814fff41814fff41814fff41814fff41814fff41814fff41814fff41814fff41814fff41814fff41814fff41814fff41814fff41814fff41814fff41814fff41814f
#MRGB ff41814fff41814fff41814fff41814fff41814fff41814fff41814fff41814fff41814fff41814fff41814fff41814fff41814fff41814fff41814fff41814fff41814fff41814fff41814fff41814fff41814fff41814fff41814fff41814fff41814fff41814fff41814fff41814fff41814fff41814fff41814fff41814fff41814fff41814fff41814fff41814fff41814fff41814fff41814fff41814fff41814fff41814fff41814fff41814fff41814fff41814fff41814fff41814fff41814fff41814fff41814fff41814fff41814fff41814fff41814fff41814fff41814fff41814fff41814fff41814fff41814fff41814fff41814fff41814f
#MRGB ff41814fff41814fff41814fff41814fff41814fff41814fff41814fff41814fff41814fff41814fff41814fff41814fff41814fff41814fff41814fff41814fff41814fff41814f
# End of MRGB block 
g Group30625
f 1 3127 3131 3130
f 3127 64 3128 3131
f 3131 3128 65 3129
f 3130 3131 3129 66
f 2 3132 3136 3135
f 3132 67 3133 3136
f 3136 3133 68 3134
f 3135 3136 3134 69
f 2 3135 3140 3139
f 3135 69 3137 3140
f 3140 3137 70 3138
f 3139 3140 3138 71
f 2 3139 3143 3132
f 3139 71 3141 3143
f 3143 3141 72 3142
f 3132 3143 3142 67
f 3 3144 3148 3147
f 3144 73 3145 3148
f 3148 3145 74 3146
f 3147 3148 3146 75
f 3 3149 3152 3144
f 3149 76 3150 3152
f 3152 3150 77 3151
f 3144 3152 3151 73
f 3 3147 3155 3149
f 3147 75 3153 3155
f 3155 3153 78 3154
f 3149 3155 3154 76
f 4 3156 3160 3159
f 3156 79 3157 3160
f 3160 3157 80 3158
f 3159 3160 3158 81
f 83 3161 3164 3163
f 3161 84 3162 3164
f 3164 3162 79 3156
f 3163 3164 3156 4
f 4 3159 3167 3163
f 3159 81 3165 3167
f 3167 3165 82 3166
f 3163 3167 3166 83
f 5 3168 3172 3171
f 3168 85 3169 3172
f 3172 3169 86 3170
f 3171 3172 3170 87
f 5 3173 3176 3168
f 3173 88 3174 3176
f 3176 3174 89 3175
f 3168 3176 3175 85
f 5 3171 3179 3173
f 3171 87 3177 3179
f 3179 3177 90 3178
f 3173 3179 3178 88
f 6 3180 3184 3183
f 3180 91 3181 3184
f 3184 3181 92 3182
f 3183 3184 3182 93
f 6 3185 3188 3180
f 3185 94 3186 3188
f 3188 3186 95 3187
f 3180 3188 3187 91
f 6 3189 3192 3185
f 3189 96 3190 3192
f 3192 3190 97 3191
f 3185 3192 3191 94
f 7 3193 3197 3196
f 3193 98 3194 3197
f 3197 3194 99 3195
f 3196 3197 3195 100
f 7 3198 3201 3193
f 3198 101 3199 3201
f 3201 3199 102 3200
f 3193 3201 3200 98
f 8 3202 3206 3205
f 3202 9 3203 3206
f 3206 3203 103 3204
f 3205 3206 3204 29
f 8 3207 3210 3202
f 3207 104 3208 3210
f 3210 3208 105 3209
f 3202 3210 3209 9
f 8 3205 3213 3207
f 3205 29 3211 3213
f 3213 3211 106 3212
f 3207 3213 3212 104
f 9 3209 3216 3203
f 3209 105 3214 3216
f 3216 3214 30 3215
f 3203 3216 3215 103
f 10 3217 3221 3220
f 3217 107 3218 3221
f 3221 3218 108 3219
f 3220 3221 3219 109
f 10 3222 3225 3217
f 3222 110 3223 3225
f 3225 3223 111 3224
f 3217 3225 3224 107
f 10 3220 3228 3222
f 3220 109 3226 3228
f 3228 3226 112 3227
f 3222 3228 3227 110
f 11 3229 3233 3232
f 3229 113 3230 3233
f 3233 3230 114 3231
f 3232 3233 3231 115
f 11 3234 3238 3237
f 3234 116 3235 3238
f 3238 3235 117 3236
f 3237 3238 3236 118
f 11 3237 3241 3229
f 3237 118 3239 3241
f 3241 3239 119 3240
f 3229 3241 3240 113
f 12 3242 3246 3245
f 3242 120 3243 3246
f 3246 3243 63 3244
f 3245 3246 3244 121
f 12 3247 3250 3242
f 3247 122 3248 3250
f 3250 3248 123 3249
f 3242 3250 3249 120
f 13 3251 3255 3254
f 3251 124 3252 3255
f 3255 3252 125 3253
f 3254 3255 3253 126
f 13 3254 3258 3257
f 3254 126 3256 3258
f 3258 3256 90 3177
f 3257 3258 3177 87
f 13 3257 3260 3251
f 3257 87 3170 3260
f 3260 3170 86 3259
f 3251 3260 3259 124
f 14 3261 3265 3264
f 3261 127 3262 3265
f 3265 3262 128 3263
f 3264 3265 3263 129
f 14 3266 3270 3269
f 3266 130 3267 3270
f 3270 3267 131 3268
f 3269 3270 3268 132
f 14 3269 3273 3261
f 3269 132 3271 3273
f 3273 3271 78 3272
f 3261 3273 3272 127
f 14 3264 3277 3276
f 3264 129 3274 3277
f 3277 3274 133 3275
f 3276 3277 3275 134
f 15 3278 3281 3280
f 3278 135 3279 3281
f 3281 3279 124 3259
f 3280 3281 3259 86
f 15 3280 3284 3283
f 3280 86 3169 3284
f 3284 3169 85 3282
f 3283 3284 3282 136
f 15 3283 3287 3278
f 3283 136 3285 3287
f 3287 3285 137 3286
f 3278 3287 3286 135
f 16 3288 3292 3291
f 3288 138 3289 3292
f 3292 3289 139 3290
f 3291 3292 3290 140
f 141 3293 3297 3296
f 3293 142 3294 3297
f 3297 3294 143 3295
f 3296 3297 3295 144
f 17 3298 3301 3300
f 3298 141 3296 3301
f 3301 3296 144 3299
f 3300 3301 3299 145
f 17 3302 3305 3298
f 3302 146 3303 3305
f 3305 3303 147 3304
f 3298 3305 3304 141
f 18 3306 3310 3309
f 3306 148 3307 3310
f 3310 3307 149 3308
f 3309 3310 3308 38
f 18 3309 3313 3312
f 3309 38 3311 3313
f 3313 3311 134 3275
f 3312 3313 3275 133
f 18 3312 3317 3316
f 3312 133 3314 3317
f 3317 3314 150 3315
f 3316 3317 3315 151
f 19 3318 3322 3321
f 3318 152 3319 3322
f 3322 3319 153 3320
f 3321 3322 3320 154
f 156 3323 3326 3325
f 3323 157 3324 3326
f 3326 3324 152 3318
f 3325 3326 3318 19
f 19 3321 3329 3325
f 3321 154 3327 3329
f 3329 3327 155 3328
f 3325 3329 3328 156
f 20 3330 3334 3333
f 3330 158 3331 3334
f 3334 3331 159 3332
f 3333 3334 3332 160
f 20 3335 3338 3330
f 3335 161 3336 3338
f 3338 3336 162 3337
f 3330 3338 3337 158
f 20 3333 3341 3335
f 3333 160 3339 3341
f 3341 3339 163 3340
f 3335 3341 3340 161
f 21 3342 3346 3345
f 3342 164 3343 3346
f 3346 3343 165 3344
f 3345 3346 3344 166
f 21 3347 3350 3342
f 3347 167 3348 3350
f 3350 3348 168 3349
f 3342 3350 3349 164
f 21 3345 3354 3353
f 3345 166 3351 3354
f 3354 3351 169 3352
f 3353 3354 3352 170
f 21 3353 3358 3357
f 3353 170 3355 3358
f 3358 3355 171 3356
f 3357 3358 3356 172
f 21 3357 3361 3347
f 3357 172 3359 3361
f 3361 3359 173 3360
f 3347 3361 3360 167
f 22 3362 3366 3365
f 3362 174 3363 3366
f 3366 3363 175 3364
f 3365 3366 3364 176
f 22 3367 3370 3362
f 3367 177 3368 3370
f 3370 3368 178 3369
f 3362 3370 3369 174
f 22 3365 3373 3367
f 3365 176 3371 3373
f 3373 3371 179 3372
f 3367 3373 3372 177
f 23 3374 3377 3376
f 3374 177 3372 3377
f 3377 3372 179 3375
f 3376 3377 3375 180
f 23 3376 3381 3380
f 3376 180 3378 3381
f 3381 3378 47 3379
f 3380 3381 3379 181
f 23 3382 3384 3374
f 3382 182 3383 3384
f 3384 3383 178 3368
f 3374 3384 3368 177
f 24 3385 3389 3388
f 3385 183 3386 3389
f 3389 3386 184 3387
f 3388 3389 3387 185
f 24 3390 3393 3385
f 3390 186 3391 3393
f 3393 3391 187 3392
f 3385 3393 3392 183
f 24 3394 3397 3390
f 3394 188 3395 3397
f 3397 3395 53 3396
f 3390 3397 3396 186
f 25 3398 3402 3401
f 3398 189 3399 3402
f 3402 3399 190 3400
f 3401 3402 3400 191
f 26 3403 3406 3405
f 3403 193 3404 3406
f 3406 3404 189 3398
f 3405 3406 3398 25
f 25 3401 3409 3405
f 3401 191 3407 3409
f 3409 3407 192 3408
f 3405 3409 3408 26
f 26 3410 3414 3413
f 3410 194 3411 3414
f 3414 3411 195 3412
f 3413 3414 3412 49
f 26 3413 3418 3417
f 3413 49 3415 3418
f 3418 3415 196 3416
f 3417 3418 3416 65
f 26 3417 3420 3403
f 3417 65 3128 3420
f 3420 3128 64 3419
f 3403 3420 3419 193
f 27 3421 3424 3423
f 3421 197 3422 3424
f 3424 3422 190 3399
f 3423 3424 3399 189
f 27 3423 3427 3426
f 3423 189 3404 3427
f 3427 3404 193 3425
f 3426 3427 3425 198
f 27 3426 3430 3421
f 3426 198 3428 3430
f 3430 3428 199 3429
f 3421 3430 3429 197
f 28 3431 3435 3434
f 3431 200 3432 3435
f 3435 3432 201 3433
f 3434 3435 3433 202
f 28 3434 3439 3438
f 3434 202 3436 3439
f 3439 3436 203 3437
f 3438 3439 3437 31
f 28 3438 3443 3442
f 3438 31 3440 3443
f 3443 3440 204 3441
f 3442 3443 3441 205
f 28 3444 3446 3431
f 3444 105 3208 3446
f 3446 3208 104 3445
f 3431 3446 3445 200
f 28 3447 3449 3444
f 3447 206 3448 3449
f 3449 3448 30 3214
f 3444 3449 3214 105
f 28 3442 3452 3447
f 3442 205 3450 3452
f 3452 3450 207 3451
f 3447 3452 3451 206
f 29 3204 3455 3211
f 3204 103 3453 3455
f 3455 3453 208 3454
f 3211 3455 3454 106
f 30 3448 3457 3215
f 3448 206 3456 3457
f 3457 3456 208 3453
f 3215 3457 3453 103
f 31 3458 3461 3440
f 3458 209 3459 3461
f 3461 3459 210 3460
f 3440 3461 3460 204
f 31 3462 3465 3458
f 3462 211 3463 3465
f 3465 3463 212 3464
f 3458 3465 3464 209
f 32 3466 3470 3469
f 3466 213 3467 3470
f 3470 3467 214 3468
f 3469 3470 3468 215
f 32 3469 3474 3473
f 3469 215 3471 3474
f 3474 3471 216 3472
f 3473 3474 3472 217
f 32 3475 3477 3466
f 3475 106 3454 3477
f 3477 3454 208 3476
f 3466 3477 3476 213
f 32 3473 3480 3479
f 3473 217 3478 3480
f 3480 3478 201 3432
f 3479 3480 3432 200
f 32 3479 3481 3475
f 3479 200 3445 3481
f 3481 3445 104 3212
f 3475 3481 3212 106
f 33 3482 3486 3485
f 3482 218 3483 3486
f 3486 3483 219 3484
f 3485 3486 3484 220
f 33 3485 3490 3489
f 3485 220 3487 3490
f 3490 3487 221 3488
f 3489 3490 3488 222
f 33 3489 3493 3482
f 3489 222 3491 3493
f 3493 3491 223 3492
f 3482 3493 3492 218
f 34 3494 3498 3497
f 3494 224 3495 3498
f 3498 3495 225 3496
f 3497 3498 3496 226
f 34 3499 3503 3502
f 3499 227 3500 3503
f 3503 3500 228 3501
f 3502 3503 3501 229
f 34 3504 3507 3494
f 3504 230 3505 3507
f 3507 3505 231 3506
f 3494 3507 3506 224
f 34 3502 3510 3504
f 3502 229 3508 3510
f 3510 3508 232 3509
f 3504 3510 3509 230
f 34 3497 3513 3499
f 3497 226 3511 3513
f 3513 3511 233 3512
f 3499 3513 3512 227
f 35 3514 3518 3517
f 3514 234 3515 3518
f 3518 3515 235 3516
f 3517 3518 3516 236
f 35 3517 3522 3521
f 3517 236 3519 3522
f 3522 3519 237 3520
f 3521 3522 3520 238
f 35 3521 3525 3514
f 3521 238 3523 3525
f 3525 3523 239 3524
f 3514 3525 3524 234
f 36 3526 3530 3529
f 3526 240 3527 3530
f 3530 3527 241 3528
f 3529 3530 3528 242
f 36 3529 3534 3533
f 3529 242 3531 3534
f 3534 3531 243 3532
f 3533 3534 3532 244
f 36 3533 3537 3526
f 3533 244 3535 3537
f 3537 3535 245 3536
f 3526 3537 3536 240
f 37 3538 3540 3539
f 3538 150 3314 3540
f 3540 3314 133 3274
f 3539 3540 3274 129
f 37 3539 3543 3542
f 3539 129 3263 3543
f 3543 3263 128 3541
f 3542 3543 3541 246
f 37 3544 3547 3538
f 3544 247 3545 3547
f 3547 3545 248 3546
f 3538 3547 3546 150
f 38 3308 3550 3311
f 3308 149 3548 3550
f 3550 3548 249 3549
f 3311 3550 3549 134
f 39 3551 3555 3554
f 3551 250 3552 3555
f 3555 3552 251 3553
f 3554 3555 3553 252
f 39 3556 3559 3551
f 3556 253 3557 3559
f 3559 3557 254 3558
f 3551 3559 3558 250
f 39 3554 3562 3556
f 3554 252 3560 3562
f 3562 3560 255 3561
f 3556 3562 3561 253
f 40 3563 3567 3566
f 3563 41 3564 3567
f 3567 3564 256 3565
f 3566 3567 3565 257
f 40 3566 3571 3570
f 3566 257 3568 3571
f 3571 3568 258 3569
f 3570 3571 3569 259
f 40 3570 3574 3563
f 3570 259 3572 3574
f 3574 3572 260 3573
f 3563 3574 3573 41
f 41 3575 3578 3564
f 3575 261 3576 3578
f 3578 3576 262 3577
f 3564 3578 3577 256
f 41 3579 3582 3575
f 3579 263 3580 3582
f 3582 3580 264 3581
f 3575 3582 3581 261
f 42 3583 3586 3585
f 3583 71 3138 3586
f 3586 3138 70 3584
f 3585 3586 3584 265
f 42 3585 3590 3589
f 3585 265 3587 3590
f 3590 3587 266 3588
f 3589 3590 3588 267
f 42 3589 3592 3583
f 3589 267 3591 3592
f 3592 3591 72 3141
f 3583 3592 3141 71
f 43 3593 3597 3596
f 3593 268 3594 3597
f 3597 3594 269 3595
f 3596 3597 3595 44
f 43 3598 3601 3593
f 3598 270 3599 3601
f 3601 3599 271 3600
f 3593 3601 3600 268
f 43 3596 3604 3598
f 3596 44 3602 3604
f 3604 3602 272 3603
f 3598 3604 3603 270
f 44 3605 3608 3602
f 3605 273 3606 3608
f 3608 3606 274 3607
f 3602 3608 3607 272
f 44 3609 3611 3605
f 3609 256 3577 3611
f 3611 3577 262 3610
f 3605 3611 3610 273
f 44 3595 3613 3609
f 3595 269 3612 3613
f 3613 3612 257 3565
f 3609 3613 3565 256
f 45 3614 3618 3617
f 3614 275 3615 3618
f 3618 3615 276 3616
f 3617 3618 3616 277
f 45 3619 3622 3614
f 3619 278 3620 3622
f 3622 3620 279 3621
f 3614 3622 3621 275
f 45 3617 3625 3619
f 3617 277 3623 3625
f 3625 3623 280 3624
f 3619 3625 3624 278
f 46 3626 3630 3629
f 3626 281 3627 3630
f 3630 3627 282 3628
f 3629 3630 3628 283
f 46 3631 3634 3626
f 3631 284 3632 3634
f 3634 3632 285 3633
f 3626 3634 3633 281
f 46 3635 3637 3631
f 3635 195 3411 3637
f 3637 3411 194 3636
f 3631 3637 3636 284
f 47 3378 3641 3640
f 3378 180 3638 3641
f 3641 3638 286 3639
f 3640 3641 3639 287
f 47 3640 3645 3644
f 3640 287 3642 3645
f 3645 3642 48 3643
f 3644 3645 3643 288
f 48 3646 3650 3649
f 3646 289 3647 3650
f 3650 3647 290 3648
f 3649 3650 3648 196
f 48 3651 3653 3643
f 3651 195 3635 3653
f 3653 3635 46 3652
f 3643 3653 3652 288
f 48 3649 3654 3651
f 3649 196 3415 3654
f 3654 3415 49 3412
f 3651 3654 3412 195
f 50 3655 3659 3658
f 3655 291 3656 3659
f 3659 3656 292 3657
f 3658 3659 3657 293
f 51 3660 3664 3663
f 3660 294 3661 3664
f 3664 3661 295 3662
f 3663 3664 3662 296
f 51 3663 3668 3667
f 3663 296 3665 3668
f 3668 3665 297 3666
f 3667 3668 3666 298
f 51 3667 3671 3660
f 3667 298 3669 3671
f 3671 3669 299 3670
f 3660 3671 3670 294
f 52 3672 3676 3675
f 3672 300 3673 3676
f 3676 3673 301 3674
f 3675 3676 3674 302
f 52 3675 3680 3679
f 3675 302 3677 3680
f 3680 3677 303 3678
f 3679 3680 3678 304
f 52 3679 3684 3683
f 3679 304 3681 3684
f 3684 3681 175 3682
f 3683 3684 3682 305
f 53 3685 3688 3396
f 3685 306 3686 3688
f 3688 3686 307 3687
f 3396 3688 3687 186
f 53 3395 3691 3685
f 3395 188 3689 3691
f 3691 3689 214 3690
f 3685 3691 3690 306
f 54 3692 3696 3695
f 3692 308 3693 3696
f 3696 3693 309 3694
f 3695 3696 3694 310
f 54 3695 3700 3699
f 3695 310 3697 3700
f 3700 3697 311 3698
f 3699 3700 3698 312
f 54 3699 3704 3703
f 3699 312 3701 3704
f 3704 3701 313 3702
f 3703 3704 3702 314
f 54 3703 3708 3707
f 3703 314 3705 3708
f 3708 3705 315 3706
f 3707 3708 3706 223
f 54 3707 3710 3692
f 3707 223 3491 3710
f 3710 3491 222 3709
f 3692 3710 3709 308
f 55 3711 3715 3714
f 3711 316 3712 3715
f 3715 3712 317 3713
f 3714 3715 3713 318
f 55 3714 3719 3718
f 3714 318 3716 3719
f 3719 3716 319 3717
f 3718 3719 3717 320
f 55 3718 3722 3711
f 3718 320 3720 3722
f 3722 3720 321 3721
f 3711 3722 3721 316
f 56 3723 3727 3726
f 3723 322 3724 3727
f 3727 3724 323 3725
f 3726 3727 3725 324
f 56 3728 3731 3723
f 3728 99 3729 3731
f 3731 3729 325 3730
f 3723 3731 3730 322
f 56 3726 3733 3728
f 3726 324 3732 3733
f 3733 3732 100 3195
f 3728 3733 3195 99
f 57 3734 3738 3737
f 3734 326 3735 3738
f 3738 3735 327 3736
f 3737 3738 3736 328
f 57 3739 3742 3734
f 3739 329 3740 3742
f 3742 3740 131 3741
f 3734 3742 3741 326
f 57 3737 3745 3739
f 3737 328 3743 3745
f 3745 3743 330 3744
f 3739 3745 3744 329
f 58 3746 3750 3749
f 3746 331 3747 3750
f 3750 3747 332 3748
f 3749 3750 3748 333
f 58 3749 3754 3753
f 3749 333 3751 3754
f 3754 3751 334 3752
f 3753 3754 3752 335
f 58 3753 3757 3746
f 3753 335 3755 3757
f 3757 3755 336 3756
f 3746 3757 3756 331
f 59 3758 3762 3761
f 3758 337 3759 3762
f 3762 3759 338 3760
f 3761 3762 3760 339
f 59 3763 3766 3758
f 3763 60 3764 3766
f 3766 3764 340 3765
f 3758 3766 3765 337
f 59 3761 3769 3763
f 3761 339 3767 3769
f 3769 3767 341 3768
f 3763 3769 3768 60
f 60 3770 3773 3772
f 3770 342 3771 3773
f 3773 3771 149 3307
f 3772 3773 3307 148
f 60 3768 3776 3770
f 3768 341 3774 3776
f 3776 3774 343 3775
f 3770 3776 3775 342
f 61 3777 3780 3779
f 3777 142 3293 3780
f 3780 3293 141 3778
f 3779 3780 3778 344
f 61 3779 3784 3783
f 3779 344 3781 3784
f 3784 3781 345 3782
f 3783 3784 3782 346
f 61 3785 3789 3788
f 3785 347 3786 3789
f 3789 3786 348 3787
f 3788 3789 3787 138
f 61 3783 3792 3785
f 3783 346 3790 3792
f 3792 3790 349 3791
f 3785 3792 3791 347
f 62 3793 3796 3795
f 3793 350 3794 3796
f 3796 3794 121 3244
f 3795 3796 3244 63
f 62 3797 3800 3799
f 3797 351 3798 3800
f 3800 3798 89 3174
f 3799 3800 3174 88
f 352 3801 3804 3803
f 3801 191 3400 3804
f 3804 3400 190 3802
f 3803 3804 3802 358
f 352 3805 3808 3801
f 3805 359 3806 3808
f 3808 3806 291 3807
f 3801 3808 3807 191
f 353 3809 3813 3812
f 3809 360 3810 3813
f 3813 3810 361 3811
f 3812 3813 3811 362
f 353 3812 3817 3816
f 3812 362 3814 3817
f 3817 3814 363 3815
f 3816 3817 3815 364
f 354 3818 3820 3819
f 3818 292 3656 3820
f 3820 3656 291 3806
f 3819 3820 3806 359
f 355 3821 3825 3824
f 3821 365 3822 3825
f 3825 3822 366 3823
f 3824 3825 3823 367
f 355 3826 3829 3821
f 3826 368 3827 3829
f 3829 3827 369 3828
f 3821 3829 3828 365
f 356 3830 3834 3833
f 3830 370 3831 3834
f 3834 3831 371 3832
f 3833 3834 3832 372
f 356 3835 3838 3830
f 3835 373 3836 3838
f 3838 3836 374 3837
f 3830 3838 3837 370
f 357 3839 3842 3841
f 3839 375 3840 3842
f 3842 3840 119 3239
f 3841 3842 3239 118
f 357 3841 3845 3844
f 3841 118 3236 3845
f 3845 3236 117 3843
f 3844 3845 3843 376
f 376 3843 3849 3848
f 3843 117 3846 3849
f 3849 3846 377 3847
f 3848 3849 3847 378
f 378 3847 3853 3852
f 3847 377 3850 3853
f 3853 3850 379 3851
f 3852 3853 3851 380
f 380 3851 3857 3856
f 3851 379 3854 3857
f 3857 3854 381 3855
f 3856 3857 3855 382
f 382 3855 3861 3860
f 3855 381 3858 3861
f 3861 3858 383 3859
f 3860 3861 3859 384
f 384 3859 3865 3864
f 3859 383 3862 3865
f 3865 3862 385 3863
f 3864 3865 3863 386
f 386 3863 3869 3868
f 3863 385 3866 3869
f 3869 3866 387 3867
f 3868 3869 3867 388
f 388 3867 3873 3872
f 3867 387 3870 3873
f 3873 3870 389 3871
f 3872 3873 3871 390
f 390 3871 3877 3876
f 3871 389 3874 3877
f 3877 3874 391 3875
f 3876 3877 3875 392
f 392 3875 3881 3880
f 3875 391 3878 3881
f 3881 3878 393 3879
f 3880 3881 3879 394
f 394 3879 3885 3884
f 3879 393 3882 3885
f 3885 3882 395 3883
f 3884 3885 3883 396
f 396 3883 3889 3888
f 3883 395 3886 3889
f 3889 3886 397 3887
f 3888 3889 3887 398
f 398 3887 3893 3892
f 3887 397 3890 3893
f 3893 3890 399 3891
f 3892 3893 3891 400
f 400 3891 3897 3896
f 3891 399 3894 3897
f 3897 3894 401 3895
f 3896 3897 3895 402
f 402 3895 3901 3900
f 3895 401 3898 3901
f 3901 3898 403 3899
f 3900 3901 3899 404
f 404 3899 3905 3904
f 3899 403 3902 3905
f 3905 3902 405 3903
f 3904 3905 3903 406
f 406 3903 3909 3908
f 3903 405 3906 3909
f 3909 3906 407 3907
f 3908 3909 3907 408
f 408 3907 3913 3912
f 3907 407 3910 3913
f 3913 3910 409 3911
f 3912 3913 3911 410
f 410 3911 3916 3915
f 3911 409 3914 3916
f 3916 3914 374 3836
f 3915 3916 3836 373
f 409 3917 3920 3914
f 3917 411 3918 3920
f 3920 3918 412 3919
f 3914 3920 3919 374
f 409 3910 3923 3917
f 3910 407 3921 3923
f 3923 3921 413 3922
f 3917 3923 3922 411
f 413 3924 3927 3922
f 3924 414 3925 3927
f 3927 3925 415 3926
f 3922 3927 3926 411
f 413 3921 3930 3929
f 3921 407 3906 3930
f 3930 3906 405 3928
f 3929 3930 3928 416
f 413 3929 3933 3924
f 3929 416 3931 3933
f 3933 3931 417 3932
f 3924 3933 3932 414
f 417 3934 3937 3932
f 3934 418 3935 3937
f 3937 3935 419 3936
f 3932 3937 3936 414
f 417 3931 3941 3940
f 3931 416 3938 3941
f 3941 3938 420 3939
f 3940 3941 3939 421
f 417 3940 3944 3934
f 3940 421 3942 3944
f 3944 3942 422 3943
f 3934 3944 3943 418
f 422 3945 3948 3943
f 3945 423 3946 3948
f 3948 3946 424 3947
f 3943 3948 3947 418
f 422 3942 3952 3951
f 3942 421 3949 3952
f 3952 3949 425 3950
f 3951 3952 3950 426
f 422 3951 3955 3945
f 3951 426 3953 3955
f 3955 3953 427 3954
f 3945 3955 3954 423
f 427 3956 3959 3954
f 3956 428 3957 3959
f 3959 3957 429 3958
f 3954 3959 3958 423
f 427 3953 3963 3962
f 3953 426 3960 3963
f 3963 3960 430 3961
f 3962 3963 3961 431
f 427 3962 3966 3956
f 3962 431 3964 3966
f 3966 3964 432 3965
f 3956 3966 3965 428
f 432 3967 3970 3965
f 3967 433 3968 3970
f 3970 3968 434 3969
f 3965 3970 3969 428
f 432 3964 3974 3973
f 3964 431 3971 3974
f 3974 3971 435 3972
f 3973 3974 3972 436
f 432 3973 3977 3967
f 3973 436 3975 3977
f 3977 3975 437 3976
f 3967 3977 3976 433
f 437 3978 3981 3976
f 3978 438 3979 3981
f 3981 3979 439 3980
f 3976 3981 3980 433
f 437 3975 3985 3984
f 3975 436 3982 3985
f 3985 3982 440 3983
f 3984 3985 3983 441
f 437 3984 3988 3978
f 3984 441 3986 3988
f 3988 3986 442 3987
f 3978 3988 3987 438
f 442 3989 3992 3987
f 3989 443 3990 3992
f 3992 3990 444 3991
f 3987 3992 3991 438
f 442 3986 3996 3995
f 3986 441 3993 3996
f 3996 3993 445 3994
f 3995 3996 3994 446
f 442 3995 3999 3989
f 3995 446 3997 3999
f 3999 3997 447 3998
f 3989 3999 3998 443
f 447 4000 4003 3998
f 4000 448 4001 4003
f 4003 4001 449 4002
f 3998 4003 4002 443
f 447 3997 4007 4006
f 3997 446 4004 4007
f 4007 4004 450 4005
f 4006 4007 4005 451
f 447 4006 4010 4000
f 4006 451 4008 4010
f 4010 4008 452 4009
f 4000 4010 4009 448
f 452 4011 4014 4009
f 4011 453 4012 4014
f 4014 4012 454 4013
f 4009 4014 4013 448
f 452 4008 4018 4017
f 4008 451 4015 4018
f 4018 4015 455 4016
f 4017 4018 4016 456
f 452 4017 4021 4011
f 4017 456 4019 4021
f 4021 4019 457 4020
f 4011 4021 4020 453
f 457 4022 4025 4020
f 4022 458 4023 4025
f 4025 4023 459 4024
f 4020 4025 4024 453
f 457 4019 4029 4028
f 4019 456 4026 4029
f 4029 4026 460 4027
f 4028 4029 4027 461
f 457 4028 4032 4022
f 4028 461 4030 4032
f 4032 4030 462 4031
f 4022 4032 4031 458
f 462 4033 4036 4031
f 4033 463 4034 4036
f 4036 4034 464 4035
f 4031 4036 4035 458
f 462 4030 4040 4039
f 4030 461 4037 4040
f 4040 4037 465 4038
f 4039 4040 4038 466
f 462 4039 4043 4033
f 4039 466 4041 4043
f 4043 4041 467 4042
f 4033 4043 4042 463
f 467 4044 4047 4042
f 4044 468 4045 4047
f 4047 4045 469 4046
f 4042 4047 4046 463
f 467 4041 4050 4049
f 4041 466 4048 4050
f 4050 4048 240 3536
f 4049 4050 3536 245
f 467 4049 4053 4044
f 4049 245 4051 4053
f 4053 4051 470 4052
f 4044 4053 4052 468
f 470 4054 4057 4052
f 4054 471 4055 4057
f 4057 4055 472 4056
f 4052 4057 4056 468
f 470 4051 4060 4059
f 4051 245 3535 4060
f 4060 3535 244 4058
f 4059 4060 4058 473
f 470 4059 4063 4054
f 4059 473 4061 4063
f 4063 4061 474 4062
f 4054 4063 4062 471
f 474 4061 4067 4066
f 4061 473 4064 4067
f 4067 4064 475 4065
f 4066 4067 4065 476
f 474 4066 4071 4070
f 4066 476 4068 4071
f 4071 4068 477 4069
f 4070 4071 4069 478
f 474 4070 4074 4062
f 4070 478 4072 4074
f 4074 4072 479 4073
f 4062 4074 4073 471
f 479 4075 4077 4073
f 4075 480 4076 4077
f 4077 4076 472 4055
f 4073 4077 4055 471
f 479 4072 4080 4079
f 4072 478 4078 4080
f 4080 4078 111 3223
f 4079 4080 3223 110
f 479 4079 4082 4075
f 4079 110 3227 4082
f 4082 3227 112 4081
f 4075 4082 4081 480
f 480 4081 4086 4085
f 4081 112 4083 4086
f 4086 4083 481 4084
f 4085 4086 4084 482
f 480 4085 4089 4076
f 4085 482 4087 4089
f 4089 4087 483 4088
f 4076 4089 4088 472
f 483 4087 4093 4092
f 4087 482 4090 4093
f 4093 4090 484 4091
f 4092 4093 4091 485
f 483 4092 4097 4096
f 4092 485 4094 4097
f 4097 4094 486 4095
f 4096 4097 4095 469
f 483 4096 4098 4088
f 4096 469 4045 4098
f 4098 4045 468 4056
f 4088 4098 4056 472
f 486 4094 4102 4101
f 4094 485 4099 4102
f 4102 4099 487 4100
f 4101 4102 4100 488
f 486 4101 4106 4105
f 4101 488 4103 4106
f 4106 4103 489 4104
f 4105 4106 4104 464
f 486 4105 4107 4095
f 4105 464 4034 4107
f 4107 4034 463 4046
f 4095 4107 4046 469
f 489 4103 4111 4110
f 4103 488 4108 4111
f 4111 4108 490 4109
f 4110 4111 4109 491
f 489 4110 4115 4114
f 4110 491 4112 4115
f 4115 4112 492 4113
f 4114 4115 4113 459
f 489 4114 4116 4104
f 4114 459 4023 4116
f 4116 4023 458 4035
f 4104 4116 4035 464
f 492 4112 4120 4119
f 4112 491 4117 4120
f 4120 4117 493 4118
f 4119 4120 4118 494
f 492 4119 4124 4123
f 4119 494 4121 4124
f 4124 4121 495 4122
f 4123 4124 4122 454
f 492 4123 4125 4113
f 4123 454 4012 4125
f 4125 4012 453 4024
f 4113 4125 4024 459
f 495 4121 4129 4128
f 4121 494 4126 4129
f 4129 4126 496 4127
f 4128 4129 4127 497
f 495 4128 4133 4132
f 4128 497 4130 4133
f 4133 4130 498 4131
f 4132 4133 4131 449
f 495 4132 4134 4122
f 4132 449 4001 4134
f 4134 4001 448 4013
f 4122 4134 4013 454
f 498 4130 4138 4137
f 4130 497 4135 4138
f 4138 4135 499 4136
f 4137 4138 4136 500
f 498 4137 4142 4141
f 4137 500 4139 4142
f 4142 4139 501 4140
f 4141 4142 4140 444
f 498 4141 4143 4131
f 4141 444 3990 4143
f 4143 3990 443 4002
f 4131 4143 4002 449
f 501 4139 4147 4146
f 4139 500 4144 4147
f 4147 4144 502 4145
f 4146 4147 4145 503
f 501 4146 4151 4150
f 4146 503 4148 4151
f 4151 4148 504 4149
f 4150 4151 4149 439
f 501 4150 4152 4140
f 4150 439 3979 4152
f 4152 3979 438 3991
f 4140 4152 3991 444
f 504 4148 4156 4155
f 4148 503 4153 4156
f 4156 4153 505 4154
f 4155 4156 4154 506
f 504 4155 4160 4159
f 4155 506 4157 4160
f 4160 4157 507 4158
f 4159 4160 4158 434
f 504 4159 4161 4149
f 4159 434 3968 4161
f 4161 3968 433 3980
f 4149 4161 3980 439
f 507 4157 4165 4164
f 4157 506 4162 4165
f 4165 4162 508 4163
f 4164 4165 4163 509
f 507 4164 4169 4168
f 4164 509 4166 4169
f 4169 4166 510 4167
f 4168 4169 4167 429
f 507 4168 4170 4158
f 4168 429 3957 4170
f 4170 3957 428 3969
f 4158 4170 3969 434
f 510 4166 4174 4173
f 4166 509 4171 4174
f 4174 4171 511 4172
f 4173 4174 4172 512
f 510 4173 4178 4177
f 4173 512 4175 4178
f 4178 4175 513 4176
f 4177 4178 4176 424
f 510 4177 4179 4167
f 4177 424 3946 4179
f 4179 3946 423 3958
f 4167 4179 3958 429
f 513 4175 4183 4182
f 4175 512 4180 4183
f 4183 4180 514 4181
f 4182 4183 4181 515
f 513 4182 4187 4186
f 4182 515 4184 4187
f 4187 4184 516 4185
f 4186 4187 4185 419
f 513 4186 4188 4176
f 4186 419 3935 4188
f 4188 3935 418 3947
f 4176 4188 3947 424
f 516 4184 4191 4190
f 4184 515 4189 4191
f 4191 4189 236 3516
f 4190 4191 3516 235
f 516 4190 4195 4194
f 4190 235 4192 4195
f 4195 4192 517 4193
f 4194 4195 4193 415
f 516 4194 4196 4185
f 4194 415 3925 4196
f 4196 3925 414 3936
f 4185 4196 3936 419
f 517 4192 4199 4198
f 4192 235 3515 4199
f 4199 3515 234 4197
f 4198 4199 4197 518
f 517 4198 4203 4202
f 4198 518 4200 4203
f 4203 4200 519 4201
f 4202 4203 4201 412
f 517 4202 4204 4193
f 4202 412 3918 4204
f 4204 3918 411 3926
f 4193 4204 3926 415
f 519 4205 4208 4207
f 4205 520 4206 4208
f 4208 4206 371 3831
f 4207 4208 3831 370
f 519 4207 4209 4201
f 4207 370 3837 4209
f 4209 3837 374 3919
f 4201 4209 3919 412
f 519 4200 4212 4205
f 4200 518 4210 4212
f 4212 4210 521 4211
f 4205 4212 4211 520
f 521 4213 4216 4211
f 4213 522 4214 4216
f 4216 4214 523 4215
f 4211 4216 4215 520
f 521 4210 4218 4217
f 4210 518 4197 4218
f 4218 4197 234 3524
f 4217 4218 3524 239
f 521 4217 4221 4213
f 4217 239 4219 4221
f 4221 4219 524 4220
f 4213 4221 4220 522
f 524 4222 4225 4220
f 4222 525 4223 4225
f 4225 4223 526 4224
f 4220 4225 4224 522
f 524 4219 4228 4227
f 4219 239 3523 4228
f 4228 3523 238 4226
f 4227 4228 4226 527
f 524 4227 4231 4222
f 4227 527 4229 4231
f 4231 4229 528 4230
f 4222 4231 4230 525
f 528 4232 4235 4230
f 4232 529 4233 4235
f 4235 4233 530 4234
f 4230 4235 4234 525
f 528 4229 4239 4238
f 4229 527 4236 4239
f 4239 4236 531 4237
f 4238 4239 4237 532
f 528 4238 4242 4232
f 4238 532 4240 4242
f 4242 4240 533 4241
f 4232 4242 4241 529
f 533 4243 4246 4241
f 4243 534 4244 4246
f 4246 4244 535 4245
f 4241 4246 4245 529
f 533 4240 4250 4249
f 4240 532 4247 4250
f 4250 4247 536 4248
f 4249 4250 4248 537
f 533 4249 4253 4243
f 4249 537 4251 4253
f 4253 4251 538 4252
f 4243 4253 4252 534
f 538 4254 4257 4252
f 4254 539 4255 4257
f 4257 4255 540 4256
f 4252 4257 4256 534
f 538 4251 4261 4260
f 4251 537 4258 4261
f 4261 4258 541 4259
f 4260 4261 4259 542
f 538 4260 4264 4254
f 4260 542 4262 4264
f 4264 4262 543 4263
f 4254 4264 4263 539
f 543 4265 4268 4263
f 4265 544 4266 4268
f 4268 4266 545 4267
f 4263 4268 4267 539
f 543 4262 4272 4271
f 4262 542 4269 4272
f 4272 4269 546 4270
f 4271 4272 4270 547
f 543 4271 4275 4265
f 4271 547 4273 4275
f 4275 4273 548 4274
f 4265 4275 4274 544
f 548 4276 4279 4274
f 4276 549 4277 4279
f 4279 4277 550 4278
f 4274 4279 4278 544
f 548 4273 4283 4282
f 4273 547 4280 4283
f 4283 4280 551 4281
f 4282 4283 4281 552
f 548 4282 4286 4276
f 4282 552 4284 4286
f 4286 4284 553 4285
f 4276 4286 4285 549
f 553 4287 4290 4285
f 4287 554 4288 4290
f 4290 4288 555 4289
f 4285 4290 4289 549
f 553 4284 4294 4293
f 4284 552 4291 4294
f 4294 4291 556 4292
f 4293 4294 4292 557
f 553 4293 4297 4287
f 4293 557 4295 4297
f 4297 4295 558 4296
f 4287 4297 4296 554
f 558 4298 4301 4296
f 4298 559 4299 4301
f 4301 4299 560 4300
f 4296 4301 4300 554
f 558 4295 4305 4304
f 4295 557 4302 4305
f 4305 4302 561 4303
f 4304 4305 4303 562
f 558 4304 4308 4298
f 4304 562 4306 4308
f 4308 4306 563 4307
f 4298 4308 4307 559
f 563 4309 4312 4307
f 4309 564 4310 4312
f 4312 4310 565 4311
f 4307 4312 4311 559
f 563 4306 4316 4315
f 4306 562 4313 4316
f 4316 4313 566 4314
f 4315 4316 4314 567
f 563 4315 4319 4309
f 4315 567 4317 4319
f 4319 4317 568 4318
f 4309 4319 4318 564
f 568 4320 4323 4318
f 4320 569 4321 4323
f 4323 4321 570 4322
f 4318 4323 4322 564
f 568 4317 4327 4326
f 4317 567 4324 4327
f 4327 4324 571 4325
f 4326 4327 4325 572
f 568 4326 4330 4320
f 4326 572 4328 4330
f 4330 4328 573 4329
f 4320 4330 4329 569
f 573 4331 4334 4329
f 4331 574 4332 4334
f 4334 4332 575 4333
f 4329 4334 4333 569
f 573 4328 4338 4337
f 4328 572 4335 4338
f 4338 4335 576 4336
f 4337 4338 4336 577
f 573 4337 4341 4331
f 4337 577 4339 4341
f 4341 4339 578 4340
f 4331 4341 4340 574
f 578 4342 4345 4340
f 4342 579 4343 4345
f 4345 4343 580 4344
f 4340 4345 4344 574
f 578 4339 4349 4348
f 4339 577 4346 4349
f 4349 4346 581 4347
f 4348 4349 4347 582
f 578 4348 4352 4342
f 4348 582 4350 4352
f 4352 4350 583 4351
f 4342 4352 4351 579
f 583 4353 4356 4351
f 4353 584 4354 4356
f 4356 4354 585 4355
f 4351 4356 4355 579
f 583 4350 4360 4359
f 4350 582 4357 4360
f 4360 4357 586 4358
f 4359 4360 4358 587
f 583 4359 4363 4353
f 4359 587 4361 4363
f 4363 4361 588 4362
f 4353 4363 4362 584
f 588 4361 4367 4366
f 4361 587 4364 4367
f 4367 4364 589 4365
f 4366 4367 4365 590
f 588 4366 4371 4370
f 4366 590 4368 4371
f 4371 4368 591 4369
f 4370 4371 4369 592
f 588 4370 4374 4362
f 4370 592 4372 4374
f 4374 4372 593 4373
f 4362 4374 4373 584
f 593 4372 4378 4377
f 4372 592 4375 4378
f 4378 4375 594 4376
f 4377 4378 4376 595
f 593 4377 4382 4381
f 4377 595 4379 4382
f 4382 4379 596 4380
f 4381 4382 4380 597
f 593 4381 4384 4373
f 4381 597 4383 4384
f 4384 4383 585 4354
f 4373 4384 4354 584
f 597 4380 4388 4387
f 4380 596 4385 4388
f 4388 4385 598 4386
f 4387 4388 4386 599
f 597 4387 4391 4383
f 4387 599 4389 4391
f 4391 4389 600 4390
f 4383 4391 4390 585
f 600 4392 4393 4390
f 4392 580 4343 4393
f 4393 4343 579 4355
f 4390 4393 4355 585
f 600 4389 4397 4396
f 4389 599 4394 4397
f 4397 4394 601 4395
f 4396 4397 4395 602
f 600 4396 4400 4392
f 4396 602 4398 4400
f 4400 4398 603 4399
f 4392 4400 4399 580
f 603 4398 4403 4402
f 4398 602 4401 4403
f 4403 4401 227 3512
f 4402 4403 3512 233
f 603 4402 4407 4406
f 4402 233 4404 4407
f 4407 4404 604 4405
f 4406 4407 4405 575
f 603 4406 4408 4399
f 4406 575 4332 4408
f 4408 4332 574 4344
f 4399 4408 4344 580
f 604 4404 4411 4410
f 4404 233 3511 4411
f 4411 3511 226 4409
f 4410 4411 4409 605
f 604 4410 4415 4414
f 4410 605 4412 4415
f 4415 4412 606 4413
f 4414 4415 4413 570
f 604 4414 4416 4405
f 4414 570 4321 4416
f 4416 4321 569 4333
f 4405 4416 4333 575
f 606 4412 4420 4419
f 4412 605 4417 4420
f 4420 4417 607 4418
f 4419 4420 4418 608
f 606 4419 4424 4423
f 4419 608 4421 4424
f 4424 4421 609 4422
f 4423 4424 4422 565
f 606 4423 4425 4413
f 4423 565 4310 4425
f 4425 4310 564 4322
f 4413 4425 4322 570
f 609 4421 4429 4428
f 4421 608 4426 4429
f 4429 4426 610 4427
f 4428 4429 4427 611
f 609 4428 4433 4432
f 4428 611 4430 4433
f 4433 4430 612 4431
f 4432 4433 4431 560
f 609 4432 4434 4422
f 4432 560 4299 4434
f 4434 4299 559 4311
f 4422 4434 4311 565
f 612 4430 4438 4437
f 4430 611 4435 4438
f 4438 4435 613 4436
f 4437 4438 4436 614
f 612 4437 4442 4441
f 4437 614 4439 4442
f 4442 4439 615 4440
f 4441 4442 4440 555
f 612 4441 4443 4431
f 4441 555 4288 4443
f 4443 4288 554 4300
f 4431 4443 4300 560
f 615 4439 4447 4446
f 4439 614 4444 4447
f 4447 4444 616 4445
f 4446 4447 4445 617
f 615 4446 4451 4450
f 4446 617 4448 4451
f 4451 4448 618 4449
f 4450 4451 4449 550
f 615 4450 4452 4440
f 4450 550 4277 4452
f 4452 4277 549 4289
f 4440 4452 4289 555
f 618 4448 4456 4455
f 4448 617 4453 4456
f 4456 4453 619 4454
f 4455 4456 4454 620
f 618 4455 4460 4459
f 4455 620 4457 4460
f 4460 4457 621 4458
f 4459 4460 4458 545
f 618 4459 4461 4449
f 4459 545 4266 4461
f 4461 4266 544 4278
f 4449 4461 4278 550
f 621 4457 4465 4464
f 4457 620 4462 4465
f 4465 4462 622 4463
f 4464 4465 4463 623
f 621 4464 4469 4468
f 4464 623 4466 4469
f 4469 4466 624 4467
f 4468 4469 4467 540
f 621 4468 4470 4458
f 4468 540 4255 4470
f 4470 4255 539 4267
f 4458 4470 4267 545
f 624 4466 4474 4473
f 4466 623 4471 4474
f 4474 4471 625 4472
f 4473 4474 4472 626
f 624 4473 4478 4477
f 4473 626 4475 4478
f 4478 4475 627 4476
f 4477 4478 4476 535
f 624 4477 4479 4467
f 4477 535 4244 4479
f 4479 4244 534 4256
f 4467 4479 4256 540
f 627 4475 4483 4482
f 4475 626 4480 4483
f 4483 4480 628 4481
f 4482 4483 4481 629
f 627 4482 4487 4486
f 4482 629 4484 4487
f 4487 4484 630 4485
f 4486 4487 4485 530
f 627 4486 4488 4476
f 4486 530 4233 4488
f 4488 4233 529 4245
f 4476 4488 4245 535
f 630 4484 4492 4491
f 4484 629 4489 4492
f 4492 4489 631 4490
f 4491 4492 4490 632
f 630 4491 4496 4495
f 4491 632 4493 4496
f 4496 4493 633 4494
f 4495 4496 4494 526
f 630 4495 4497 4485
f 4495 526 4223 4497
f 4497 4223 525 4234
f 4485 4497 4234 530
f 633 4493 4501 4500
f 4493 632 4498 4501
f 4501 4498 634 4499
f 4500 4501 4499 635
f 633 4500 4505 4504
f 4500 635 4502 4505
f 4505 4502 636 4503
f 4504 4505 4503 523
f 633 4504 4506 4494
f 4504 523 4214 4506
f 4506 4214 522 4224
f 4494 4506 4224 526
f 636 4502 4510 4509
f 4502 635 4507 4510
f 4510 4507 637 4508
f 4509 4510 4508 638
f 636 4509 4513 4512
f 4509 638 4511 4513
f 4513 4511 372 3832
f 4512 4513 3832 371
f 636 4512 4514 4503
f 4512 371 4206 4514
f 4514 4206 520 4215
f 4503 4514 4215 523
f 637 4507 4517 4516
f 4507 635 4499 4517
f 4517 4499 634 4515
f 4516 4517 4515 639
f 639 4515 4521 4520
f 4515 634 4518 4521
f 4521 4518 640 4519
f 4520 4521 4519 641
f 641 4519 4525 4524
f 4519 640 4522 4525
f 4525 4522 642 4523
f 4524 4525 4523 643
f 643 4523 4529 4528
f 4523 642 4526 4529
f 4529 4526 644 4527
f 4528 4529 4527 645
f 645 4527 4533 4532
f 4527 644 4530 4533
f 4533 4530 646 4531
f 4532 4533 4531 647
f 647 4531 4537 4536
f 4531 646 4534 4537
f 4537 4534 648 4535
f 4536 4537 4535 649
f 649 4535 4541 4540
f 4535 648 4538 4541
f 4541 4538 650 4539
f 4540 4541 4539 651
f 651 4539 4545 4544
f 4539 650 4542 4545
f 4545 4542 652 4543
f 4544 4545 4543 653
f 653 4543 4549 4548
f 4543 652 4546 4549
f 4549 4546 654 4547
f 4548 4549 4547 655
f 655 4547 4553 4552
f 4547 654 4550 4553
f 4553 4550 656 4551
f 4552 4553 4551 657
f 657 4551 4556 4555
f 4551 656 4554 4556
f 4556 4554 361 3810
f 4555 4556 3810 360
f 656 4550 4560 4559
f 4550 654 4557 4560
f 4560 4557 658 4558
f 4559 4560 4558 659
f 656 4559 4563 4554
f 4559 659 4561 4563
f 4563 4561 660 4562
f 4554 4563 4562 361
f 660 4564 4566 4562
f 4564 661 4565 4566
f 4566 4565 362 3811
f 4562 4566 3811 361
f 660 4561 4570 4569
f 4561 659 4567 4570
f 4570 4567 662 4568
f 4569 4570 4568 663
f 660 4569 4573 4564
f 4569 663 4571 4573
f 4573 4571 664 4572
f 4564 4573 4572 661
f 664 4571 4577 4576
f 4571 663 4574 4577
f 4577 4574 665 4575
f 4576 4577 4575 666
f 664 4576 4581 4580
f 4576 666 4578 4581
f 4581 4578 667 4579
f 4580 4581 4579 668
f 664 4580 4584 4572
f 4580 668 4582 4584
f 4584 4582 669 4583
f 4572 4584 4583 661
f 669 4582 4588 4587
f 4582 668 4585 4588
f 4588 4585 670 4586
f 4587 4588 4586 671
f 669 4587 4592 4591
f 4587 671 4589 4592
f 4592 4589 672 4590
f 4591 4592 4590 363
f 669 4591 4593 4583
f 4591 363 3814 4593
f 4593 3814 362 4565
f 4583 4593 4565 661
f 672 4589 4597 4596
f 4589 671 4594 4597
f 4597 4594 673 4595
f 4596 4597 4595 674
f 672 4596 4601 4600
f 4596 674 4598 4601
f 4601 4598 675 4599
f 4600 4601 4599 676
f 672 4600 4603 4590
f 4600 676 4602 4603
f 4603 4602 364 3815
f 4590 4603 3815 363
f 675 4598 4607 4606
f 4598 674 4604 4607
f 4607 4604 677 4605
f 4606 4607 4605 678
f 678 4605 4611 4610
f 4605 677 4608 4611
f 4611 4608 679 4609
f 4610 4611 4609 680
f 680 4609 4615 4614
f 4609 679 4612 4615
f 4615 4612 681 4613
f 4614 4615 4613 682
f 682 4613 4619 4618
f 4613 681 4616 4619
f 4619 4616 683 4617
f 4618 4619 4617 684
f 684 4617 4623 4622
f 4617 683 4620 4623
f 4623 4620 685 4621
f 4622 4623 4621 686
f 686 4621 4627 4626
f 4621 685 4624 4627
f 4627 4624 687 4625
f 4626 4627 4625 688
f 688 4625 4631 4630
f 4625 687 4628 4631
f 4631 4628 689 4629
f 4630 4631 4629 690
f 690 4629 4635 4634
f 4629 689 4632 4635
f 4635 4632 691 4633
f 4634 4635 4633 692
f 692 4633 4639 4638
f 4633 691 4636 4639
f 4639 4636 693 4637
f 4638 4639 4637 694
f 694 4637 4643 4642
f 4637 693 4640 4643
f 4643 4640 695 4641
f 4642 4643 4641 696
f 696 4641 4647 4646
f 4641 695 4644 4647
f 4647 4644 697 4645
f 4646 4647 4645 698
f 698 4645 4651 4650
f 4645 697 4648 4651
f 4651 4648 699 4649
f 4650 4651 4649 700
f 700 4649 4655 4654
f 4649 699 4652 4655
f 4655 4652 701 4653
f 4654 4655 4653 702
f 702 4653 4659 4658
f 4653 701 4656 4659
f 4659 4656 703 4657
f 4658 4659 4657 704
f 704 4657 4663 4662
f 4657 703 4660 4663
f 4663 4660 705 4661
f 4662 4663 4661 706
f 706 4661 4667 4666
f 4661 705 4664 4667
f 4667 4664 707 4665
f 4666 4667 4665 708
f 708 4665 4671 4670
f 4665 707 4668 4671
f 4671 4668 709 4669
f 4670 4671 4669 710
f 710 4669 4675 4674
f 4669 709 4672 4675
f 4675 4672 711 4673
f 4674 4675 4673 712
f 712 4673 4679 4678
f 4673 711 4676 4679
f 4679 4676 713 4677
f 4678 4679 4677 714
f 714 4677 4683 4682
f 4677 713 4680 4683
f 4683 4680 715 4681
f 4682 4683 4681 716
f 716 4681 4687 4686
f 4681 715 4684 4687
f 4687 4684 717 4685
f 4686 4687 4685 718
f 718 4685 4690 4689
f 4685 717 4688 4690
f 4690 4688 292 3818
f 4689 4690 3818 354
f 717 4684 4694 4693
f 4684 715 4691 4694
f 4694 4691 719 4692
f 4693 4694 4692 720
f 717 4693 4696 4688
f 4693 720 4695 4696
f 4696 4695 293 3657
f 4688 4696 3657 292
f 720 4692 4700 4699
f 4692 719 4697 4700
f 4700 4697 721 4698
f 4699 4700 4698 722
f 720 4699 4703 4695
f 4699 722 4701 4703
f 4703 4701 723 4702
f 4695 4703 4702 293
f 723 4701 4706 4705
f 4701 722 4704 4706
f 4706 4704 284 3636
f 4705 4706 3636 194
f 723 4705 4708 4707
f 4705 194 3410 4708
f 4708 3410 26 3408
f 4707 4708 3408 192
f 723 4707 4710 4702
f 4707 192 4709 4710
f 4710 4709 50 3658
f 4702 4710 3658 293
f 722 4698 4712 4704
f 4698 721 4711 4712
f 4712 4711 285 3632
f 4704 4712 3632 284
f 721 4713 4716 4711
f 4713 724 4714 4716
f 4716 4714 725 4715
f 4711 4716 4715 285
f 721 4697 4719 4713
f 4697 719 4717 4719
f 4719 4717 726 4718
f 4713 4719 4718 724
f 726 4720 4723 4718
f 4720 727 4721 4723
f 4723 4721 728 4722
f 4718 4723 4722 724
f 726 4717 4725 4724
f 4717 719 4691 4725
f 4725 4691 715 4680
f 4724 4725 4680 713
f 726 4724 4727 4720
f 4724 713 4676 4727
f 4727 4676 711 4726
f 4720 4727 4726 727
f 728 4728 4732 4731
f 4728 729 4729 4732
f 4732 4729 730 4730
f 4731 4732 4730 731
f 728 4731 4734 4722
f 4731 731 4733 4734
f 4734 4733 725 4714
f 4722 4734 4714 724
f 728 4721 4737 4728
f 4721 727 4735 4737
f 4737 4735 732 4736
f 4728 4737 4736 729
f 732 4738 4741 4736
f 4738 733 4739 4741
f 4741 4739 734 4740
f 4736 4741 4740 729
f 732 4735 4743 4742
f 4735 727 4726 4743
f 4743 4726 711 4672
f 4742 4743 4672 709
f 732 4742 4745 4738
f 4742 709 4668 4745
f 4745 4668 707 4744
f 4738 4745 4744 733
f 734 4746 4750 4749
f 4746 735 4747 4750
f 4750 4747 736 4748
f 4749 4750 4748 737
f 734 4749 4752 4740
f 4749 737 4751 4752
f 4752 4751 730 4729
f 4740 4752 4729 729
f 734 4739 4755 4746
f 4739 733 4753 4755
f 4755 4753 738 4754
f 4746 4755 4754 735
f 738 4756 4759 4754
f 4756 739 4757 4759
f 4759 4757 740 4758
f 4754 4759 4758 735
f 738 4753 4761 4760
f 4753 733 4744 4761
f 4761 4744 707 4664
f 4760 4761 4664 705
f 738 4760 4763 4756
f 4760 705 4660 4763
f 4763 4660 703 4762
f 4756 4763 4762 739
f 740 4764 4768 4767
f 4764 741 4765 4768
f 4768 4765 742 4766
f 4767 4768 4766 743
f 740 4767 4770 4758
f 4767 743 4769 4770
f 4770 4769 736 4747
f 4758 4770 4747 735
f 740 4757 4773 4764
f 4757 739 4771 4773
f 4773 4771 744 4772
f 4764 4773 4772 741
f 744 4774 4777 4772
f 4774 745 4775 4777
f 4777 4775 746 4776
f 4772 4777 4776 741
f 744 4771 4779 4778
f 4771 739 4762 4779
f 4779 4762 703 4656
f 4778 4779 4656 701
f 744 4778 4781 4774
f 4778 701 4652 4781
f 4781 4652 699 4780
f 4774 4781 4780 745
f 746 4782 4786 4785
f 4782 747 4783 4786
f 4786 4783 748 4784
f 4785 4786 4784 749
f 746 4785 4788 4776
f 4785 749 4787 4788
f 4788 4787 742 4765
f 4776 4788 4765 741
f 746 4775 4791 4782
f 4775 745 4789 4791
f 4791 4789 750 4790
f 4782 4791 4790 747
f 750 4792 4795 4790
f 4792 751 4793 4795
f 4795 4793 752 4794
f 4790 4795 4794 747
f 750 4789 4797 4796
f 4789 745 4780 4797
f 4797 4780 699 4648
f 4796 4797 4648 697
f 750 4796 4799 4792
f 4796 697 4644 4799
f 4799 4644 695 4798
f 4792 4799 4798 751
f 752 4800 4804 4803
f 4800 753 4801 4804
f 4804 4801 754 4802
f 4803 4804 4802 755
f 752 4803 4806 4794
f 4803 755 4805 4806
f 4806 4805 748 4783
f 4794 4806 4783 747
f 752 4793 4809 4800
f 4793 751 4807 4809
f 4809 4807 756 4808
f 4800 4809 4808 753
f 756 4810 4813 4808
f 4810 757 4811 4813
f 4813 4811 758 4812
f 4808 4813 4812 753
f 756 4807 4815 4814
f 4807 751 4798 4815
f 4815 4798 695 4640
f 4814 4815 4640 693
f 756 4814 4817 4810
f 4814 693 4636 4817
f 4817 4636 691 4816
f 4810 4817 4816 757
f 758 4818 4822 4821
f 4818 759 4819 4822
f 4822 4819 760 4820
f 4821 4822 4820 761
f 758 4821 4824 4812
f 4821 761 4823 4824
f 4824 4823 754 4801
f 4812 4824 4801 753
f 758 4811 4827 4818
f 4811 757 4825 4827
f 4827 4825 762 4826
f 4818 4827 4826 759
f 762 4828 4831 4826
f 4828 763 4829 4831
f 4831 4829 764 4830
f 4826 4831 4830 759
f 762 4825 4833 4832
f 4825 757 4816 4833
f 4833 4816 691 4632
f 4832 4833 4632 689
f 762 4832 4835 4828
f 4832 689 4628 4835
f 4835 4628 687 4834
f 4828 4835 4834 763
f 764 4836 4840 4839
f 4836 765 4837 4840
f 4840 4837 766 4838
f 4839 4840 4838 767
f 764 4839 4842 4830
f 4839 767 4841 4842
f 4842 4841 760 4819
f 4830 4842 4819 759
f 764 4829 4845 4836
f 4829 763 4843 4845
f 4845 4843 768 4844
f 4836 4845 4844 765
f 768 4846 4849 4844
f 4846 769 4847 4849
f 4849 4847 770 4848
f 4844 4849 4848 765
f 768 4843 4851 4850
f 4843 763 4834 4851
f 4851 4834 687 4624
f 4850 4851 4624 685
f 768 4850 4853 4846
f 4850 685 4620 4853
f 4853 4620 683 4852
f 4846 4853 4852 769
f 770 4854 4858 4857
f 4854 771 4855 4858
f 4858 4855 772 4856
f 4857 4858 4856 773
f 770 4857 4860 4848
f 4857 773 4859 4860
f 4860 4859 766 4837
f 4848 4860 4837 765
f 770 4847 4863 4854
f 4847 769 4861 4863
f 4863 4861 774 4862
f 4854 4863 4862 771
f 774 4864 4867 4862
f 4864 775 4865 4867
f 4867 4865 776 4866
f 4862 4867 4866 771
f 774 4861 4869 4868
f 4861 769 4852 4869
f 4869 4852 683 4616
f 4868 4869 4616 681
f 774 4868 4871 4864
f 4868 681 4612 4871
f 4871 4612 679 4870
f 4864 4871 4870 775
f 776 4872 4876 4875
f 4872 777 4873 4876
f 4876 4873 778 4874
f 4875 4876 4874 779
f 776 4875 4878 4866
f 4875 779 4877 4878
f 4878 4877 772 4855
f 4866 4878 4855 771
f 776 4865 4881 4872
f 4865 775 4879 4881
f 4881 4879 780 4880
f 4872 4881 4880 777
f 780 4882 4885 4880
f 4882 673 4883 4885
f 4885 4883 781 4884
f 4880 4885 4884 777
f 780 4879 4887 4886
f 4879 775 4870 4887
f 4887 4870 679 4608
f 4886 4887 4608 677
f 780 4886 4888 4882
f 4886 677 4604 4888
f 4888 4604 674 4595
f 4882 4888 4595 673
f 781 4889 4893 4892
f 4889 670 4890 4893
f 4893 4890 782 4891
f 4892 4893 4891 783
f 781 4892 4895 4884
f 4892 783 4894 4895
f 4895 4894 778 4873
f 4884 4895 4873 777
f 781 4883 4896 4889
f 4883 673 4594 4896
f 4896 4594 671 4586
f 4889 4896 4586 670
f 783 4891 4900 4899
f 4891 782 4897 4900
f 4900 4897 784 4898
f 4899 4900 4898 785
f 783 4899 4903 4894
f 4899 785 4901 4903
f 4903 4901 231 4902
f 4894 4903 4902 778
f 785 4898 4907 4906
f 4898 784 4904 4907
f 4907 4904 786 4905
f 4906 4907 4905 787
f 785 4906 4909 4901
f 4906 787 4908 4909
f 4909 4908 224 3506
f 4901 4909 3506 231
f 787 4905 4913 4912
f 4905 786 4910 4913
f 4913 4910 788 4911
f 4912 4913 4911 789
f 787 4912 4915 4908
f 4912 789 4914 4915
f 4915 4914 225 3495
f 4908 4915 3495 224
f 789 4911 4919 4918
f 4911 788 4916 4919
f 4919 4916 790 4917
f 4918 4919 4917 791
f 789 4918 4922 4914
f 4918 791 4920 4922
f 4922 4920 607 4921
f 4914 4922 4921 225
f 791 4917 4926 4925
f 4917 790 4923 4926
f 4926 4923 792 4924
f 4925 4926 4924 610
f 791 4925 4927 4920
f 4925 610 4426 4927
f 4927 4426 608 4418
f 4920 4927 4418 607
f 792 4923 4931 4930
f 4923 790 4928 4931
f 4931 4928 793 4929
f 4930 4931 4929 794
f 792 4930 4935 4934
f 4930 794 4932 4935
f 4935 4932 795 4933
f 4934 4935 4933 613
f 792 4934 4936 4924
f 4934 613 4435 4936
f 4936 4435 611 4427
f 4924 4936 4427 610
f 795 4932 4940 4939
f 4932 794 4937 4940
f 4940 4937 796 4938
f 4939 4940 4938 797
f 795 4939 4944 4943
f 4939 797 4941 4944
f 4944 4941 798 4942
f 4943 4944 4942 616
f 795 4943 4945 4933
f 4943 616 4444 4945
f 4945 4444 614 4436
f 4933 4945 4436 613
f 798 4941 4949 4948
f 4941 797 4946 4949
f 4949 4946 799 4947
f 4948 4949 4947 800
f 798 4948 4953 4952
f 4948 800 4950 4953
f 4953 4950 801 4951
f 4952 4953 4951 619
f 798 4952 4954 4942
f 4952 619 4453 4954
f 4954 4453 617 4445
f 4942 4954 4445 616
f 801 4950 4958 4957
f 4950 800 4955 4958
f 4958 4955 802 4956
f 4957 4958 4956 803
f 801 4957 4962 4961
f 4957 803 4959 4962
f 4962 4959 804 4960
f 4961 4962 4960 622
f 801 4961 4963 4951
f 4961 622 4462 4963
f 4963 4462 620 4454
f 4951 4963 4454 619
f 804 4959 4967 4966
f 4959 803 4964 4967
f 4967 4964 805 4965
f 4966 4967 4965 806
f 804 4966 4971 4970
f 4966 806 4968 4971
f 4971 4968 807 4969
f 4970 4971 4969 625
f 804 4970 4972 4960
f 4970 625 4471 4972
f 4972 4471 623 4463
f 4960 4972 4463 622
f 807 4968 4976 4975
f 4968 806 4973 4976
f 4976 4973 808 4974
f 4975 4976 4974 809
f 807 4975 4980 4979
f 4975 809 4977 4980
f 4980 4977 810 4978
f 4979 4980 4978 628
f 807 4979 4981 4969
f 4979 628 4480 4981
f 4981 4480 626 4472
f 4969 4981 4472 625
f 810 4977 4984 4983
f 4977 809 4982 4984
f 4984 4982 644 4526
f 4983 4984 4526 642
f 810 4983 4987 4986
f 4983 642 4522 4987
f 4987 4522 640 4985
f 4986 4987 4985 631
f 810 4986 4988 4978
f 4986 631 4489 4988
f 4988 4489 629 4481
f 4978 4988 4481 628
f 809 4974 4990 4982
f 4974 808 4989 4990
f 4990 4989 646 4530
f 4982 4990 4530 644
f 808 4991 4993 4989
f 4991 811 4992 4993
f 4993 4992 648 4534
f 4989 4993 4534 646
f 808 4973 4995 4991
f 4973 806 4965 4995
f 4995 4965 805 4994
f 4991 4995 4994 811
f 811 4996 4998 4992
f 4996 812 4997 4998
f 4998 4997 650 4538
f 4992 4998 4538 648
f 811 4994 5001 4996
f 4994 805 4999 5001
f 5001 4999 813 5000
f 4996 5001 5000 812
f 813 5002 5005 5000
f 5002 814 5003 5005
f 5005 5003 815 5004
f 5000 5005 5004 812
f 813 4999 5007 5006
f 4999 805 4964 5007
f 5007 4964 803 4956
f 5006 5007 4956 802
f 813 5006 5010 5002
f 5006 802 5008 5010
f 5010 5008 816 5009
f 5002 5010 5009 814
f 816 5011 5014 5009
f 5011 817 5012 5014
f 5014 5012 818 5013
f 5009 5014 5013 814
f 816 5008 5016 5015
f 5008 802 4955 5016
f 5016 4955 800 4947
f 5015 5016 4947 799
f 816 5015 5019 5011
f 5015 799 5017 5019
f 5019 5017 819 5018
f 5011 5019 5018 817
f 819 5020 5023 5018
f 5020 820 5021 5023
f 5023 5021 821 5022
f 5018 5023 5022 817
f 819 5017 5025 5024
f 5017 799 4946 5025
f 5025 4946 797 4938
f 5024 5025 4938 796
f 819 5024 5028 5020
f 5024 796 5026 5028
f 5028 5026 822 5027
f 5020 5028 5027 820
f 822 5029 5031 5027
f 5029 331 3756 5031
f 5031 3756 336 5030
f 5027 5031 5030 820
f 822 5026 5033 5032
f 5026 796 4937 5033
f 5033 4937 794 4929
f 5032 5033 4929 793
f 822 5032 5035 5029
f 5032 793 5034 5035
f 5035 5034 332 3747
f 5029 5035 3747 331
f 821 5036 5038 5037
f 5036 665 4574 5038
f 5038 4574 663 4568
f 5037 5038 4568 662
f 821 5037 5040 5022
f 5037 662 5039 5040
f 5040 5039 818 5012
f 5022 5040 5012 817
f 821 5021 5042 5036
f 5021 820 5030 5042
f 5042 5030 336 5041
f 5036 5042 5041 665
f 818 5039 5044 5043
f 5039 662 4567 5044
f 5044 4567 659 4558
f 5043 5044 4558 658
f 818 5043 5046 5013
f 5043 658 5045 5046
f 5046 5045 815 5003
f 5013 5046 5003 814
f 815 5045 5048 5047
f 5045 658 4557 5048
f 5048 4557 654 4546
f 5047 5048 4546 652
f 815 5047 5049 5004
f 5047 652 4542 5049
f 5049 4542 650 4997
f 5004 5049 4997 812
f 793 4928 5051 5034
f 4928 790 4916 5051
f 5051 4916 788 5050
f 5034 5051 5050 332
f 788 4910 5053 5050
f 4910 786 5052 5053
f 5053 5052 333 3748
f 5050 5053 3748 332
f 786 4904 5055 5052
f 4904 784 5054 5055
f 5055 5054 334 3751
f 5052 5055 3751 333
f 784 4897 5058 5054
f 4897 782 5056 5058
f 5058 5056 667 5057
f 5054 5058 5057 334
f 782 4890 5059 5056
f 4890 670 4585 5059
f 5059 4585 668 4579
f 5056 5059 4579 667
f 779 4874 5061 5060
f 4874 778 4902 5061
f 5061 4902 231 3505
f 5060 5061 3505 230
f 779 5060 5063 4877
f 5060 230 3509 5063
f 5063 3509 232 5062
f 4877 5063 5062 772
f 773 4856 5066 5065
f 4856 772 5062 5066
f 5066 5062 232 5064
f 5065 5066 5064 823
f 773 5065 5069 4859
f 5065 823 5067 5069
f 5069 5067 824 5068
f 4859 5069 5068 766
f 824 5067 5073 5072
f 5067 823 5070 5073
f 5073 5070 825 5071
f 5072 5073 5071 826
f 824 5072 5077 5076
f 5072 826 5074 5077
f 5077 5074 827 5075
f 5076 5077 5075 828
f 824 5076 5079 5068
f 5076 828 5078 5079
f 5079 5078 767 4838
f 5068 5079 4838 766
f 828 5075 5083 5082
f 5075 827 5080 5083
f 5083 5080 829 5081
f 5082 5083 5081 830
f 828 5082 5085 5078
f 5082 830 5084 5085
f 5085 5084 760 4841
f 5078 5085 4841 767
f 830 5081 5089 5088
f 5081 829 5086 5089
f 5089 5086 831 5087
f 5088 5089 5087 832
f 830 5088 5091 5084
f 5088 832 5090 5091
f 5091 5090 761 4820
f 5084 5091 4820 760
f 832 5087 5095 5094
f 5087 831 5092 5095
f 5095 5092 833 5093
f 5094 5095 5093 834
f 832 5094 5097 5090
f 5094 834 5096 5097
f 5097 5096 754 4823
f 5090 5097 4823 761
f 834 5093 5101 5100
f 5093 833 5098 5101
f 5101 5098 835 5099
f 5100 5101 5099 836
f 834 5100 5103 5096
f 5100 836 5102 5103
f 5103 5102 755 4802
f 5096 5103 4802 754
f 836 5099 5107 5106
f 5099 835 5104 5107
f 5107 5104 837 5105
f 5106 5107 5105 838
f 836 5106 5109 5102
f 5106 838 5108 5109
f 5109 5108 748 4805
f 5102 5109 4805 755
f 838 5105 5113 5112
f 5105 837 5110 5113
f 5113 5110 839 5111
f 5112 5113 5111 840
f 838 5112 5115 5108
f 5112 840 5114 5115
f 5115 5114 749 4784
f 5108 5115 4784 748
f 840 5111 5119 5118
f 5111 839 5116 5119
f 5119 5116 841 5117
f 5118 5119 5117 842
f 840 5118 5121 5114
f 5118 842 5120 5121
f 5121 5120 742 4787
f 5114 5121 4787 749
f 842 5117 5125 5124
f 5117 841 5122 5125
f 5125 5122 843 5123
f 5124 5125 5123 844
f 842 5124 5127 5120
f 5124 844 5126 5127
f 5127 5126 743 4766
f 5120 5127 4766 742
f 844 5123 5131 5130
f 5123 843 5128 5131
f 5131 5128 845 5129
f 5130 5131 5129 846
f 844 5130 5133 5126
f 5130 846 5132 5133
f 5133 5132 736 4769
f 5126 5133 4769 743
f 846 5129 5137 5136
f 5129 845 5134 5137
f 5137 5134 847 5135
f 5136 5137 5135 848
f 846 5136 5139 5132
f 5136 848 5138 5139
f 5139 5138 737 4748
f 5132 5139 4748 736
f 848 5135 5143 5142
f 5135 847 5140 5143
f 5143 5140 849 5141
f 5142 5143 5141 850
f 848 5142 5145 5138
f 5142 850 5144 5145
f 5145 5144 730 4751
f 5138 5145 4751 737
f 850 5141 5149 5148
f 5141 849 5146 5149
f 5149 5146 851 5147
f 5148 5149 5147 852
f 850 5148 5151 5144
f 5148 852 5150 5151
f 5151 5150 731 4730
f 5144 5151 4730 730
f 852 5147 5155 5154
f 5147 851 5152 5155
f 5155 5152 853 5153
f 5154 5155 5153 854
f 852 5154 5157 5150
f 5154 854 5156 5157
f 5157 5156 725 4733
f 5150 5157 4733 731
f 854 5153 5160 5159
f 5153 853 5158 5160
f 5160 5158 282 3627
f 5159 5160 3627 281
f 854 5159 5161 5156
f 5159 281 3633 5161
f 5161 3633 285 4715
f 5156 5161 4715 725
f 853 5152 5165 5164
f 5152 851 5162 5165
f 5165 5162 855 5163
f 5164 5165 5163 856
f 853 5164 5168 5158
f 5164 856 5166 5168
f 5168 5166 857 5167
f 5158 5168 5167 282
f 857 5166 5172 5171
f 5166 856 5169 5172
f 5172 5169 858 5170
f 5171 5172 5170 859
f 857 5171 5176 5175
f 5171 859 5173 5176
f 5176 5173 860 5174
f 5175 5176 5174 861
f 857 5175 5178 5167
f 5175 861 5177 5178
f 5178 5177 283 3628
f 5167 5178 3628 282
f 861 5174 5182 5181
f 5174 860 5179 5182
f 5182 5179 279 5180
f 5181 5182 5180 862
f 861 5181 5185 5177
f 5181 862 5183 5185
f 5185 5183 863 5184
f 5177 5185 5184 283
f 863 5183 5189 5188
f 5183 862 5186 5189
f 5189 5186 864 5187
f 5188 5189 5187 865
f 863 5188 5192 5191
f 5188 865 5190 5192
f 5192 5190 47 3644
f 5191 5192 3644 288
f 863 5191 5193 5184
f 5191 288 3652 5193
f 5193 3652 46 3629
f 5184 5193 3629 283
f 865 5187 5197 5196
f 5187 864 5194 5197
f 5197 5194 866 5195
f 5196 5197 5195 867
f 865 5196 5199 5190
f 5196 867 5198 5199
f 5199 5198 181 3379
f 5190 5199 3379 47
f 867 5195 5203 5202
f 5195 866 5200 5203
f 5203 5200 868 5201
f 5202 5203 5201 869
f 867 5202 5206 5198
f 5202 869 5204 5206
f 5206 5204 870 5205
f 5198 5206 5205 181
f 870 5204 5210 5209
f 5204 869 5207 5210
f 5210 5207 871 5208
f 5209 5210 5208 872
f 870 5209 5213 5212
f 5209 872 5211 5213
f 5213 5211 268 3600
f 5212 5213 3600 271
f 870 5212 5215 5205
f 5212 271 5214 5215
f 5215 5214 23 3380
f 5205 5215 3380 181
f 872 5208 5219 5218
f 5208 871 5216 5219
f 5219 5216 153 5217
f 5218 5219 5217 873
f 872 5218 5221 5211
f 5218 873 5220 5221
f 5221 5220 269 3594
f 5211 5221 3594 268
f 873 5217 5224 5223
f 5217 153 3319 5224
f 5224 3319 152 5222
f 5223 5224 5222 258
f 873 5223 5225 5220
f 5223 258 3568 5225
f 5225 3568 257 3612
f 5220 5225 3612 269
f 871 5207 5228 5227
f 5207 869 5201 5228
f 5228 5201 868 5226
f 5227 5228 5226 874
f 871 5227 5230 5216
f 5227 874 5229 5230
f 5230 5229 154 3320
f 5216 5230 3320 153
f 874 5231 5234 5229
f 5231 875 5232 5234
f 5234 5232 876 5233
f 5229 5234 5233 154
f 874 5226 5237 5231
f 5226 868 5235 5237
f 5237 5235 877 5236
f 5231 5237 5236 875
f 877 5238 5241 5236
f 5238 878 5239 5241
f 5241 5239 879 5240
f 5236 5241 5240 875
f 877 5235 5244 5243
f 5235 868 5200 5244
f 5244 5200 866 5242
f 5243 5244 5242 280
f 877 5243 5246 5238
f 5243 280 3623 5246
f 5246 3623 277 5245
f 5238 5246 5245 878
f 879 5247 5251 5250
f 5247 880 5248 5251
f 5251 5248 881 5249
f 5250 5251 5249 882
f 879 5250 5253 5240
f 5250 882 5252 5253
f 5253 5252 876 5232
f 5240 5253 5232 875
f 879 5239 5256 5247
f 5239 878 5254 5256
f 5256 5254 883 5255
f 5247 5256 5255 880
f 883 5257 5260 5255
f 5257 884 5258 5260
f 5260 5258 885 5259
f 5255 5260 5259 880
f 883 5254 5262 5261
f 5254 878 5245 5262
f 5262 5245 277 3616
f 5261 5262 3616 276
f 883 5261 5265 5257
f 5261 276 5263 5265
f 5265 5263 886 5264
f 5257 5265 5264 884
f 886 5266 5269 5264
f 5266 887 5267 5269
f 5269 5267 888 5268
f 5264 5269 5268 884
f 886 5263 5272 5271
f 5263 276 3615 5272
f 5272 3615 275 5270
f 5271 5272 5270 889
f 886 5271 5275 5266
f 5271 889 5273 5275
f 5275 5273 890 5274
f 5266 5275 5274 887
f 890 5276 5279 5274
f 5276 891 5277 5279
f 5279 5277 892 5278
f 5274 5279 5278 887
f 890 5273 5282 5281
f 5273 889 5280 5282
f 5282 5280 860 5173
f 5281 5282 5173 859
f 890 5281 5284 5276
f 5281 859 5170 5284
f 5284 5170 858 5283
f 5276 5284 5283 891
f 892 5285 5289 5288
f 5285 893 5286 5289
f 5289 5286 894 5287
f 5288 5289 5287 895
f 892 5288 5291 5278
f 5288 895 5290 5291
f 5291 5290 888 5267
f 5278 5291 5267 887
f 892 5277 5294 5285
f 5277 891 5292 5294
f 5294 5292 896 5293
f 5285 5294 5293 893
f 896 5295 5298 5293
f 5295 897 5296 5298
f 5298 5296 898 5297
f 5293 5298 5297 893
f 896 5292 5301 5300
f 5292 891 5283 5301
f 5301 5283 858 5299
f 5300 5301 5299 899
f 896 5300 5304 5295
f 5300 899 5302 5304
f 5304 5302 900 5303
f 5295 5304 5303 897
f 900 5305 5308 5303
f 5305 901 5306 5308
f 5308 5306 902 5307
f 5303 5308 5307 897
f 900 5302 5312 5311
f 5302 899 5309 5312
f 5312 5309 855 5310
f 5311 5312 5310 903
f 900 5311 5315 5305
f 5311 903 5313 5315
f 5315 5313 904 5314
f 5305 5315 5314 901
f 904 5316 5319 5314
f 5316 905 5317 5319
f 5319 5317 906 5318
f 5314 5319 5318 901
f 904 5313 5322 5321
f 5313 903 5320 5322
f 5322 5320 849 5140
f 5321 5322 5140 847
f 904 5321 5324 5316
f 5321 847 5134 5324
f 5324 5134 845 5323
f 5316 5324 5323 905
f 906 5325 5329 5328
f 5325 907 5326 5329
f 5329 5326 908 5327
f 5328 5329 5327 909
f 906 5328 5331 5318
f 5328 909 5330 5331
f 5331 5330 902 5306
f 5318 5331 5306 901
f 906 5317 5334 5325
f 5317 905 5332 5334
f 5334 5332 910 5333
f 5325 5334 5333 907
f 910 5335 5338 5333
f 5335 911 5336 5338
f 5338 5336 912 5337
f 5333 5338 5337 907
f 910 5332 5340 5339
f 5332 905 5323 5340
f 5340 5323 845 5128
f 5339 5340 5128 843
f 910 5339 5342 5335
f 5339 843 5122 5342
f 5342 5122 841 5341
f 5335 5342 5341 911
f 912 5343 5347 5346
f 5343 913 5344 5347
f 5347 5344 914 5345
f 5346 5347 5345 915
f 912 5346 5349 5337
f 5346 915 5348 5349
f 5349 5348 908 5326
f 5337 5349 5326 907
f 912 5336 5352 5343
f 5336 911 5350 5352
f 5352 5350 916 5351
f 5343 5352 5351 913
f 916 5353 5356 5351
f 5353 917 5354 5356
f 5356 5354 918 5355
f 5351 5356 5355 913
f 916 5350 5358 5357
f 5350 911 5341 5358
f 5358 5341 841 5116
f 5357 5358 5116 839
f 916 5357 5360 5353
f 5357 839 5110 5360
f 5360 5110 837 5359
f 5353 5360 5359 917
f 918 5361 5365 5364
f 5361 919 5362 5365
f 5365 5362 920 5363
f 5364 5365 5363 921
f 918 5364 5367 5355
f 5364 921 5366 5367
f 5367 5366 914 5344
f 5355 5367 5344 913
f 918 5354 5370 5361
f 5354 917 5368 5370
f 5370 5368 922 5369
f 5361 5370 5369 919
f 922 5371 5374 5369
f 5371 923 5372 5374
f 5374 5372 924 5373
f 5369 5374 5373 919
f 922 5368 5376 5375
f 5368 917 5359 5376
f 5376 5359 837 5104
f 5375 5376 5104 835
f 922 5375 5378 5371
f 5375 835 5098 5378
f 5378 5098 833 5377
f 5371 5378 5377 923
f 924 5379 5383 5382
f 5379 925 5380 5383
f 5383 5380 926 5381
f 5382 5383 5381 927
f 924 5382 5385 5373
f 5382 927 5384 5385
f 5385 5384 920 5362
f 5373 5385 5362 919
f 924 5372 5388 5379
f 5372 923 5386 5388
f 5388 5386 928 5387
f 5379 5388 5387 925
f 928 5389 5392 5387
f 5389 929 5390 5392
f 5392 5390 930 5391
f 5387 5392 5391 925
f 928 5386 5394 5393
f 5386 923 5377 5394
f 5394 5377 833 5092
f 5393 5394 5092 831
f 928 5393 5396 5389
f 5393 831 5086 5396
f 5396 5086 829 5395
f 5389 5396 5395 929
f 930 5397 5401 5400
f 5397 931 5398 5401
f 5401 5398 932 5399
f 5400 5401 5399 933
f 930 5400 5403 5391
f 5400 933 5402 5403
f 5403 5402 926 5380
f 5391 5403 5380 925
f 930 5390 5406 5397
f 5390 929 5404 5406
f 5406 5404 934 5405
f 5397 5406 5405 931
f 934 5407 5410 5405
f 5407 935 5408 5410
f 5410 5408 936 5409
f 5405 5410 5409 931
f 934 5404 5412 5411
f 5404 929 5395 5412
f 5412 5395 829 5080
f 5411 5412 5080 827
f 934 5411 5414 5407
f 5411 827 5074 5414
f 5414 5074 826 5413
f 5407 5414 5413 935
f 936 5415 5419 5418
f 5415 937 5416 5419
f 5419 5416 598 5417
f 5418 5419 5417 938
f 936 5418 5421 5409
f 5418 938 5420 5421
f 5421 5420 932 5398
f 5409 5421 5398 931
f 936 5408 5424 5415
f 5408 935 5422 5424
f 5424 5422 939 5423
f 5415 5424 5423 937
f 939 5425 5428 5423
f 5425 228 5426 5428
f 5428 5426 601 5427
f 5423 5428 5427 937
f 939 5422 5430 5429
f 5422 935 5413 5430
f 5430 5413 826 5071
f 5429 5430 5071 825
f 939 5429 5432 5425
f 5429 825 5431 5432
f 5432 5431 229 3501
f 5425 5432 3501 228
f 938 5417 5435 5434
f 5417 598 4385 5435
f 5435 4385 596 5433
f 5434 5435 5433 940
f 938 5434 5438 5420
f 5434 940 5436 5438
f 5438 5436 941 5437
f 5420 5438 5437 932
f 941 5436 5442 5441
f 5436 940 5439 5442
f 5442 5439 942 5440
f 5441 5442 5440 943
f 941 5441 5446 5445
f 5441 943 5443 5446
f 5446 5443 944 5444
f 5445 5446 5444 945
f 941 5445 5448 5437
f 5445 945 5447 5448
f 5448 5447 933 5399
f 5437 5448 5399 932
f 945 5444 5452 5451
f 5444 944 5449 5452
f 5452 5449 946 5450
f 5451 5452 5450 947
f 945 5451 5454 5447
f 5451 947 5453 5454
f 5454 5453 926 5402
f 5447 5454 5402 933
f 947 5450 5458 5457
f 5450 946 5455 5458
f 5458 5455 948 5456
f 5457 5458 5456 949
f 947 5457 5460 5453
f 5457 949 5459 5460
f 5460 5459 927 5381
f 5453 5460 5381 926
f 949 5456 5464 5463
f 5456 948 5461 5464
f 5464 5461 950 5462
f 5463 5464 5462 951
f 949 5463 5466 5459
f 5463 951 5465 5466
f 5466 5465 920 5384
f 5459 5466 5384 927
f 951 5462 5470 5469
f 5462 950 5467 5470
f 5470 5467 952 5468
f 5469 5470 5468 953
f 951 5469 5472 5465
f 5469 953 5471 5472
f 5472 5471 921 5363
f 5465 5472 5363 920
f 953 5468 5476 5475
f 5468 952 5473 5476
f 5476 5473 954 5474
f 5475 5476 5474 955
f 953 5475 5478 5471
f 5475 955 5477 5478
f 5478 5477 914 5366
f 5471 5478 5366 921
f 955 5474 5482 5481
f 5474 954 5479 5482
f 5482 5479 956 5480
f 5481 5482 5480 957
f 955 5481 5484 5477
f 5481 957 5483 5484
f 5484 5483 915 5345
f 5477 5484 5345 914
f 957 5480 5488 5487
f 5480 956 5485 5488
f 5488 5485 958 5486
f 5487 5488 5486 959
f 957 5487 5490 5483
f 5487 959 5489 5490
f 5490 5489 908 5348
f 5483 5490 5348 915
f 959 5486 5494 5493
f 5486 958 5491 5494
f 5494 5491 960 5492
f 5493 5494 5492 961
f 959 5493 5496 5489
f 5493 961 5495 5496
f 5496 5495 909 5327
f 5489 5496 5327 908
f 961 5492 5500 5499
f 5492 960 5497 5500
f 5500 5497 962 5498
f 5499 5500 5498 963
f 961 5499 5502 5495
f 5499 963 5501 5502
f 5502 5501 902 5330
f 5495 5502 5330 909
f 963 5498 5506 5505
f 5498 962 5503 5506
f 5506 5503 964 5504
f 5505 5506 5504 898
f 963 5505 5507 5501
f 5505 898 5296 5507
f 5507 5296 897 5307
f 5501 5507 5307 902
f 964 5503 5511 5510
f 5503 962 5508 5511
f 5511 5508 965 5509
f 5510 5511 5509 966
f 964 5510 5515 5514
f 5510 966 5512 5515
f 5515 5512 967 5513
f 5514 5515 5513 894
f 964 5514 5516 5504
f 5514 894 5286 5516
f 5516 5286 893 5297
f 5504 5516 5297 898
f 967 5512 5519 5518
f 5512 966 5517 5519
f 5519 5517 81 3158
f 5518 5519 3158 80
f 967 5518 5522 5521
f 5518 80 5520 5522
f 5522 5520 17 3300
f 5521 5522 3300 145
f 967 5521 5524 5513
f 5521 145 5523 5524
f 5524 5523 895 5287
f 5513 5524 5287 894
f 966 5509 5527 5517
f 5509 965 5525 5527
f 5527 5525 968 5526
f 5517 5527 5526 81
f 968 5528 5532 5531
f 5528 969 5529 5532
f 5532 5529 970 5530
f 5531 5532 5530 971
f 968 5531 5534 5526
f 5531 971 5533 5534
f 5534 5533 82 3165
f 5526 5534 3165 81
f 968 5525 5537 5528
f 5525 965 5535 5537
f 5537 5535 972 5536
f 5528 5537 5536 969
f 972 5538 5541 5536
f 5538 973 5539 5541
f 5541 5539 974 5540
f 5536 5541 5540 969
f 972 5535 5543 5542
f 5535 965 5508 5543
f 5543 5508 962 5497
f 5542 5543 5497 960
f 972 5542 5545 5538
f 5542 960 5491 5545
f 5545 5491 958 5544
f 5538 5545 5544 973
f 974 5546 5550 5549
f 5546 975 5547 5550
f 5550 5547 976 5548
f 5549 5550 5548 977
f 974 5549 5552 5540
f 5549 977 5551 5552
f 5552 5551 970 5529
f 5540 5552 5529 969
f 974 5539 5555 5546
f 5539 973 5553 5555
f 5555 5553 978 5554
f 5546 5555 5554 975
f 978 5556 5559 5554
f 5556 979 5557 5559
f 5559 5557 980 5558
f 5554 5559 5558 975
f 978 5553 5561 5560
f 5553 973 5544 5561
f 5561 5544 958 5485
f 5560 5561 5485 956
f 978 5560 5563 5556
f 5560 956 5479 5563
f 5563 5479 954 5562
f 5556 5563 5562 979
f 980 5564 5568 5567
f 5564 981 5565 5568
f 5568 5565 982 5566
f 5567 5568 5566 983
f 980 5567 5570 5558
f 5567 983 5569 5570
f 5570 5569 976 5547
f 5558 5570 5547 975
f 980 5557 5573 5564
f 5557 979 5571 5573
f 5573 5571 984 5572
f 5564 5573 5572 981
f 984 5574 5577 5572
f 5574 985 5575 5577
f 5577 5575 986 5576
f 5572 5577 5576 981
f 984 5571 5579 5578
f 5571 979 5562 5579
f 5579 5562 954 5473
f 5578 5579 5473 952
f 984 5578 5581 5574
f 5578 952 5467 5581
f 5581 5467 950 5580
f 5574 5581 5580 985
f 986 5582 5586 5585
f 5582 987 5583 5586
f 5586 5583 988 5584
f 5585 5586 5584 989
f 986 5585 5588 5576
f 5585 989 5587 5588
f 5588 5587 982 5565
f 5576 5588 5565 981
f 986 5575 5591 5582
f 5575 985 5589 5591
f 5591 5589 990 5590
f 5582 5591 5590 987
f 990 5592 5595 5590
f 5592 991 5593 5595
f 5595 5593 992 5594
f 5590 5595 5594 987
f 990 5589 5597 5596
f 5589 985 5580 5597
f 5597 5580 950 5461
f 5596 5597 5461 948
f 990 5596 5599 5592
f 5596 948 5455 5599
f 5599 5455 946 5598
f 5592 5599 5598 991
f 992 5600 5604 5603
f 5600 993 5601 5604
f 5604 5601 994 5602
f 5603 5604 5602 995
f 992 5603 5606 5594
f 5603 995 5605 5606
f 5606 5605 988 5583
f 5594 5606 5583 987
f 992 5593 5609 5600
f 5593 991 5607 5609
f 5609 5607 996 5608
f 5600 5609 5608 993
f 996 5610 5613 5608
f 5610 997 5611 5613
f 5613 5611 998 5612
f 5608 5613 5612 993
f 996 5607 5615 5614
f 5607 991 5598 5615
f 5615 5598 946 5449
f 5614 5615 5449 944
f 996 5614 5617 5610
f 5614 944 5443 5617
f 5617 5443 943 5616
f 5610 5617 5616 997
f 998 5618 5622 5621
f 5618 999 5619 5622
f 5622 5619 1000 5620
f 5621 5622 5620 1001
f 998 5621 5624 5612
f 5621 1001 5623 5624
f 5624 5623 994 5601
f 5612 5624 5601 993
f 998 5611 5627 5618
f 5611 997 5625 5627
f 5627 5625 1002 5626
f 5618 5627 5626 999
f 1002 5628 5631 5626
f 5628 594 5629 5631
f 5631 5629 1003 5630
f 5626 5631 5630 999
f 1002 5625 5633 5632
f 5625 997 5616 5633
f 5633 5616 943 5440
f 5632 5633 5440 942
f 1002 5632 5635 5628
f 5632 942 5634 5635
f 5635 5634 595 4376
f 5628 5635 4376 594
f 1003 5636 5640 5639
f 5636 591 5637 5640
f 5640 5637 1004 5638
f 5639 5640 5638 1005
f 1003 5639 5642 5630
f 5639 1005 5641 5642
f 5642 5641 1000 5619
f 5630 5642 5619 999
f 1003 5629 5643 5636
f 5629 594 4375 5643
f 5643 4375 592 4369
f 5636 5643 4369 591
f 1005 5638 5647 5646
f 5638 1004 5644 5647
f 5647 5644 1006 5645
f 5646 5647 5645 1007
f 1005 5646 5650 5641
f 5646 1007 5648 5650
f 5650 5648 1008 5649
f 5641 5650 5649 1000
f 1008 5648 5654 5653
f 5648 1007 5651 5654
f 5654 5651 1009 5652
f 5653 5654 5652 1010
f 1008 5653 5658 5657
f 5653 1010 5655 5658
f 5658 5655 1011 5656
f 5657 5658 5656 1012
f 1008 5657 5660 5649
f 5657 1012 5659 5660
f 5660 5659 1001 5620
f 5649 5660 5620 1000
f 1012 5656 5664 5663
f 5656 1011 5661 5664
f 5664 5661 1013 5662
f 5663 5664 5662 1014
f 1012 5663 5666 5659
f 5663 1014 5665 5666
f 5666 5665 994 5623
f 5659 5666 5623 1001
f 1014 5662 5670 5669
f 5662 1013 5667 5670
f 5670 5667 1015 5668
f 5669 5670 5668 1016
f 1014 5669 5672 5665
f 5669 1016 5671 5672
f 5672 5671 995 5602
f 5665 5672 5602 994
f 1016 5668 5676 5675
f 5668 1015 5673 5676
f 5676 5673 1017 5674
f 5675 5676 5674 1018
f 1016 5675 5678 5671
f 5675 1018 5677 5678
f 5678 5677 988 5605
f 5671 5678 5605 995
f 1018 5674 5682 5681
f 5674 1017 5679 5682
f 5682 5679 1019 5680
f 5681 5682 5680 1020
f 1018 5681 5684 5677
f 5681 1020 5683 5684
f 5684 5683 989 5584
f 5677 5684 5584 988
f 1020 5680 5688 5687
f 5680 1019 5685 5688
f 5688 5685 115 5686
f 5687 5688 5686 1021
f 1020 5687 5690 5683
f 5687 1021 5689 5690
f 5690 5689 982 5587
f 5683 5690 5587 989
f 1021 5686 5693 5692
f 5686 115 3231 5693
f 5693 3231 114 5691
f 5692 5693 5691 1022
f 1021 5692 5695 5689
f 5692 1022 5694 5695
f 5695 5694 983 5566
f 5689 5695 5566 982
f 1022 5691 5699 5698
f 5691 114 5696 5699
f 5699 5696 1023 5697
f 5698 5699 5697 1024
f 1022 5698 5701 5694
f 5698 1024 5700 5701
f 5701 5700 976 5569
f 5694 5701 5569 983
f 1024 5697 5705 5704
f 5697 1023 5702 5705
f 5705 5702 1025 5703
f 5704 5705 5703 1026
f 1024 5704 5707 5700
f 5704 1026 5706 5707
f 5707 5706 977 5548
f 5700 5707 5548 976
f 1026 5703 5711 5710
f 5703 1025 5708 5711
f 5711 5708 1027 5709
f 5710 5711 5709 1028
f 1026 5710 5713 5706
f 5710 1028 5712 5713
f 5713 5712 970 5551
f 5706 5713 5551 977
f 1028 5709 5717 5716
f 5709 1027 5714 5717
f 5717 5714 1029 5715
f 5716 5717 5715 1030
f 1028 5716 5719 5712
f 5716 1030 5718 5719
f 5719 5718 971 5530
f 5712 5719 5530 970
f 1030 5715 5723 5722
f 5715 1029 5720 5723
f 5723 5720 1031 5721
f 5722 5723 5721 1032
f 1030 5722 5725 5718
f 5722 1032 5724 5725
f 5725 5724 82 5533
f 5718 5725 5533 971
f 1032 5721 5729 5728
f 5721 1031 5726 5729
f 5729 5726 1033 5727
f 5728 5729 5727 1034
f 1032 5728 5731 5724
f 5728 1034 5730 5731
f 5731 5730 83 3166
f 5724 5731 3166 82
f 1034 5727 5735 5734
f 5727 1033 5732 5735
f 5735 5732 1035 5733
f 5734 5735 5733 1036
f 1034 5734 5738 5730
f 5734 1036 5736 5738
f 5738 5736 1037 5737
f 5730 5738 5737 83
f 1037 5736 5742 5741
f 5736 1036 5739 5742
f 5742 5739 1038 5740
f 5741 5742 5740 1039
f 1037 5741 5746 5745
f 5741 1039 5743 5746
f 5746 5743 1040 5744
f 5745 5746 5744 1041
f 1037 5745 5748 5737
f 5745 1041 5747 5748
f 5748 5747 84 3161
f 5737 5748 3161 83
f 1041 5744 5752 5751
f 5744 1040 5749 5752
f 5752 5749 1042 5750
f 5751 5752 5750 1043
f 1041 5751 5755 5747
f 5751 1043 5753 5755
f 5755 5753 1044 5754
f 5747 5755 5754 84
f 1044 5756 5758 5754
f 5756 146 5757 5758
f 5758 5757 79 3162
f 5754 5758 3162 84
f 1044 5753 5762 5761
f 5753 1043 5759 5762
f 5762 5759 1045 5760
f 5761 5762 5760 1046
f 1044 5761 5764 5756
f 5761 1046 5763 5764
f 5764 5763 147 3303
f 5756 5764 3303 146
f 1046 5760 5768 5767
f 5760 1045 5765 5768
f 5768 5765 1047 5766
f 5767 5768 5766 1048
f 1046 5767 5771 5763
f 5767 1048 5769 5771
f 5771 5769 1049 5770
f 5763 5771 5770 147
f 1049 5772 5773 5770
f 5772 344 3778 5773
f 5773 3778 141 3304
f 5770 5773 3304 147
f 1049 5769 5777 5776
f 5769 1048 5774 5777
f 5777 5774 1050 5775
f 5776 5777 5775 1051
f 1049 5776 5779 5772
f 5776 1051 5778 5779
f 5779 5778 345 3781
f 5772 5779 3781 344
f 1051 5775 5782 5781
f 5775 1050 5780 5782
f 5782 5780 323 3724
f 5781 5782 3724 322
f 1051 5781 5784 5778
f 5781 322 3730 5784
f 5784 3730 325 5783
f 5778 5784 5783 345
f 1050 5774 5787 5786
f 5774 1048 5766 5787
f 5787 5766 1047 5785
f 5786 5787 5785 1052
f 1050 5786 5790 5780
f 5786 1052 5788 5790
f 5790 5788 1053 5789
f 5780 5790 5789 323
f 1053 5788 5794 5793
f 5788 1052 5791 5794
f 5794 5791 1054 5792
f 5793 5794 5792 1055
f 1053 5793 5798 5797
f 5793 1055 5795 5798
f 5798 5795 1056 5796
f 5797 5798 5796 1057
f 1053 5797 5800 5789
f 5797 1057 5799 5800
f 5800 5799 324 3725
f 5789 5800 3725 323
f 1057 5796 5804 5803
f 5796 1056 5801 5804
f 5804 5801 1058 5802
f 5803 5804 5802 1059
f 1057 5803 5806 5799
f 5803 1059 5805 5806
f 5806 5805 100 3732
f 5799 5806 3732 324
f 1059 5802 5810 5809
f 5802 1058 5807 5810
f 5810 5807 1060 5808
f 5809 5810 5808 101
f 1059 5809 5811 5805
f 5809 101 3198 5811
f 5811 3198 7 3196
f 5805 5811 3196 100
f 1060 5807 5815 5814
f 5807 1058 5812 5815
f 5815 5812 1061 5813
f 5814 5815 5813 1062
f 1060 5814 5819 5818
f 5814 1062 5816 5819
f 5819 5816 1063 5817
f 5818 5819 5817 1064
f 1060 5818 5821 5808
f 5818 1064 5820 5821
f 5821 5820 102 3199
f 5808 5821 3199 101
f 1064 5817 5825 5824
f 5817 1063 5822 5825
f 5825 5822 1065 5823
f 5824 5825 5823 1066
f 1064 5824 5828 5820
f 5824 1066 5826 5828
f 5828 5826 1067 5827
f 5820 5828 5827 102
f 1067 5829 5831 5827
f 5829 1068 5830 5831
f 5831 5830 98 3200
f 5827 5831 3200 102
f 1067 5826 5835 5834
f 5826 1066 5832 5835
f 5835 5832 1069 5833
f 5834 5835 5833 349
f 1067 5834 5837 5829
f 5834 349 3790 5837
f 5837 3790 346 5836
f 5829 5837 5836 1068
f 1069 5832 5840 5839
f 5832 1066 5823 5840
f 5840 5823 1065 5838
f 5839 5840 5838 1070
f 1069 5839 5844 5843
f 5839 1070 5841 5844
f 5844 5841 1071 5842
f 5843 5844 5842 1072
f 1069 5843 5846 5833
f 5843 1072 5845 5846
f 5846 5845 347 3791
f 5833 5846 3791 349
f 1072 5842 5850 5849
f 5842 1071 5847 5850
f 5850 5847 1073 5848
f 5849 5850 5848 1074
f 1072 5849 5852 5845
f 5849 1074 5851 5852
f 5852 5851 348 3786
f 5845 5852 3786 347
f 1074 5848 5855 5854
f 5848 1073 5853 5855
f 5855 5853 121 3794
f 5854 5855 3794 350
f 1074 5854 5858 5851
f 5854 350 5856 5858
f 5858 5856 1075 5857
f 5851 5858 5857 348
f 1075 5859 5860 5857
f 5859 139 3289 5860
f 5860 3289 138 3787
f 5857 5860 3787 348
f 1075 5856 5863 5862
f 5856 350 3793 5863
f 5863 3793 62 5861
f 5862 5863 5861 1076
f 1075 5862 5866 5859
f 5862 1076 5864 5866
f 5866 5864 1077 5865
f 5859 5866 5865 139
f 1077 5867 5869 5865
f 5867 1078 5868 5869
f 5869 5868 140 3290
f 5865 5869 3290 139
f 1077 5864 5872 5871
f 5864 1076 5870 5872
f 5872 5870 90 3256
f 5871 5872 3256 126
f 1077 5871 5874 5867
f 5871 126 3253 5874
f 5874 3253 125 5873
f 5867 5874 5873 1078
f 1078 5875 5877 5868
f 5875 337 3765 5877
f 5877 3765 340 5876
f 5868 5877 5876 140
f 1078 5873 5879 5875
f 5873 125 5878 5879
f 5879 5878 338 3759
f 5875 5879 3759 337
f 1076 5861 5880 5870
f 5861 62 3799 5880
f 5880 3799 88 3178
f 5870 5880 3178 90
f 1073 5847 5884 5883
f 5847 1071 5881 5884
f 5884 5881 1079 5882
f 5883 5884 5882 122
f 1073 5883 5885 5853
f 5883 122 3247 5885
f 5885 3247 12 3245
f 5853 5885 3245 121
f 1079 5881 5888 5887
f 5881 1071 5841 5888
f 5888 5841 1070 5886
f 5887 5888 5886 1080
f 1079 5887 5892 5891
f 5887 1080 5889 5892
f 5892 5889 1081 5890
f 5891 5892 5890 1082
f 1079 5891 5894 5882
f 5891 1082 5893 5894
f 5894 5893 123 3248
f 5882 5894 3248 122
f 1082 5890 5898 5897
f 5890 1081 5895 5898
f 5898 5895 1083 5896
f 5897 5898 5896 1084
f 1082 5897 5901 5893
f 5897 1084 5899 5901
f 5901 5899 1085 5900
f 5893 5901 5900 123
f 1085 5899 5904 5903
f 5899 1084 5902 5904
f 5904 5902 328 3736
f 5903 5904 3736 327
f 1085 5903 5908 5907
f 5903 327 5905 5908
f 5908 5905 1086 5906
f 5907 5908 5906 1087
f 1085 5907 5910 5900
f 5907 1087 5909 5910
f 5910 5909 120 3249
f 5900 5910 3249 123
f 1087 5906 5914 5913
f 5906 1086 5911 5914
f 5914 5911 1088 5912
f 5913 5914 5912 1089
f 1087 5913 5916 5909
f 5913 1089 5915 5916
f 5916 5915 63 3243
f 5909 5916 3243 120
f 1089 5912 5920 5919
f 5912 1088 5917 5920
f 5920 5917 343 5918
f 5919 5920 5918 1090
f 1089 5919 5923 5915
f 5919 1090 5921 5923
f 5923 5921 1091 5922
f 5915 5923 5922 63
f 1090 5918 5926 5925
f 5918 343 3774 5926
f 5926 3774 341 5924
f 5925 5926 5924 1092
f 1090 5925 5929 5921
f 5925 1092 5927 5929
f 5929 5927 1093 5928
f 5921 5929 5928 1091
f 1093 5927 5932 5931
f 5927 1092 5930 5932
f 5932 5930 137 3285
f 5931 5932 3285 136
f 1093 5931 5934 5933
f 5931 136 3282 5934
f 5934 3282 85 3175
f 5933 5934 3175 89
f 1093 5933 5936 5928
f 5933 89 3798 5936
f 5936 3798 351 5935
f 5928 5936 5935 1091
f 1092 5924 5938 5930
f 5924 341 3767 5938
f 5938 3767 339 5937
f 5930 5938 5937 137
f 1088 5911 5942 5941
f 5911 1086 5939 5942
f 5942 5939 1094 5940
f 5941 5942 5940 1095
f 1088 5941 5944 5917
f 5941 1095 5943 5944
f 5944 5943 342 3775
f 5917 5944 3775 343
f 1095 5940 5948 5947
f 5940 1094 5945 5948
f 5948 5945 130 5946
f 5947 5948 5946 249
f 1095 5947 5949 5943
f 5947 249 3548 5949
f 5949 3548 149 3771
f 5943 5949 3771 342
f 1094 5950 5951 5945
f 5950 326 3741 5951
f 5951 3741 131 3267
f 5945 5951 3267 130
f 1094 5939 5952 5950
f 5939 1086 5905 5952
f 5952 5905 327 3735
f 5950 5952 3735 326
f 1084 5896 5954 5902
f 5896 1083 5953 5954
f 5954 5953 330 3743
f 5902 5954 3743 328
f 1083 5895 5958 5957
f 5895 1081 5955 5958
f 5958 5955 1096 5956
f 5957 5958 5956 1097
f 1083 5957 5961 5953
f 5957 1097 5959 5961
f 5961 5959 1098 5960
f 5953 5961 5960 330
f 1098 5959 5965 5964
f 5959 1097 5962 5965
f 5965 5962 1099 5963
f 5964 5965 5963 77
f 1098 5964 5968 5967
f 5964 77 3150 5968
f 5968 3150 76 5966
f 5967 5968 5966 1100
f 1098 5967 5970 5960
f 5967 1100 5969 5970
f 5970 5969 329 3744
f 5960 5970 3744 330
f 1100 5966 5972 5971
f 5966 76 3154 5972
f 5972 3154 78 3271
f 5971 5972 3271 132
f 1100 5971 5973 5969
f 5971 132 3268 5973
f 5973 3268 131 3740
f 5969 5973 3740 329
f 1099 5974 5978 5977
f 5974 1101 5975 5978
f 5978 5975 1102 5976
f 5977 5978 5976 1103
f 1099 5977 5980 5963
f 5977 1103 5979 5980
f 5980 5979 73 3151
f 5963 5980 3151 77
f 1099 5962 5982 5974
f 5962 1097 5956 5982
f 5982 5956 1096 5981
f 5974 5982 5981 1101
f 1103 5976 5986 5985
f 5976 1102 5983 5986
f 5986 5983 1104 5984
f 5985 5986 5984 1105
f 1103 5985 5988 5979
f 5985 1105 5987 5988
f 5988 5987 74 3145
f 5979 5988 3145 73
f 1105 5984 5992 5991
f 5984 1104 5989 5992
f 5992 5989 1106 5990
f 5991 5992 5990 1107
f 1105 5991 5995 5987
f 5991 1107 5993 5995
f 5995 5993 1108 5994
f 5987 5995 5994 74
f 1108 5993 5999 5998
f 5993 1107 5996 5999
f 5999 5996 1109 5997
f 5998 5999 5997 1110
f 1108 5998 6003 6002
f 5998 1110 6000 6003
f 6003 6000 1111 6001
f 6002 6003 6001 1112
f 1108 6002 6005 5994
f 6002 1112 6004 6005
f 6005 6004 75 3146
f 5994 6005 3146 74
f 1112 6001 6008 6007
f 6001 1111 6006 6008
f 6008 6006 128 3262
f 6007 6008 3262 127
f 1112 6007 6009 6004
f 6007 127 3272 6009
f 6009 3272 78 3153
f 6004 6009 3153 75
f 1111 6000 6013 6012
f 6000 1110 6010 6013
f 6013 6010 1113 6011
f 6012 6013 6011 1114
f 1111 6012 6015 6006
f 6012 1114 6014 6015
f 6015 6014 246 3541
f 6006 6015 3541 128
f 1114 6011 6019 6018
f 6011 1113 6016 6019
f 6019 6016 1115 6017
f 6018 6019 6017 1116
f 1114 6018 6022 6014
f 6018 1116 6020 6022
f 6022 6020 1117 6021
f 6014 6022 6021 246
f 1117 6020 6026 6025
f 6020 1116 6023 6026
f 6026 6023 1118 6024
f 6025 6026 6024 1119
f 1117 6025 6030 6029
f 6025 1119 6027 6030
f 6030 6027 1120 6028
f 6029 6030 6028 1121
f 1117 6029 6032 6021
f 6029 1121 6031 6032
f 6032 6031 37 3542
f 6021 6032 3542 246
f 1121 6028 6036 6035
f 6028 1120 6033 6036
f 6036 6033 1122 6034
f 6035 6036 6034 1123
f 1121 6035 6038 6031
f 6035 1123 6037 6038
f 6038 6037 247 3544
f 6031 6038 3544 37
f 1123 6034 6042 6041
f 6034 1122 6039 6042
f 6042 6039 1124 6040
f 6041 6042 6040 1125
f 1123 6041 6045 6037
f 6041 1125 6043 6045
f 6045 6043 1126 6044
f 6037 6045 6044 247
f 1126 6043 6049 6048
f 6043 1125 6046 6049
f 6049 6046 1127 6047
f 6048 6049 6047 1128
f 1126 6048 6053 6052
f 6048 1128 6050 6053
f 6053 6050 1129 6051
f 6052 6053 6051 1130
f 1126 6052 6055 6044
f 6052 1130 6054 6055
f 6055 6054 248 3545
f 6044 6055 3545 247
f 1130 6051 6059 6058
f 6051 1129 6056 6059
f 6059 6056 1131 6057
f 6058 6059 6057 1132
f 1130 6058 6062 6054
f 6058 1132 6060 6062
f 6062 6060 1133 6061
f 6054 6062 6061 248
f 1133 6063 6064 6061
f 6063 151 3315 6064
f 6064 3315 150 3546
f 6061 6064 3546 248
f 1133 6060 6067 6066
f 6060 1132 6065 6067
f 6067 6065 882 5249
f 6066 6067 5249 881
f 1133 6066 6070 6063
f 6066 881 6068 6070
f 6070 6068 1134 6069
f 6063 6070 6069 151
f 1134 6071 6073 6069
f 6071 143 6072 6073
f 6073 6072 18 3316
f 6069 6073 3316 151
f 1134 6068 6075 6074
f 6068 881 5248 6075
f 6075 5248 880 5259
f 6074 6075 5259 885
f 1134 6074 6077 6071
f 6074 885 6076 6077
f 6077 6076 144 3295
f 6071 6077 3295 143
f 1132 6057 6079 6065
f 6057 1131 6078 6079
f 6079 6078 876 5252
f 6065 6079 5252 882
f 1131 6056 6083 6082
f 6056 1129 6080 6083
f 6083 6080 1135 6081
f 6082 6083 6081 155
f 1131 6082 6084 6078
f 6082 155 3327 6084
f 6084 3327 154 5233
f 6078 6084 5233 876
f 1135 6080 6087 6086
f 6080 1129 6050 6087
f 6087 6050 1128 6085
f 6086 6087 6085 1136
f 1135 6086 6091 6090
f 6086 1136 6088 6091
f 6091 6088 1137 6089
f 6090 6091 6089 1138
f 1135 6090 6093 6081
f 6090 1138 6092 6093
f 6093 6092 156 3328
f 6081 6093 3328 155
f 1138 6089 6097 6096
f 6089 1137 6094 6097
f 6097 6094 1139 6095
f 6096 6097 6095 1140
f 1138 6096 6100 6092
f 6096 1140 6098 6100
f 6100 6098 1141 6099
f 6092 6100 6099 156
f 1141 6098 6104 6103
f 6098 1140 6101 6104
f 6104 6101 1142 6102
f 6103 6104 6102 1143
f 1141 6103 6108 6107
f 6103 1143 6105 6108
f 6108 6105 1144 6106
f 6107 6108 6106 1145
f 1141 6107 6110 6099
f 6107 1145 6109 6110
f 6110 6109 157 3323
f 6099 6110 3323 156
f 1145 6106 6114 6113
f 6106 1144 6111 6114
f 6114 6111 1146 6112
f 6113 6114 6112 260
f 1145 6113 6116 6109
f 6113 260 3572 6116
f 6116 3572 259 6115
f 6109 6116 6115 157
f 1146 6111 6120 6119
f 6111 1144 6117 6120
f 6120 6117 1147 6118
f 6119 6120 6118 1148
f 1146 6119 6124 6123
f 6119 1148 6121 6124
f 6124 6121 1149 6122
f 6123 6124 6122 263
f 1146 6123 6125 6112
f 6123 263 3579 6125
f 6125 3579 41 3573
f 6112 6125 3573 260
f 1149 6121 6128 6127
f 6121 1148 6126 6128
f 6128 6126 313 3701
f 6127 6128 3701 312
f 1149 6127 6131 6130
f 6127 312 3698 6131
f 6131 3698 311 6129
f 6130 6131 6129 1150
f 1149 6130 6133 6122
f 6130 1150 6132 6133
f 6133 6132 264 3580
f 6122 6133 3580 263
f 1150 6129 6137 6136
f 6129 311 6134 6137
f 6137 6134 1151 6135
f 6136 6137 6135 1152
f 1150 6136 6140 6132
f 6136 1152 6138 6140
f 6140 6138 1153 6139
f 6132 6140 6139 264
f 1153 6141 6143 6139
f 6141 1154 6142 6143
f 6143 6142 261 3581
f 6139 6143 3581 264
f 1153 6138 6147 6146
f 6138 1152 6144 6147
f 6147 6144 1155 6145
f 6146 6147 6145 1156
f 1153 6146 6150 6141
f 6146 1156 6148 6150
f 6150 6148 1157 6149
f 6141 6150 6149 1154
f 1157 6151 6154 6149
f 6151 1158 6152 6154
f 6154 6152 1159 6153
f 6149 6154 6153 1154
f 1157 6148 6158 6157
f 6148 1156 6155 6158
f 6158 6155 1160 6156
f 6157 6158 6156 1161
f 1157 6157 6161 6151
f 6157 1161 6159 6161
f 6161 6159 1162 6160
f 6151 6161 6160 1158
f 1162 6162 6165 6160
f 6162 1163 6163 6165
f 6165 6163 1164 6164
f 6160 6165 6164 1158
f 1162 6159 6169 6168
f 6159 1161 6166 6169
f 6169 6166 1165 6167
f 6168 6169 6167 1166
f 1162 6168 6172 6162
f 6168 1166 6170 6172
f 6172 6170 1167 6171
f 6162 6172 6171 1163
f 1167 6173 6176 6171
f 6173 1168 6174 6176
f 6176 6174 1169 6175
f 6171 6176 6175 1163
f 1167 6170 6180 6179
f 6170 1166 6177 6180
f 6180 6177 1170 6178
f 6179 6180 6178 1171
f 1167 6179 6183 6173
f 6179 1171 6181 6183
f 6183 6181 1172 6182
f 6173 6183 6182 1168
f 1172 6184 6186 6182
f 6184 267 3588 6186
f 6186 3588 266 6185
f 6182 6186 6185 1168
f 1172 6181 6190 6189
f 6181 1171 6187 6190
f 6190 6187 1173 6188
f 6189 6190 6188 1174
f 1172 6189 6192 6184
f 6189 1174 6191 6192
f 6192 6191 72 3591
f 6184 6192 3591 267
f 1174 6188 6196 6195
f 6188 1173 6193 6196
f 6196 6193 1175 6194
f 6195 6196 6194 1176
f 1174 6195 6198 6191
f 6195 1176 6197 6198
f 6198 6197 67 3142
f 6191 6198 3142 72
f 1176 6194 6202 6201
f 6194 1175 6199 6202
f 6202 6199 1177 6200
f 6201 6202 6200 1178
f 1176 6201 6204 6197
f 6201 1178 6203 6204
f 6204 6203 68 3133
f 6197 6204 3133 67
f 1178 6200 6208 6207
f 6200 1177 6205 6208
f 6208 6205 1179 6206
f 6207 6208 6206 1180
f 1178 6207 6211 6203
f 6207 1180 6209 6211
f 6211 6209 1181 6210
f 6203 6211 6210 68
f 1181 6212 6214 6210
f 6212 1182 6213 6214
f 6214 6213 69 3134
f 6210 6214 3134 68
f 1181 6209 6217 6216
f 6209 1180 6215 6217
f 6217 6215 171 3355
f 6216 6217 3355 170
f 1181 6216 6219 6212
f 6216 170 3352 6219
f 6219 3352 169 6218
f 6212 6219 6218 1182
f 1182 6218 6223 6222
f 6218 169 6220 6223
f 6223 6220 1183 6221
f 6222 6223 6221 1184
f 1182 6222 6225 6213
f 6222 1184 6224 6225
f 6225 6224 70 3137
f 6213 6225 3137 69
f 1184 6221 6229 6228
f 6221 1183 6226 6229
f 6229 6226 1185 6227
f 6228 6229 6227 1186
f 1184 6228 6231 6224
f 6228 1186 6230 6231
f 6231 6230 265 3584
f 6224 6231 3584 70
f 1186 6227 6235 6234
f 6227 1185 6232 6235
f 6235 6232 1187 6233
f 6234 6235 6233 1188
f 1186 6234 6237 6230
f 6234 1188 6236 6237
f 6237 6236 266 3587
f 6230 6237 3587 265
f 1188 6233 6241 6240
f 6233 1187 6238 6241
f 6241 6238 1189 6239
f 6240 6241 6239 1169
f 1188 6240 6242 6236
f 6240 1169 6174 6242
f 6242 6174 1168 6185
f 6236 6242 6185 266
f 1189 6238 6246 6245
f 6238 1187 6243 6246
f 6246 6243 1190 6244
f 6245 6246 6244 1191
f 1189 6245 6250 6249
f 6245 1191 6247 6250
f 6250 6247 1192 6248
f 6249 6250 6248 1164
f 1189 6249 6251 6239
f 6249 1164 6163 6251
f 6251 6163 1163 6175
f 6239 6251 6175 1169
f 1192 6247 6254 6253
f 6247 1191 6252 6254
f 6254 6252 274 3606
f 6253 6254 3606 273
f 1192 6253 6257 6256
f 6253 273 3610 6257
f 6257 3610 262 6255
f 6256 6257 6255 1159
f 1192 6256 6258 6248
f 6256 1159 6152 6258
f 6258 6152 1158 6164
f 6248 6258 6164 1164
f 1191 6244 6261 6252
f 6244 1190 6259 6261
f 6261 6259 1193 6260
f 6252 6261 6260 274
f 1193 6262 6266 6265
f 6262 1194 6263 6266
f 6266 6263 1195 6264
f 6265 6266 6264 1196
f 1193 6265 6268 6260
f 6265 1196 6267 6268
f 6268 6267 272 3607
f 6260 6268 3607 274
f 1193 6259 6271 6262
f 6259 1190 6269 6271
f 6271 6269 1197 6270
f 6262 6271 6270 1194
f 1197 6272 6275 6270
f 6272 1198 6273 6275
f 6275 6273 1199 6274
f 6270 6275 6274 1194
f 1197 6269 6277 6276
f 6269 1190 6243 6277
f 6277 6243 1187 6232
f 6276 6277 6232 1185
f 1197 6276 6279 6272
f 6276 1185 6226 6279
f 6279 6226 1183 6278
f 6272 6279 6278 1198
f 1199 6280 6284 6283
f 6280 165 6281 6284
f 6284 6281 305 6282
f 6283 6284 6282 1200
f 1199 6283 6286 6274
f 6283 1200 6285 6286
f 6286 6285 1195 6263
f 6274 6286 6263 1194
f 1199 6273 6288 6280
f 6273 1198 6287 6288
f 6288 6287 166 3344
f 6280 6288 3344 165
f 1200 6282 6290 6289
f 6282 305 3682 6290
f 6290 3682 175 3363
f 6289 6290 3363 174
f 1200 6289 6292 6285
f 6289 174 3369 6292
f 6292 3369 178 6291
f 6285 6292 6291 1195
f 1198 6278 6293 6287
f 6278 1183 6220 6293
f 6293 6220 169 3351
f 6287 6293 3351 166
f 1196 6264 6295 6294
f 6264 1195 6291 6295
f 6295 6291 178 3383
f 6294 6295 3383 182
f 1196 6294 6297 6267
f 6294 182 6296 6297
f 6297 6296 270 3603
f 6267 6297 3603 272
f 1180 6206 6300 6215
f 6206 1179 6298 6300
f 6300 6298 1201 6299
f 6215 6300 6299 171
f 1201 6298 6303 6302
f 6298 1179 6301 6303
f 6303 6301 316 3721
f 6302 6303 3721 321
f 1201 6302 6307 6306
f 6302 321 6304 6307
f 6307 6304 1202 6305
f 6306 6307 6305 1203
f 1201 6306 6309 6299
f 6306 1203 6308 6309
f 6309 6308 172 3356
f 6299 6309 3356 171
f 1203 6305 6312 6311
f 6305 1202 6310 6312
f 6312 6310 296 3662
f 6311 6312 3662 295
f 1203 6311 6314 6308
f 6311 295 6313 6314
f 6314 6313 173 3359
f 6308 6314 3359 172
f 1202 6304 6317 6316
f 6304 321 3720 6317
f 6317 3720 320 6315
f 6316 6317 6315 1204
f 1202 6316 6319 6310
f 6316 1204 6318 6319
f 6319 6318 297 3665
f 6310 6319 3665 296
f 1204 6320 6323 6318
f 6320 1205 6321 6323
f 6323 6321 1206 6322
f 6318 6323 6322 297
f 1204 6315 6325 6320
f 6315 320 3717 6325
f 6325 3717 319 6324
f 6320 6325 6324 1205
f 1206 6326 6330 6329
f 6326 163 6327 6330
f 6330 6327 1207 6328
f 6329 6330 6328 1208
f 1206 6329 6332 6322
f 6329 1208 6331 6332
f 6332 6331 298 3666
f 6322 6332 3666 297
f 1206 6321 6334 6326
f 6321 1205 6333 6334
f 6334 6333 161 3340
f 6326 6334 3340 163
f 1208 6328 6338 6337
f 6328 1207 6335 6338
f 6338 6335 1209 6336
f 6337 6338 6336 1210
f 1208 6337 6340 6331
f 6337 1210 6339 6340
f 6340 6339 299 3669
f 6331 6340 3669 298
f 1210 6336 6344 6343
f 6336 1209 6341 6344
f 6344 6341 1211 6342
f 6343 6344 6342 1212
f 1210 6343 6347 6339
f 6343 1212 6345 6347
f 6347 6345 1213 6346
f 6339 6347 6346 299
f 1213 6345 6351 6350
f 6345 1212 6348 6351
f 6351 6348 1214 6349
f 6350 6351 6349 1215
f 1213 6350 6355 6354
f 6350 1215 6352 6355
f 6355 6352 1216 6353
f 6354 6355 6353 1217
f 1213 6354 6357 6346
f 6354 1217 6356 6357
f 6357 6356 294 3670
f 6346 6357 3670 299
f 1217 6353 6360 6359
f 6353 1216 6358 6360
f 6360 6358 167 3360
f 6359 6360 3360 173
f 1217 6359 6361 6356
f 6359 173 6313 6361
f 6361 6313 295 3661
f 6356 6361 3661 294
f 1216 6352 6365 6364
f 6352 1215 6362 6365
f 6365 6362 309 6363
f 6364 6365 6363 1218
f 1216 6364 6367 6358
f 6364 1218 6366 6367
f 6367 6366 168 3348
f 6358 6367 3348 167
f 1218 6363 6370 6369
f 6363 309 3693 6370
f 6370 3693 308 6368
f 6369 6370 6368 1219
f 1218 6369 6373 6366
f 6369 1219 6371 6373
f 6373 6371 300 6372
f 6366 6373 6372 168
f 1219 6368 6375 6374
f 6368 308 3709 6375
f 6375 3709 222 3488
f 6374 6375 3488 221
f 1219 6374 6377 6371
f 6374 221 6376 6377
f 6377 6376 301 3673
f 6371 6377 3673 300
f 1215 6349 6379 6362
f 6349 1214 6378 6379
f 6379 6378 310 3694
f 6362 6379 3694 309
f 1214 6380 6381 6378
f 6380 1151 6134 6381
f 6381 6134 311 3697
f 6378 6381 3697 310
f 1214 6348 6383 6380
f 6348 1212 6342 6383
f 6383 6342 1211 6382
f 6380 6383 6382 1151
f 1211 6384 6385 6382
f 6384 1155 6144 6385
f 6385 6144 1152 6135
f 6382 6385 6135 1151
f 1211 6341 6388 6384
f 6341 1209 6386 6388
f 6388 6386 1220 6387
f 6384 6388 6387 1155
f 1220 6389 6390 6387
f 6389 1160 6155 6390
f 6390 6155 1156 6145
f 6387 6390 6145 1155
f 1220 6386 6393 6392
f 6386 1209 6335 6393
f 6393 6335 1207 6391
f 6392 6393 6391 1221
f 1220 6392 6396 6389
f 6392 1221 6394 6396
f 6396 6394 1222 6395
f 6389 6396 6395 1160
f 1222 6397 6398 6395
f 6397 1165 6166 6398
f 6398 6166 1161 6156
f 6395 6398 6156 1160
f 1222 6394 6401 6400
f 6394 1221 6399 6401
f 6401 6399 160 3332
f 6400 6401 3332 159
f 1222 6400 6404 6397
f 6400 159 6402 6404
f 6404 6402 1223 6403
f 6397 6404 6403 1165
f 1223 6405 6406 6403
f 6405 1170 6177 6406
f 6406 6177 1166 6167
f 6403 6406 6167 1165
f 1223 6402 6409 6408
f 6402 159 3331 6409
f 6409 3331 158 6407
f 6408 6409 6407 1224
f 1223 6408 6412 6405
f 6408 1224 6410 6412
f 6412 6410 1225 6411
f 6405 6412 6411 1170
f 1225 6413 6414 6411
f 6413 1173 6187 6414
f 6414 6187 1171 6178
f 6411 6414 6178 1170
f 1225 6410 6418 6417
f 6410 1224 6415 6418
f 6418 6415 1226 6416
f 6417 6418 6416 1227
f 1225 6417 6420 6413
f 6417 1227 6419 6420
f 6420 6419 1175 6193
f 6413 6420 6193 1173
f 1227 6416 6423 6422
f 6416 1226 6421 6423
f 6423 6421 318 3713
f 6422 6423 3713 317
f 1227 6422 6425 6419
f 6422 317 6424 6425
f 6425 6424 1177 6199
f 6419 6425 6199 1175
f 1226 6415 6427 6426
f 6415 1224 6407 6427
f 6427 6407 158 3337
f 6426 6427 3337 162
f 1226 6426 6429 6421
f 6426 162 6428 6429
f 6429 6428 319 3716
f 6421 6429 3716 318
f 1221 6391 6430 6399
f 6391 1207 6327 6430
f 6430 6327 163 3339
f 6399 6430 3339 160
f 1205 6324 6431 6333
f 6324 319 6428 6431
f 6431 6428 162 3336
f 6333 6431 3336 161
f 1179 6205 6432 6301
f 6205 1177 6424 6432
f 6432 6424 317 3712
f 6301 6432 3712 316
f 1159 6255 6433 6153
f 6255 262 3576 6433
f 6433 3576 261 6142
f 6153 6433 6142 1154
f 1148 6118 6436 6126
f 6118 1147 6434 6436
f 6436 6434 1228 6435
f 6126 6436 6435 313
f 1228 6434 6440 6439
f 6434 1147 6437 6440
f 6440 6437 1229 6438
f 6439 6440 6438 1230
f 1228 6439 6444 6443
f 6439 1230 6441 6444
f 6444 6441 1231 6442
f 6443 6444 6442 1232
f 1228 6443 6446 6435
f 6443 1232 6445 6446
f 6446 6445 314 3702
f 6435 6446 3702 313
f 1232 6442 6450 6449
f 6442 1231 6447 6450
f 6450 6447 1233 6448
f 6449 6450 6448 1234
f 1232 6449 6452 6445
f 6449 1234 6451 6452
f 6452 6451 315 3705
f 6445 6452 3705 314
f 1234 6448 6456 6455
f 6448 1233 6453 6456
f 6456 6453 1235 6454
f 6455 6456 6454 1236
f 1234 6455 6459 6451
f 6455 1236 6457 6459
f 6459 6457 1237 6458
f 6451 6459 6458 315
f 1237 6457 6463 6462
f 6457 1236 6460 6463
f 6463 6460 1238 6461
f 6462 6463 6461 1239
f 1237 6462 6466 6465
f 6462 1239 6464 6466
f 6466 6464 219 3483
f 6465 6466 3483 218
f 1237 6465 6467 6458
f 6465 218 3492 6467
f 6467 3492 223 3706
f 6458 6467 3706 315
f 1239 6461 6470 6469
f 6461 1238 6468 6470
f 6470 6468 6 3183
f 6469 6470 3183 93
f 1239 6469 6473 6464
f 6469 93 6471 6473
f 6473 6471 1240 6472
f 6464 6473 6472 219
f 1240 6474 6478 6477
f 6474 1241 6475 6478
f 6478 6475 1242 6476
f 6477 6478 6476 1243
f 1240 6477 6480 6472
f 6477 1243 6479 6480
f 6480 6479 220 3484
f 6472 6480 3484 219
f 1240 6471 6482 6474
f 6471 93 3182 6482
f 6482 3182 92 6481
f 6474 6482 6481 1241
f 1243 6476 6485 6484
f 6476 1242 6483 6485
f 6485 6483 302 3674
f 6484 6485 3674 301
f 1243 6484 6486 6479
f 6484 301 6376 6486
f 6486 6376 221 3487
f 6479 6486 3487 220
f 1242 6487 6489 6483
f 6487 1244 6488 6489
f 6489 6488 303 3677
f 6483 6489 3677 302
f 1242 6475 6492 6487
f 6475 1241 6490 6492
f 6492 6490 1245 6491
f 6487 6492 6491 1244
f 1245 6493 6496 6491
f 6493 184 6494 6496
f 6496 6494 1246 6495
f 6491 6496 6495 1244
f 1245 6490 6499 6498
f 6490 1241 6481 6499
f 6499 6481 92 6497
f 6498 6499 6497 1247
f 1245 6498 6501 6493
f 6498 1247 6500 6501
f 6501 6500 185 3387
f 6493 6501 3387 184
f 1247 6497 6504 6503
f 6497 92 3181 6504
f 6504 3181 91 6502
f 6503 6504 6502 1248
f 1247 6503 6507 6500
f 6503 1248 6505 6507
f 6507 6505 1249 6506
f 6500 6507 6506 185
f 1249 6508 6510 6506
f 6508 1250 6509 6510
f 6510 6509 24 3388
f 6506 6510 3388 185
f 1249 6505 6514 6513
f 6505 1248 6511 6514
f 6514 6511 1251 6512
f 6513 6514 6512 1252
f 1249 6513 6517 6508
f 6513 1252 6515 6517
f 6517 6515 1253 6516
f 6508 6517 6516 1250
f 1253 6518 6521 6516
f 6518 1254 6519 6521
f 6521 6519 1255 6520
f 6516 6521 6520 1250
f 1255 6522 6524 6523
f 6522 215 3468 6524
f 6524 3468 214 3689
f 6523 6524 3689 188
f 1255 6523 6525 6520
f 6523 188 3394 6525
f 6525 3394 24 6509
f 6520 6525 6509 1250
f 1255 6519 6527 6522
f 6519 1254 6526 6527
f 6527 6526 216 3471
f 6522 6527 3471 215
f 1251 6511 6529 6528
f 6511 1248 6502 6529
f 6529 6502 91 3187
f 6528 6529 3187 95
f 1246 6530 6534 6533
f 6530 1256 6531 6534
f 6534 6531 1257 6532
f 6533 6534 6532 1258
f 1246 6533 6536 6495
f 6533 1258 6535 6536
f 6536 6535 303 6488
f 6495 6536 6488 1244
f 1246 6494 6538 6530
f 6494 184 3386 6538
f 6538 3386 183 6537
f 6530 6538 6537 1256
f 1258 6532 6542 6541
f 6532 1257 6539 6542
f 6542 6539 1259 6540
f 6541 6542 6540 1260
f 1258 6541 6544 6535
f 6541 1260 6543 6544
f 6544 6543 304 3678
f 6535 6544 3678 303
f 1260 6540 6547 6546
f 6540 1259 6545 6547
f 6547 6545 179 3371
f 6546 6547 3371 176
f 1260 6546 6548 6543
f 6546 176 3364 6548
f 6548 3364 175 3681
f 6543 6548 3681 304
f 1259 6549 6550 6545
f 6549 286 3638 6550
f 6550 3638 180 3375
f 6545 6550 3375 179
f 1259 6539 6553 6549
f 6539 1257 6551 6553
f 6553 6551 1261 6552
f 6549 6553 6552 286
f 1261 6554 6556 6552
f 6554 1262 6555 6556
f 6556 6555 287 3639
f 6552 6556 3639 286
f 1261 6551 6559 6558
f 6551 1257 6531 6559
f 6559 6531 1256 6557
f 6558 6559 6557 1263
f 1261 6558 6562 6554
f 6558 1263 6560 6562
f 6562 6560 1264 6561
f 6554 6562 6561 1262
f 1264 6563 6566 6561
f 6563 210 6564 6566
f 6566 6564 289 6565
f 6561 6566 6565 1262
f 1264 6560 6570 6569
f 6560 1263 6567 6570
f 6570 6567 187 6568
f 6569 6570 6568 1265
f 1264 6569 6572 6563
f 6569 1265 6571 6572
f 6572 6571 204 3460
f 6563 6572 3460 210
f 1265 6568 6574 6573
f 6568 187 3391 6574
f 6574 3391 186 3687
f 6573 6574 3687 307
f 1265 6573 6576 6571
f 6573 307 6575 6576
f 6576 6575 205 3441
f 6571 6576 3441 204
f 1263 6557 6577 6567
f 6557 1256 6537 6577
f 6577 6537 183 3392
f 6567 6577 3392 187
f 1262 6565 6578 6555
f 6565 289 3646 6578
f 6578 3646 48 3642
f 6555 6578 3642 287
f 1238 6460 6581 6580
f 6460 1236 6454 6581
f 6581 6454 1235 6579
f 6580 6581 6579 1266
f 1238 6580 6583 6468
f 6580 1266 6582 6583
f 6583 6582 96 3189
f 6468 6583 3189 6
f 1266 6579 6587 6586
f 6579 1235 6584 6587
f 6587 6584 1267 6585
f 6586 6587 6585 1268
f 1266 6586 6590 6582
f 6586 1268 6588 6590
f 6590 6588 1269 6589
f 6582 6590 6589 96
f 1269 6588 6594 6593
f 6588 1268 6591 6594
f 6594 6591 1270 6592
f 6593 6594 6592 1271
f 1269 6593 6598 6597
f 6593 1271 6595 6598
f 6598 6595 1272 6596
f 6597 6598 6596 1273
f 1269 6597 6600 6589
f 6597 1273 6599 6600
f 6600 6599 97 3190
f 6589 6600 3190 96
f 1272 6595 6604 6603
f 6595 1271 6601 6604
f 6604 6601 1274 6602
f 6603 6604 6602 1275
f 1275 6602 6608 6607
f 6602 1274 6605 6608
f 6608 6605 1276 6606
f 6607 6608 6606 1277
f 1277 6606 6611 6610
f 6606 1276 6609 6611
f 6611 6609 369 3827
f 6610 6611 3827 368
f 1276 6612 6615 6609
f 6612 1278 6613 6615
f 6615 6613 1279 6614
f 6609 6615 6614 369
f 1276 6605 6618 6612
f 6605 1274 6616 6618
f 6618 6616 1280 6617
f 6612 6618 6617 1278
f 1280 6619 6622 6617
f 6619 1281 6620 6622
f 6622 6620 1282 6621
f 6617 6622 6621 1278
f 1280 6616 6624 6623
f 6616 1274 6601 6624
f 6624 6601 1271 6592
f 6623 6624 6592 1270
f 1280 6623 6627 6619
f 6623 1270 6625 6627
f 6627 6625 1283 6626
f 6619 6627 6626 1281
f 1283 6628 6631 6626
f 6628 1284 6629 6631
f 6631 6629 1285 6630
f 6626 6631 6630 1281
f 1283 6625 6633 6632
f 6625 1270 6591 6633
f 6633 6591 1268 6585
f 6632 6633 6585 1267
f 1283 6632 6636 6628
f 6632 1267 6634 6636
f 6636 6634 1286 6635
f 6628 6636 6635 1284
f 1286 6637 6640 6635
f 6637 1287 6638 6640
f 6640 6638 1288 6639
f 6635 6640 6639 1284
f 1286 6634 6642 6641
f 6634 1267 6584 6642
f 6642 6584 1235 6453
f 6641 6642 6453 1233
f 1286 6641 6644 6637
f 6641 1233 6447 6644
f 6644 6447 1231 6643
f 6637 6644 6643 1287
f 1288 6645 6649 6648
f 6645 1289 6646 6649
f 6649 6646 1290 6647
f 6648 6649 6647 1291
f 1288 6648 6651 6639
f 6648 1291 6650 6651
f 6651 6650 1285 6629
f 6639 6651 6629 1284
f 1288 6638 6654 6645
f 6638 1287 6652 6654
f 6654 6652 1292 6653
f 6645 6654 6653 1289
f 1292 6655 6658 6653
f 6655 1293 6656 6658
f 6658 6656 1294 6657
f 6653 6658 6657 1289
f 1292 6652 6660 6659
f 6652 1287 6643 6660
f 6660 6643 1231 6441
f 6659 6660 6441 1230
f 1292 6659 6662 6655
f 6659 1230 6438 6662
f 6662 6438 1229 6661
f 6655 6662 6661 1293
f 1294 6663 6667 6666
f 6663 1295 6664 6667
f 6667 6664 1296 6665
f 6666 6667 6665 1297
f 1294 6666 6669 6657
f 6666 1297 6668 6669
f 6669 6668 1290 6646
f 6657 6669 6646 1289
f 1294 6656 6672 6663
f 6656 1293 6670 6672
f 6672 6670 1142 6671
f 6663 6672 6671 1295
f 1297 6665 6676 6675
f 6665 1296 6673 6676
f 6676 6673 1298 6674
f 6675 6676 6674 1299
f 1297 6675 6679 6668
f 6675 1299 6677 6679
f 6679 6677 1300 6678
f 6668 6679 6678 1290
f 1300 6677 6683 6682
f 6677 1299 6680 6683
f 6683 6680 1301 6681
f 6682 6683 6681 1302
f 1300 6682 6687 6686
f 6682 1302 6684 6687
f 6687 6684 1303 6685
f 6686 6687 6685 1304
f 1300 6686 6689 6678
f 6686 1304 6688 6689
f 6689 6688 1291 6647
f 6678 6689 6647 1290
f 1304 6685 6693 6692
f 6685 1303 6690 6693
f 6693 6690 1305 6691
f 6692 6693 6691 1306
f 1304 6692 6695 6688
f 6692 1306 6694 6695
f 6695 6694 1285 6650
f 6688 6695 6650 1291
f 1306 6691 6699 6698
f 6691 1305 6696 6699
f 6699 6696 1307 6697
f 6698 6699 6697 1282
f 1306 6698 6700 6694
f 6698 1282 6620 6700
f 6700 6620 1281 6630
f 6694 6700 6630 1285
f 1307 6696 6704 6703
f 6696 1305 6701 6704
f 6704 6701 254 6702
f 6703 6704 6702 1308
f 1307 6703 6708 6707
f 6703 1308 6705 6708
f 6708 6705 1309 6706
f 6707 6708 6706 1279
f 1307 6707 6709 6697
f 6707 1279 6613 6709
f 6709 6613 1278 6621
f 6697 6709 6621 1282
f 1309 6705 6713 6712
f 6705 1308 6710 6713
f 6713 6710 1310 6711
f 6712 6713 6711 1311
f 1309 6712 6716 6715
f 6712 1311 6714 6716
f 6716 6714 366 3822
f 6715 6716 3822 365
f 1309 6715 6717 6706
f 6715 365 3828 6717
f 6717 3828 369 6614
f 6706 6717 6614 1279
f 1311 6718 6721 6714
f 6718 1312 6719 6721
f 6721 6719 1313 6720
f 6714 6721 6720 366
f 1311 6711 6724 6718
f 6711 1310 6722 6724
f 6724 6722 1314 6723
f 6718 6724 6723 1312
f 1314 6725 6728 6723
f 6725 1315 6726 6728
f 6728 6726 1316 6727
f 6723 6728 6727 1312
f 1314 6722 6731 6730
f 6722 1310 6729 6731
f 6731 6729 253 3561
f 6730 6731 3561 255
f 1314 6730 6734 6725
f 6730 255 6732 6734
f 6734 6732 1317 6733
f 6725 6734 6733 1315
f 1317 6735 6738 6733
f 6735 1318 6736 6738
f 6738 6736 1319 6737
f 6733 6738 6737 1315
f 1317 6732 6741 6740
f 6732 255 3560 6741
f 6741 3560 252 6739
f 6740 6741 6739 1320
f 1317 6740 6744 6735
f 6740 1320 6742 6744
f 6744 6742 1321 6743
f 6735 6744 6743 1318
f 1321 6745 6748 6743
f 6745 1322 6746 6748
f 6748 6746 1323 6747
f 6743 6748 6747 1318
f 1321 6742 6752 6751
f 6742 1320 6749 6752
f 6752 6749 1324 6750
f 6751 6752 6750 1325
f 1321 6751 6755 6745
f 6751 1325 6753 6755
f 6755 6753 1326 6754
f 6745 6755 6754 1322
f 1326 6756 6759 6754
f 6756 1327 6757 6759
f 6759 6757 1328 6758
f 6754 6759 6758 1322
f 1326 6753 6763 6762
f 6753 1325 6760 6763
f 6763 6760 1329 6761
f 6762 6763 6761 1330
f 1326 6762 6766 6756
f 6762 1330 6764 6766
f 6766 6764 1331 6765
f 6756 6766 6765 1327
f 1331 6767 6770 6765
f 6767 1332 6768 6770
f 6770 6768 1333 6769
f 6765 6770 6769 1327
f 1331 6764 6774 6773
f 6764 1330 6771 6774
f 6774 6771 1334 6772
f 6773 6774 6772 1335
f 1331 6773 6777 6767
f 6773 1335 6775 6777
f 6777 6775 1336 6776
f 6767 6777 6776 1332
f 1336 6778 6781 6776
f 6778 1337 6779 6781
f 6781 6779 1338 6780
f 6776 6781 6780 1332
f 1336 6775 6785 6784
f 6775 1335 6782 6785
f 6785 6782 1339 6783
f 6784 6785 6783 1340
f 1336 6784 6788 6778
f 6784 1340 6786 6788
f 6788 6786 1127 6787
f 6778 6788 6787 1337
f 1340 6783 6791 6790
f 6783 1339 6789 6791
f 6791 6789 1137 6088
f 6790 6791 6088 1136
f 1340 6790 6792 6786
f 6790 1136 6085 6792
f 6792 6085 1128 6047
f 6786 6792 6047 1127
f 1339 6782 6795 6794
f 6782 1335 6772 6795
f 6795 6772 1334 6793
f 6794 6795 6793 1341
f 1339 6794 6797 6789
f 6794 1341 6796 6797
f 6797 6796 1139 6094
f 6789 6797 6094 1137
f 1341 6793 6800 6799
f 6793 1334 6798 6800
f 6800 6798 1298 6673
f 6799 6800 6673 1296
f 1341 6799 6802 6796
f 6799 1296 6664 6802
f 6802 6664 1295 6801
f 6796 6802 6801 1139
f 1338 6803 6807 6806
f 6803 1342 6804 6807
f 6807 6804 1343 6805
f 6806 6807 6805 1344
f 1338 6806 6809 6780
f 6806 1344 6808 6809
f 6809 6808 1333 6768
f 6780 6809 6768 1332
f 1338 6779 6812 6803
f 6779 1337 6810 6812
f 6812 6810 1124 6811
f 6803 6812 6811 1342
f 1344 6805 6816 6815
f 6805 1343 6813 6816
f 6816 6813 1345 6814
f 6815 6816 6814 1346
f 1344 6815 6819 6808
f 6815 1346 6817 6819
f 6819 6817 1347 6818
f 6808 6819 6818 1333
f 1347 6817 6823 6822
f 6817 1346 6820 6823
f 6823 6820 1348 6821
f 6822 6823 6821 1349
f 1347 6822 6827 6826
f 6822 1349 6824 6827
f 6827 6824 1350 6825
f 6826 6827 6825 1328
f 1347 6826 6828 6818
f 6826 1328 6757 6828
f 6828 6757 1327 6769
f 6818 6828 6769 1333
f 1350 6824 6832 6831
f 6824 1349 6829 6832
f 6832 6829 1351 6830
f 6831 6832 6830 1352
f 1350 6831 6836 6835
f 6831 1352 6833 6836
f 6836 6833 1353 6834
f 6835 6836 6834 1323
f 1350 6835 6837 6825
f 6835 1323 6746 6837
f 6837 6746 1322 6758
f 6825 6837 6758 1328
f 1353 6833 6841 6840
f 6833 1352 6838 6841
f 6841 6838 1354 6839
f 6840 6841 6839 1355
f 1353 6840 6845 6844
f 6840 1355 6842 6845
f 6845 6842 1356 6843
f 6844 6845 6843 1319
f 1353 6844 6846 6834
f 6844 1319 6736 6846
f 6846 6736 1318 6747
f 6834 6846 6747 1323
f 1356 6842 6850 6849
f 6842 1355 6847 6850
f 6850 6847 1357 6848
f 6849 6850 6848 1358
f 1356 6849 6854 6853
f 6849 1358 6851 6854
f 6854 6851 1359 6852
f 6853 6854 6852 1316
f 1356 6853 6855 6843
f 6853 1316 6726 6855
f 6855 6726 1315 6737
f 6843 6855 6737 1319
f 1359 6851 6859 6858
f 6851 1358 6856 6859
f 6859 6856 1360 6857
f 6858 6859 6857 1361
f 1359 6858 6863 6862
f 6858 1361 6860 6863
f 6863 6860 1362 6861
f 6862 6863 6861 1313
f 1359 6862 6864 6852
f 6862 1313 6719 6864
f 6864 6719 1312 6727
f 6852 6864 6727 1316
f 1362 6865 6866 6861
f 6865 367 3823 6866
f 6866 3823 366 6720
f 6861 6866 6720 1313
f 1360 6856 6869 6868
f 6856 1358 6848 6869
f 6869 6848 1357 6867
f 6868 6869 6867 1363
f 1363 6867 6873 6872
f 6867 1357 6870 6873
f 6873 6870 1364 6871
f 6872 6873 6871 1365
f 1365 6871 6877 6876
f 6871 1364 6874 6877
f 6877 6874 1366 6875
f 6876 6877 6875 1367
f 1367 6875 6881 6880
f 6875 1366 6878 6881
f 6881 6878 1368 6879
f 6880 6881 6879 1369
f 1369 6879 6885 6884
f 6879 1368 6882 6885
f 6885 6882 1370 6883
f 6884 6885 6883 1371
f 1371 6883 6889 6888
f 6883 1370 6886 6889
f 6889 6886 1372 6887
f 6888 6889 6887 1373
f 1373 6887 6893 6892
f 6887 1372 6890 6893
f 6893 6890 1374 6891
f 6892 6893 6891 1375
f 1375 6891 6897 6896
f 6891 1374 6894 6897
f 6897 6894 1376 6895
f 6896 6897 6895 1377
f 1377 6895 6901 6900
f 6895 1376 6898 6901
f 6901 6898 1378 6899
f 6900 6901 6899 1379
f 1379 6899 6905 6904
f 6899 1378 6902 6905
f 6905 6902 1380 6903
f 6904 6905 6903 1381
f 1381 6903 6909 6908
f 6903 1380 6906 6909
f 6909 6906 1382 6907
f 6908 6909 6907 1383
f 1383 6907 6913 6912
f 6907 1382 6910 6913
f 6913 6910 1384 6911
f 6912 6913 6911 1385
f 1385 6911 6917 6916
f 6911 1384 6914 6917
f 6917 6914 1386 6915
f 6916 6917 6915 1387
f 1387 6915 6921 6920
f 6915 1386 6918 6921
f 6921 6918 1388 6919
f 6920 6921 6919 1389
f 1389 6919 6925 6924
f 6919 1388 6922 6925
f 6925 6922 1390 6923
f 6924 6925 6923 1391
f 1391 6923 6929 6928
f 6923 1390 6926 6929
f 6929 6926 1392 6927
f 6928 6929 6927 1393
f 1393 6927 6933 6932
f 6927 1392 6930 6933
f 6933 6930 1394 6931
f 6932 6933 6931 1395
f 1395 6931 6937 6936
f 6931 1394 6934 6937
f 6937 6934 1396 6935
f 6936 6937 6935 1397
f 1397 6935 6941 6940
f 6935 1396 6938 6941
f 6941 6938 1398 6939
f 6940 6941 6939 1399
f 1399 6939 6945 6944
f 6939 1398 6942 6945
f 6945 6942 1400 6943
f 6944 6945 6943 1401
f 1401 6943 6949 6948
f 6943 1400 6946 6949
f 6949 6946 1402 6947
f 6948 6949 6947 1403
f 1403 6947 6953 6952
f 6947 1402 6950 6953
f 6953 6950 1404 6951
f 6952 6953 6951 1405
f 1405 6951 6956 6955
f 6951 1404 6954 6956
f 6956 6954 119 3840
f 6955 6956 3840 375
f 1404 6950 6960 6959
f 6950 1402 6957 6960
f 6960 6957 1406 6958
f 6959 6960 6958 1407
f 1404 6959 6962 6954
f 6959 1407 6961 6962
f 6962 6961 113 3240
f 6954 6962 3240 119
f 1407 6958 6965 6964
f 6958 1406 6963 6965
f 6965 6963 1025 5702
f 6964 6965 5702 1023
f 1407 6964 6966 6961
f 6964 1023 5696 6966
f 6966 5696 114 3230
f 6961 6966 3230 113
f 1406 6957 6969 6968
f 6957 1402 6946 6969
f 6969 6946 1400 6967
f 6968 6969 6967 1408
f 1406 6968 6971 6963
f 6968 1408 6970 6971
f 6971 6970 1027 5708
f 6963 6971 5708 1025
f 1408 6967 6974 6973
f 6967 1400 6942 6974
f 6974 6942 1398 6972
f 6973 6974 6972 1409
f 1408 6973 6976 6970
f 6973 1409 6975 6976
f 6976 6975 1029 5714
f 6970 6976 5714 1027
f 1409 6972 6979 6978
f 6972 1398 6938 6979
f 6979 6938 1396 6977
f 6978 6979 6977 1410
f 1409 6978 6981 6975
f 6978 1410 6980 6981
f 6981 6980 1031 5720
f 6975 6981 5720 1029
f 1410 6977 6984 6983
f 6977 1396 6934 6984
f 6984 6934 1394 6982
f 6983 6984 6982 1411
f 1410 6983 6986 6980
f 6983 1411 6985 6986
f 6986 6985 1033 5726
f 6980 6986 5726 1031
f 1411 6982 6989 6988
f 6982 1394 6930 6989
f 6989 6930 1392 6987
f 6988 6989 6987 1412
f 1411 6988 6991 6985
f 6988 1412 6990 6991
f 6991 6990 1035 5732
f 6985 6991 5732 1033
f 1412 6987 6994 6993
f 6987 1392 6926 6994
f 6994 6926 1390 6992
f 6993 6994 6992 1413
f 1412 6993 6997 6990
f 6993 1413 6995 6997
f 6997 6995 1414 6996
f 6990 6997 6996 1035
f 1414 6995 7001 7000
f 6995 1413 6998 7001
f 7001 6998 1415 6999
f 7000 7001 6999 1416
f 1414 7000 7005 7004
f 7000 1416 7002 7005
f 7005 7002 1417 7003
f 7004 7005 7003 1038
f 1414 7004 7006 6996
f 7004 1038 5739 7006
f 7006 5739 1036 5733
f 6996 7006 5733 1035
f 1417 7002 7010 7009
f 7002 1416 7007 7010
f 7010 7007 1418 7008
f 7009 7010 7008 1419
f 1417 7009 7014 7013
f 7009 1419 7011 7014
f 7014 7011 1420 7012
f 7013 7014 7012 1421
f 1417 7013 7016 7003
f 7013 1421 7015 7016
f 7016 7015 1039 5740
f 7003 7016 5740 1038
f 1421 7012 7020 7019
f 7012 1420 7017 7020
f 7020 7017 1422 7018
f 7019 7020 7018 1423
f 1421 7019 7022 7015
f 7019 1423 7021 7022
f 7022 7021 1040 5743
f 7015 7022 5743 1039
f 1423 7018 7026 7025
f 7018 1422 7023 7026
f 7026 7023 1424 7024
f 7025 7026 7024 1425
f 1423 7025 7028 7021
f 7025 1425 7027 7028
f 7028 7027 1042 5749
f 7021 7028 5749 1040
f 1425 7024 7032 7031
f 7024 1424 7029 7032
f 7032 7029 1426 7030
f 7031 7032 7030 1427
f 1425 7031 7035 7027
f 7031 1427 7033 7035
f 7035 7033 1428 7034
f 7027 7035 7034 1042
f 1428 7036 7037 7034
f 7036 1045 5759 7037
f 7037 5759 1043 5750
f 7034 7037 5750 1042
f 1428 7033 7041 7040
f 7033 1427 7038 7041
f 7041 7038 1429 7039
f 7040 7041 7039 1430
f 1428 7040 7043 7036
f 7040 1430 7042 7043
f 7043 7042 1047 5765
f 7036 7043 5765 1045
f 1430 7039 7047 7046
f 7039 1429 7044 7047
f 7047 7044 1431 7045
f 7046 7047 7045 1054
f 1430 7046 7048 7042
f 7046 1054 5791 7048
f 7048 5791 1052 5785
f 7042 7048 5785 1047
f 1431 7044 7052 7051
f 7044 1429 7049 7052
f 7052 7049 1432 7050
f 7051 7052 7050 1433
f 1431 7051 7056 7055
f 7051 1433 7053 7056
f 7056 7053 1434 7054
f 7055 7056 7054 1435
f 1431 7055 7058 7045
f 7055 1435 7057 7058
f 7058 7057 1055 5792
f 7045 7058 5792 1054
f 1435 7054 7062 7061
f 7054 1434 7059 7062
f 7062 7059 1436 7060
f 7061 7062 7060 1437
f 1435 7061 7064 7057
f 7061 1437 7063 7064
f 7064 7063 1056 5795
f 7057 7064 5795 1055
f 1437 7060 7068 7067
f 7060 1436 7065 7068
f 7068 7065 1438 7066
f 7067 7068 7066 1061
f 1437 7067 7069 7063
f 7067 1061 5812 7069
f 7069 5812 1058 5801
f 7063 7069 5801 1056
f 1438 7065 7072 7071
f 7065 1436 7070 7072
f 7072 7070 1106 5989
f 7071 7072 5989 1104
f 1438 7071 7075 7074
f 7071 1104 5983 7075
f 7075 5983 1102 7073
f 7074 7075 7073 1439
f 1438 7074 7077 7066
f 7074 1439 7076 7077
f 7077 7076 1062 5813
f 7066 7077 5813 1061
f 1439 7073 7080 7079
f 7073 1102 5975 7080
f 7080 5975 1101 7078
f 7079 7080 7078 1440
f 1439 7079 7082 7076
f 7079 1440 7081 7082
f 7082 7081 1063 5816
f 7076 7082 5816 1062
f 1440 7078 7085 7084
f 7078 1101 5981 7085
f 7085 5981 1096 7083
f 7084 7085 7083 1441
f 1440 7084 7087 7081
f 7084 1441 7086 7087
f 7087 7086 1065 5822
f 7081 7087 5822 1063
f 1441 7083 7089 7088
f 7083 1096 5955 7089
f 7089 5955 1081 5889
f 7088 7089 5889 1080
f 1441 7088 7090 7086
f 7088 1080 5886 7090
f 7090 5886 1070 5838
f 7086 7090 5838 1065
f 1436 7059 7093 7070
f 7059 1434 7091 7093
f 7093 7091 1442 7092
f 7070 7093 7092 1106
f 1442 7091 7096 7095
f 7091 1434 7053 7096
f 7096 7053 1433 7094
f 7095 7096 7094 1443
f 1442 7095 7100 7099
f 7095 1443 7097 7100
f 7100 7097 1444 7098
f 7099 7100 7098 1109
f 1442 7099 7101 7092
f 7099 1109 5996 7101
f 7101 5996 1107 5990
f 7092 7101 5990 1106
f 1444 7097 7105 7104
f 7097 1443 7102 7105
f 7105 7102 1445 7103
f 7104 7105 7103 1446
f 1444 7104 7108 7107
f 7104 1446 7106 7108
f 7108 7106 1115 6016
f 7107 7108 6016 1113
f 1444 7107 7109 7098
f 7107 1113 6010 7109
f 7109 6010 1110 5997
f 7098 7109 5997 1109
f 1446 7103 7113 7112
f 7103 1445 7110 7113
f 7113 7110 1447 7111
f 7112 7113 7111 1448
f 1446 7112 7116 7106
f 7112 1448 7114 7116
f 7116 7114 1449 7115
f 7106 7116 7115 1115
f 1449 7114 7120 7119
f 7114 1448 7117 7120
f 7120 7117 1450 7118
f 7119 7120 7118 1451
f 1449 7119 7124 7123
f 7119 1451 7121 7124
f 7124 7121 1452 7122
f 7123 7124 7122 1118
f 1449 7123 7125 7115
f 7123 1118 6023 7125
f 7125 6023 1116 6017
f 7115 7125 6017 1115
f 1452 7121 7129 7128
f 7121 1451 7126 7129
f 7129 7126 1453 7127
f 7128 7129 7127 1454
f 1452 7128 7133 7132
f 7128 1454 7130 7133
f 7133 7130 1455 7131
f 7132 7133 7131 1456
f 1452 7132 7135 7122
f 7132 1456 7134 7135
f 7135 7134 1119 6024
f 7122 7135 6024 1118
f 1456 7131 7139 7138
f 7131 1455 7136 7139
f 7139 7136 1457 7137
f 7138 7139 7137 1458
f 1456 7138 7141 7134
f 7138 1458 7140 7141
f 7141 7140 1120 6027
f 7134 7141 6027 1119
f 1458 7137 7145 7144
f 7137 1457 7142 7145
f 7145 7142 1459 7143
f 7144 7145 7143 1460
f 1458 7144 7147 7140
f 7144 1460 7146 7147
f 7147 7146 1122 6033
f 7140 7147 6033 1120
f 1460 7143 7150 7149
f 7143 1459 7148 7150
f 7150 7148 1343 6804
f 7149 7150 6804 1342
f 1460 7149 7151 7146
f 7149 1342 6811 7151
f 7151 6811 1124 6039
f 7146 7151 6039 1122
f 1459 7142 7155 7154
f 7142 1457 7152 7155
f 7155 7152 1461 7153
f 7154 7155 7153 1462
f 1459 7154 7157 7148
f 7154 1462 7156 7157
f 7157 7156 1345 6813
f 7148 7157 6813 1343
f 1462 7153 7161 7160
f 7153 1461 7158 7161
f 7161 7158 1463 7159
f 7160 7161 7159 1464
f 1462 7160 7164 7156
f 7160 1464 7162 7164
f 7164 7162 1465 7163
f 7156 7164 7163 1345
f 1465 7162 7168 7167
f 7162 1464 7165 7168
f 7168 7165 1466 7166
f 7167 7168 7166 1467
f 1465 7167 7172 7171
f 7167 1467 7169 7172
f 7172 7169 1468 7170
f 7171 7172 7170 1348
f 1465 7171 7173 7163
f 7171 1348 6820 7173
f 7173 6820 1346 6814
f 7163 7173 6814 1345
f 1468 7169 7177 7176
f 7169 1467 7174 7177
f 7177 7174 1469 7175
f 7176 7177 7175 1470
f 1468 7176 7181 7180
f 7176 1470 7178 7181
f 7181 7178 1471 7179
f 7180 7181 7179 1351
f 1468 7180 7182 7170
f 7180 1351 6829 7182
f 7182 6829 1349 6821
f 7170 7182 6821 1348
f 1471 7178 7185 7184
f 7178 1470 7183 7185
f 7185 7183 1368 6878
f 7184 7185 6878 1366
f 1471 7184 7188 7187
f 7184 1366 6874 7188
f 7188 6874 1364 7186
f 7187 7188 7186 1354
f 1471 7187 7189 7179
f 7187 1354 6838 7189
f 7189 6838 1352 6830
f 7179 7189 6830 1351
f 1470 7175 7191 7183
f 7175 1469 7190 7191
f 7191 7190 1370 6882
f 7183 7191 6882 1368
f 1469 7192 7194 7190
f 7192 1472 7193 7194
f 7194 7193 1372 6886
f 7190 7194 6886 1370
f 1469 7174 7196 7192
f 7174 1467 7166 7196
f 7196 7166 1466 7195
f 7192 7196 7195 1472
f 1472 7197 7199 7193
f 7197 1473 7198 7199
f 7199 7198 1374 6890
f 7193 7199 6890 1372
f 1472 7195 7202 7197
f 7195 1466 7200 7202
f 7202 7200 1474 7201
f 7197 7202 7201 1473
f 1474 7203 7206 7201
f 7203 1475 7204 7206
f 7206 7204 1476 7205
f 7201 7206 7205 1473
f 1474 7200 7208 7207
f 7200 1466 7165 7208
f 7208 7165 1464 7159
f 7207 7208 7159 1463
f 1474 7207 7211 7203
f 7207 1463 7209 7211
f 7211 7209 1477 7210
f 7203 7211 7210 1475
f 1477 7212 7215 7210
f 7212 1478 7213 7215
f 7215 7213 1479 7214
f 7210 7215 7214 1475
f 1477 7209 7218 7217
f 7209 1463 7158 7218
f 7218 7158 1461 7216
f 7217 7218 7216 1480
f 1477 7217 7221 7212
f 7217 1480 7219 7221
f 7221 7219 1481 7220
f 7212 7221 7220 1478
f 1481 7222 7225 7220
f 7222 1482 7223 7225
f 7225 7223 1483 7224
f 7220 7225 7224 1478
f 1481 7219 7228 7227
f 7219 1480 7226 7228
f 7228 7226 1455 7130
f 7227 7228 7130 1454
f 1481 7227 7230 7222
f 7227 1454 7127 7230
f 7230 7127 1453 7229
f 7222 7230 7229 1482
f 1483 7231 7235 7234
f 7231 1484 7232 7235
f 7235 7232 1485 7233
f 7234 7235 7233 1486
f 1483 7234 7237 7224
f 7234 1486 7236 7237
f 7237 7236 1479 7213
f 7224 7237 7213 1478
f 1483 7223 7240 7231
f 7223 1482 7238 7240
f 7240 7238 1487 7239
f 7231 7240 7239 1484
f 1487 7241 7244 7239
f 7241 1488 7242 7244
f 7244 7242 1489 7243
f 7239 7244 7243 1484
f 1487 7238 7247 7246
f 7238 1482 7229 7247
f 7247 7229 1453 7245
f 7246 7247 7245 1490
f 1487 7246 7250 7241
f 7246 1490 7248 7250
f 7250 7248 1491 7249
f 7241 7250 7249 1488
f 1491 7251 7253 7249
f 7251 1422 7017 7253
f 7253 7017 1420 7252
f 7249 7253 7252 1488
f 1491 7248 7257 7256
f 7248 1490 7254 7257
f 7257 7254 1450 7255
f 7256 7257 7255 1492
f 1491 7256 7259 7251
f 7256 1492 7258 7259
f 7259 7258 1424 7023
f 7251 7259 7023 1422
f 1492 7255 7261 7260
f 7255 1450 7117 7261
f 7261 7117 1448 7111
f 7260 7261 7111 1447
f 1492 7260 7263 7258
f 7260 1447 7262 7263
f 7263 7262 1426 7029
f 7258 7263 7029 1424
f 1490 7245 7264 7254
f 7245 1453 7126 7264
f 7264 7126 1451 7118
f 7254 7264 7118 1450
f 1489 7265 7268 7267
f 7265 1419 7008 7268
f 7268 7008 1418 7266
f 7267 7268 7266 1493
f 1489 7267 7270 7243
f 7267 1493 7269 7270
f 7270 7269 1485 7232
f 7243 7270 7232 1484
f 1489 7242 7271 7265
f 7242 1488 7252 7271
f 7271 7252 1420 7011
f 7265 7271 7011 1419
f 1493 7266 7275 7274
f 7266 1418 7272 7275
f 7275 7272 1494 7273
f 7274 7275 7273 1495
f 1493 7274 7278 7269
f 7274 1495 7276 7278
f 7278 7276 1496 7277
f 7269 7278 7277 1485
f 1496 7276 7281 7280
f 7276 1495 7279 7281
f 7281 7279 1384 6910
f 7280 7281 6910 1382
f 1496 7280 7284 7283
f 7280 1382 6906 7284
f 7284 6906 1380 7282
f 7283 7284 7282 1497
f 1496 7283 7286 7277
f 7283 1497 7285 7286
f 7286 7285 1486 7233
f 7277 7286 7233 1485
f 1497 7282 7289 7288
f 7282 1380 6902 7289
f 7289 6902 1378 7287
f 7288 7289 7287 1498
f 1497 7288 7291 7285
f 7288 1498 7290 7291
f 7291 7290 1479 7236
f 7285 7291 7236 1486
f 1498 7287 7294 7293
f 7287 1378 6898 7294
f 7294 6898 1376 7292
f 7293 7294 7292 1476
f 1498 7293 7295 7290
f 7293 1476 7204 7295
f 7295 7204 1475 7214
f 7290 7295 7214 1479
f 1495 7273 7297 7279
f 7273 1494 7296 7297
f 7297 7296 1386 6914
f 7279 7297 6914 1384
f 1494 7298 7300 7296
f 7298 1415 7299 7300
f 7300 7299 1388 6918
f 7296 7300 6918 1386
f 1494 7272 7301 7298
f 7272 1418 7007 7301
f 7301 7007 1416 6999
f 7298 7301 6999 1415
f 1480 7216 7302 7226
f 7216 1461 7152 7302
f 7302 7152 1457 7136
f 7226 7302 7136 1455
f 1476 7292 7303 7205
f 7292 1376 6894 7303
f 7303 6894 1374 7198
f 7205 7303 7198 1473
f 1447 7110 7306 7262
f 7110 1445 7304 7306
f 7306 7304 1432 7305
f 7262 7306 7305 1426
f 1445 7102 7307 7304
f 7102 1443 7094 7307
f 7307 7094 1433 7050
f 7304 7307 7050 1432
f 1432 7049 7308 7305
f 7049 1429 7038 7308
f 7308 7038 1427 7030
f 7305 7308 7030 1426
f 1415 6998 7309 7299
f 6998 1413 6992 7309
f 7309 6992 1390 6922
f 7299 7309 6922 1388
f 1364 6870 7310 7186
f 6870 1357 6847 7310
f 7310 6847 1355 6839
f 7186 7310 6839 1354
f 1337 6787 7311 6810
f 6787 1127 6046 7311
f 7311 6046 1125 6040
f 6810 7311 6040 1124
f 1334 6771 7313 6798
f 6771 1330 6761 7313
f 7313 6761 1329 7312
f 6798 7313 7312 1298
f 1329 6760 7316 7315
f 6760 1325 6750 7316
f 7316 6750 1324 7314
f 7315 7316 7314 1301
f 1329 7315 7317 7312
f 7315 1301 6680 7317
f 7317 6680 1299 6674
f 7312 7317 6674 1298
f 1324 6749 7319 7318
f 6749 1320 6739 7319
f 7319 6739 252 3553
f 7318 7319 3553 251
f 1324 7318 7321 7314
f 7318 251 7320 7321
f 7321 7320 1302 6681
f 7314 7321 6681 1301
f 1310 6710 7322 6729
f 6710 1308 6702 7322
f 7322 6702 254 3557
f 6729 7322 3557 253
f 1305 6690 7324 6701
f 6690 1303 7323 7324
f 7324 7323 250 3558
f 6701 7324 3558 254
f 1303 6684 7325 7323
f 6684 1302 7320 7325
f 7325 7320 251 3552
f 7323 7325 3552 250
f 1295 6671 7326 6801
f 6671 1142 6101 7326
f 7326 6101 1140 6095
f 6801 7326 6095 1139
f 1293 6661 7328 6670
f 6661 1229 7327 7328
f 7328 7327 1143 6102
f 6670 7328 6102 1142
f 1229 6437 7329 7327
f 6437 1147 6117 7329
f 7329 6117 1144 6105
f 7327 7329 6105 1143
f 1068 7330 7331 5830
f 7330 325 3729 7331
f 7331 3729 99 3194
f 5830 7331 3194 98
f 1068 5836 7332 7330
f 5836 346 3782 7332
f 7332 3782 345 5783
f 7330 7332 5783 325
f 1019 5679 7336 7335
f 5679 1017 7333 7336
f 7336 7333 1499 7334
f 7335 7336 7334 1500
f 1019 7335 7338 5685
f 7335 1500 7337 7338
f 7338 7337 11 3232
f 5685 7338 3232 115
f 1500 7334 7342 7341
f 7334 1499 7339 7342
f 7342 7339 1501 7340
f 7341 7342 7340 1502
f 1500 7341 7344 7337
f 7341 1502 7343 7344
f 7344 7343 116 3234
f 7337 7344 3234 11
f 1502 7340 7348 7347
f 7340 1501 7345 7348
f 7348 7345 1503 7346
f 7347 7348 7346 1504
f 1502 7347 7351 7343
f 7347 1504 7349 7351
f 7351 7349 1505 7350
f 7343 7351 7350 116
f 1505 7349 7355 7354
f 7349 1504 7352 7355
f 7355 7352 1506 7353
f 7354 7355 7353 1507
f 1505 7354 7358 7357
f 7354 1507 7356 7358
f 7358 7356 379 3850
f 7357 7358 3850 377
f 1505 7357 7359 7350
f 7357 377 3846 7359
f 7359 3846 117 3235
f 7350 7359 3235 116
f 1507 7353 7363 7362
f 7353 1506 7360 7363
f 7363 7360 1508 7361
f 7362 7363 7361 1509
f 1507 7362 7365 7356
f 7362 1509 7364 7365
f 7365 7364 381 3854
f 7356 7365 3854 379
f 1509 7361 7369 7368
f 7361 1508 7366 7369
f 7369 7366 1510 7367
f 7368 7369 7367 1511
f 1509 7368 7371 7364
f 7368 1511 7370 7371
f 7371 7370 383 3858
f 7364 7371 3858 381
f 1511 7367 7375 7374
f 7367 1510 7372 7375
f 7375 7372 1512 7373
f 7374 7375 7373 1513
f 1511 7374 7377 7370
f 7374 1513 7376 7377
f 7377 7376 385 3862
f 7370 7377 3862 383
f 1513 7373 7381 7380
f 7373 1512 7378 7381
f 7381 7378 1514 7379
f 7380 7381 7379 1515
f 1513 7380 7383 7376
f 7380 1515 7382 7383
f 7383 7382 387 3866
f 7376 7383 3866 385
f 1515 7379 7387 7386
f 7379 1514 7384 7387
f 7387 7384 1516 7385
f 7386 7387 7385 1517
f 1515 7386 7389 7382
f 7386 1517 7388 7389
f 7389 7388 389 3870
f 7382 7389 3870 387
f 1517 7385 7393 7392
f 7385 1516 7390 7393
f 7393 7390 1518 7391
f 7392 7393 7391 1519
f 1517 7392 7395 7388
f 7392 1519 7394 7395
f 7395 7394 391 3874
f 7388 7395 3874 389
f 1519 7391 7399 7398
f 7391 1518 7396 7399
f 7399 7396 1520 7397
f 7398 7399 7397 1521
f 1519 7398 7401 7394
f 7398 1521 7400 7401
f 7401 7400 393 3878
f 7394 7401 3878 391
f 1521 7397 7405 7404
f 7397 1520 7402 7405
f 7405 7402 1522 7403
f 7404 7405 7403 1523
f 1521 7404 7407 7400
f 7404 1523 7406 7407
f 7407 7406 395 3882
f 7400 7407 3882 393
f 1523 7403 7411 7410
f 7403 1522 7408 7411
f 7411 7408 1524 7409
f 7410 7411 7409 1525
f 1523 7410 7413 7406
f 7410 1525 7412 7413
f 7413 7412 397 3886
f 7406 7413 3886 395
f 1525 7409 7417 7416
f 7409 1524 7414 7417
f 7417 7414 1526 7415
f 7416 7417 7415 1527
f 1525 7416 7419 7412
f 7416 1527 7418 7419
f 7419 7418 399 3890
f 7412 7419 3890 397
f 1527 7415 7423 7422
f 7415 1526 7420 7423
f 7423 7420 425 7421
f 7422 7423 7421 1528
f 1527 7422 7425 7418
f 7422 1528 7424 7425
f 7425 7424 401 3894
f 7418 7425 3894 399
f 1528 7421 7427 7426
f 7421 425 3949 7427
f 7427 3949 421 3939
f 7426 7427 3939 420
f 1528 7426 7429 7424
f 7426 420 7428 7429
f 7429 7428 403 3898
f 7424 7429 3898 401
f 1526 7430 7431 7420
f 7430 430 3960 7431
f 7431 3960 426 3950
f 7420 7431 3950 425
f 1526 7414 7434 7430
f 7414 1524 7432 7434
f 7434 7432 1529 7433
f 7430 7434 7433 430
f 1529 7435 7436 7433
f 7435 435 3971 7436
f 7436 3971 431 3961
f 7433 7436 3961 430
f 1529 7432 7439 7438
f 7432 1524 7408 7439
f 7439 7408 1522 7437
f 7438 7439 7437 1530
f 1529 7438 7442 7435
f 7438 1530 7440 7442
f 7442 7440 1531 7441
f 7435 7442 7441 435
f 1531 7443 7444 7441
f 7443 440 3982 7444
f 7444 3982 436 3972
f 7441 7444 3972 435
f 1531 7440 7448 7447
f 7440 1530 7445 7448
f 7448 7445 1532 7446
f 7447 7448 7446 1533
f 1531 7447 7451 7443
f 7447 1533 7449 7451
f 7451 7449 1534 7450
f 7443 7451 7450 440
f 1534 7452 7453 7450
f 7452 445 3993 7453
f 7453 3993 441 3983
f 7450 7453 3983 440
f 1534 7449 7457 7456
f 7449 1533 7454 7457
f 7457 7454 1535 7455
f 7456 7457 7455 1536
f 1534 7456 7460 7452
f 7456 1536 7458 7460
f 7460 7458 1537 7459
f 7452 7460 7459 445
f 1537 7461 7462 7459
f 7461 450 4004 7462
f 7462 4004 446 3994
f 7459 7462 3994 445
f 1537 7458 7466 7465
f 7458 1536 7463 7466
f 7466 7463 1538 7464
f 7465 7466 7464 1539
f 1537 7465 7469 7461
f 7465 1539 7467 7469
f 7469 7467 1540 7468
f 7461 7469 7468 450
f 1540 7470 7471 7468
f 7470 455 4015 7471
f 7471 4015 451 4005
f 7468 7471 4005 450
f 1540 7467 7475 7474
f 7467 1539 7472 7475
f 7475 7472 1541 7473
f 7474 7475 7473 1542
f 1540 7474 7478 7470
f 7474 1542 7476 7478
f 7478 7476 1543 7477
f 7470 7478 7477 455
f 1543 7479 7480 7477
f 7479 460 4026 7480
f 7480 4026 456 4016
f 7477 7480 4016 455
f 1543 7476 7484 7483
f 7476 1542 7481 7484
f 7484 7481 1544 7482
f 7483 7484 7482 1545
f 1543 7483 7487 7479
f 7483 1545 7485 7487
f 7487 7485 1546 7486
f 7479 7487 7486 460
f 1546 7488 7489 7486
f 7488 465 4037 7489
f 7489 4037 461 4027
f 7486 7489 4027 460
f 1546 7485 7493 7492
f 7485 1545 7490 7493
f 7493 7490 1547 7491
f 7492 7493 7491 1548
f 1546 7492 7496 7488
f 7492 1548 7494 7496
f 7496 7494 241 7495
f 7488 7496 7495 465
f 1548 7491 7500 7499
f 7491 1547 7497 7500
f 7500 7497 1549 7498
f 7499 7500 7498 1550
f 1548 7499 7502 7494
f 7499 1550 7501 7502
f 7502 7501 242 3528
f 7494 7502 3528 241
f 1550 7498 7506 7505
f 7498 1549 7503 7506
f 7506 7503 1551 7504
f 7505 7506 7504 1552
f 1550 7505 7508 7501
f 7505 1552 7507 7508
f 7508 7507 243 3531
f 7501 7508 3531 242
f 1552 7504 7512 7511
f 7504 1551 7509 7512
f 7512 7509 1553 7510
f 7511 7512 7510 1554
f 1552 7511 7515 7507
f 7511 1554 7513 7515
f 7515 7513 475 7514
f 7507 7515 7514 243
f 1554 7510 7519 7518
f 7510 1553 7516 7519
f 7519 7516 1555 7517
f 7518 7519 7517 1556
f 1554 7518 7521 7513
f 7518 1556 7520 7521
f 7521 7520 476 4065
f 7513 7521 4065 475
f 1556 7517 7525 7524
f 7517 1555 7522 7525
f 7525 7522 1557 7523
f 7524 7525 7523 1558
f 1556 7524 7527 7520
f 7524 1558 7526 7527
f 7527 7526 477 4068
f 7520 7527 4068 476
f 1558 7523 7531 7530
f 7523 1557 7528 7531
f 7531 7528 1009 7529
f 7530 7531 7529 1559
f 1558 7530 7534 7526
f 7530 1559 7532 7534
f 7534 7532 1560 7533
f 7526 7534 7533 477
f 1560 7535 7536 7533
f 7535 111 4078 7536
f 7536 4078 478 4069
f 7533 7536 4069 477
f 1560 7532 7540 7539
f 7532 1559 7537 7540
f 7540 7537 1006 7538
f 7539 7540 7538 1561
f 1560 7539 7542 7535
f 7539 1561 7541 7542
f 7542 7541 107 3224
f 7535 7542 3224 111
f 1561 7538 7545 7544
f 7538 1006 5644 7545
f 7545 5644 1004 7543
f 7544 7545 7543 1562
f 1561 7544 7547 7541
f 7544 1562 7546 7547
f 7547 7546 108 3218
f 7541 7547 3218 107
f 1562 7543 7549 7548
f 7543 1004 5637 7549
f 7549 5637 591 4368
f 7548 7549 4368 590
f 1562 7548 7551 7546
f 7548 590 4365 7551
f 7551 4365 589 7550
f 7546 7551 7550 108
f 1559 7529 7552 7537
f 7529 1009 5651 7552
f 7552 5651 1007 5645
f 7537 7552 5645 1006
f 1557 7522 7556 7555
f 7522 1555 7553 7556
f 7556 7553 1563 7554
f 7555 7556 7554 1564
f 1557 7555 7558 7528
f 7555 1564 7557 7558
f 7558 7557 1010 5652
f 7528 7558 5652 1009
f 1564 7554 7562 7561
f 7554 1563 7559 7562
f 7562 7559 1565 7560
f 7561 7562 7560 1566
f 1564 7561 7564 7557
f 7561 1566 7563 7564
f 7564 7563 1011 5655
f 7557 7564 5655 1010
f 1566 7560 7568 7567
f 7560 1565 7565 7568
f 7568 7565 1567 7566
f 7567 7568 7566 1568
f 1566 7567 7570 7563
f 7567 1568 7569 7570
f 7570 7569 1013 5661
f 7563 7570 5661 1011
f 1568 7566 7574 7573
f 7566 1567 7571 7574
f 7574 7571 1569 7572
f 7573 7574 7572 1570
f 1568 7573 7576 7569
f 7573 1570 7575 7576
f 7576 7575 1015 5667
f 7569 7576 5667 1013
f 1570 7572 7579 7578
f 7572 1569 7577 7579
f 7579 7577 1501 7339
f 7578 7579 7339 1499
f 1570 7578 7580 7575
f 7578 1499 7333 7580
f 7580 7333 1017 5673
f 7575 7580 5673 1015
f 1569 7571 7584 7583
f 7571 1567 7581 7584
f 7584 7581 1571 7582
f 7583 7584 7582 1572
f 1569 7583 7586 7577
f 7583 1572 7585 7586
f 7586 7585 1503 7345
f 7577 7586 7345 1501
f 1572 7582 7590 7589
f 7582 1571 7587 7590
f 7590 7587 1573 7588
f 7589 7590 7588 1574
f 1572 7589 7593 7585
f 7589 1574 7591 7593
f 7593 7591 1575 7592
f 7585 7593 7592 1503
f 1575 7591 7597 7596
f 7591 1574 7594 7597
f 7597 7594 1576 7595
f 7596 7597 7595 1577
f 1575 7596 7600 7599
f 7596 1577 7598 7600
f 7600 7598 1508 7360
f 7599 7600 7360 1506
f 1575 7599 7601 7592
f 7599 1506 7352 7601
f 7601 7352 1504 7346
f 7592 7601 7346 1503
f 1577 7595 7605 7604
f 7595 1576 7602 7605
f 7605 7602 1578 7603
f 7604 7605 7603 1579
f 1577 7604 7607 7598
f 7604 1579 7606 7607
f 7607 7606 1510 7366
f 7598 7607 7366 1508
f 1579 7603 7611 7610
f 7603 1578 7608 7611
f 7611 7608 1580 7609
f 7610 7611 7609 1581
f 1579 7610 7613 7606
f 7610 1581 7612 7613
f 7613 7612 1512 7372
f 7606 7613 7372 1510
f 1581 7609 7617 7616
f 7609 1580 7614 7617
f 7617 7614 1582 7615
f 7616 7617 7615 1583
f 1581 7616 7619 7612
f 7616 1583 7618 7619
f 7619 7618 1514 7378
f 7612 7619 7378 1512
f 1583 7615 7623 7622
f 7615 1582 7620 7623
f 7623 7620 1584 7621
f 7622 7623 7621 1585
f 1583 7622 7625 7618
f 7622 1585 7624 7625
f 7625 7624 1516 7384
f 7618 7625 7384 1514
f 1585 7621 7629 7628
f 7621 1584 7626 7629
f 7629 7626 1535 7627
f 7628 7629 7627 1586
f 1585 7628 7631 7624
f 7628 1586 7630 7631
f 7631 7630 1518 7390
f 7624 7631 7390 1516
f 1586 7627 7633 7632
f 7627 1535 7454 7633
f 7633 7454 1533 7446
f 7632 7633 7446 1532
f 1586 7632 7635 7630
f 7632 1532 7634 7635
f 7635 7634 1520 7396
f 7630 7635 7396 1518
f 1584 7636 7637 7626
f 7636 1538 7463 7637
f 7637 7463 1536 7455
f 7626 7637 7455 1535
f 1584 7620 7640 7636
f 7620 1582 7638 7640
f 7640 7638 1587 7639
f 7636 7640 7639 1538
f 1587 7641 7642 7639
f 7641 1541 7472 7642
f 7642 7472 1539 7464
f 7639 7642 7464 1538
f 1587 7638 7645 7644
f 7638 1582 7614 7645
f 7645 7614 1580 7643
f 7644 7645 7643 1588
f 1587 7644 7648 7641
f 7644 1588 7646 7648
f 7648 7646 1589 7647
f 7641 7648 7647 1541
f 1589 7649 7650 7647
f 7649 1544 7481 7650
f 7650 7481 1542 7473
f 7647 7650 7473 1541
f 1589 7646 7654 7653
f 7646 1588 7651 7654
f 7654 7651 1590 7652
f 7653 7654 7652 1591
f 1589 7653 7657 7649
f 7653 1591 7655 7657
f 7657 7655 1592 7656
f 7649 7657 7656 1544
f 1592 7658 7659 7656
f 7658 1547 7490 7659
f 7659 7490 1545 7482
f 7656 7659 7482 1544
f 1592 7655 7663 7662
f 7655 1591 7660 7663
f 7663 7660 1593 7661
f 7662 7663 7661 1594
f 1592 7662 7665 7658
f 7662 1594 7664 7665
f 7665 7664 1549 7497
f 7658 7665 7497 1547
f 1594 7661 7669 7668
f 7661 1593 7666 7669
f 7669 7666 1595 7667
f 7668 7669 7667 1596
f 1594 7668 7671 7664
f 7668 1596 7670 7671
f 7671 7670 1551 7503
f 7664 7671 7503 1549
f 1596 7667 7675 7674
f 7667 1595 7672 7675
f 7675 7672 1597 7673
f 7674 7675 7673 1598
f 1596 7674 7677 7670
f 7674 1598 7676 7677
f 7677 7676 1553 7509
f 7670 7677 7509 1551
f 1598 7673 7680 7679
f 7673 1597 7678 7680
f 7680 7678 1565 7559
f 7679 7680 7559 1563
f 1598 7679 7681 7676
f 7679 1563 7553 7681
f 7681 7553 1555 7516
f 7676 7681 7516 1553
f 1597 7672 7684 7683
f 7672 1595 7682 7684
f 7684 7682 1573 7587
f 7683 7684 7587 1571
f 1597 7683 7685 7678
f 7683 1571 7581 7685
f 7685 7581 1567 7565
f 7678 7685 7565 1565
f 1595 7666 7688 7682
f 7666 1593 7686 7688
f 7688 7686 1599 7687
f 7682 7688 7687 1573
f 1599 7686 7690 7689
f 7686 1593 7660 7690
f 7690 7660 1591 7652
f 7689 7690 7652 1590
f 1599 7689 7693 7692
f 7689 1590 7691 7693
f 7693 7691 1578 7602
f 7692 7693 7602 1576
f 1599 7692 7694 7687
f 7692 1576 7594 7694
f 7694 7594 1574 7588
f 7687 7694 7588 1573
f 1590 7651 7695 7691
f 7651 1588 7643 7695
f 7695 7643 1580 7608
f 7691 7695 7608 1578
f 1532 7445 7696 7634
f 7445 1530 7437 7696
f 7696 7437 1522 7402
f 7634 7696 7402 1520
f 942 5439 7697 5634
f 5439 940 5433 7697
f 7697 5433 596 4379
f 5634 7697 4379 595
f 937 5427 7698 5416
f 5427 601 4394 7698
f 7698 4394 599 4386
f 5416 7698 4386 598
f 903 5310 7699 5320
f 5310 855 5162 7699
f 7699 5162 851 5146
f 5320 7699 5146 849
f 899 5299 7700 5309
f 5299 858 5169 7700
f 7700 5169 856 5163
f 5309 7700 5163 855
f 895 5523 7702 5290
f 5523 145 3299 7702
f 7702 3299 144 7701
f 5290 7702 7701 888
f 889 5270 7703 5280
f 5270 275 3621 7703
f 7703 3621 279 5179
f 5280 7703 5179 860
f 888 7701 7704 5268
f 7701 144 6076 7704
f 7704 6076 885 5258
f 5268 7704 5258 884
f 866 5194 7706 5242
f 5194 864 7705 7706
f 7706 7705 278 3624
f 5242 7706 3624 280
f 864 5186 7707 7705
f 5186 862 5180 7707
f 7707 5180 279 3620
f 7705 7707 3620 278
f 825 5070 7708 5431
f 5070 823 5064 7708
f 7708 5064 232 3508
f 5431 7708 3508 229
f 667 4578 7710 5057
f 4578 666 7709 7710
f 7710 7709 335 3752
f 5057 7710 3752 334
f 666 4575 7711 7709
f 4575 665 5041 7711
f 7711 5041 336 3755
f 7709 7711 3755 335
f 640 4518 7712 4985
f 4518 634 4498 7712
f 7712 4498 632 4490
f 4985 7712 4490 631
f 607 4417 7713 4921
f 4417 605 4409 7713
f 7713 4409 226 3496
f 4921 7713 3496 225
f 602 4395 7714 4401
f 4395 601 5426 7714
f 7714 5426 228 3500
f 4401 7714 3500 227
f 589 7715 7717 7550
f 7715 1600 7716 7717
f 7717 7716 109 3219
f 7550 7717 3219 108
f 589 4364 7719 7715
f 4364 587 4358 7719
f 7719 4358 586 7718
f 7715 7719 7718 1600
f 1600 7718 7723 7722
f 7718 586 7720 7723
f 7723 7720 1601 7721
f 7722 7723 7721 481
f 1600 7722 7724 7716
f 7722 481 4083 7724
f 7724 4083 112 3226
f 7716 7724 3226 109
f 1601 7720 7726 7725
f 7720 586 4357 7726
f 7726 4357 582 4347
f 7725 7726 4347 581
f 1601 7725 7730 7729
f 7725 581 7727 7730
f 7730 7727 1602 7728
f 7729 7730 7728 484
f 1601 7729 7731 7721
f 7729 484 4090 7731
f 7731 4090 482 4084
f 7721 7731 4084 481
f 1602 7727 7733 7732
f 7727 581 4346 7733
f 7733 4346 577 4336
f 7732 7733 4336 576
f 1602 7732 7737 7736
f 7732 576 7734 7737
f 7737 7734 1603 7735
f 7736 7737 7735 487
f 1602 7736 7738 7728
f 7736 487 4099 7738
f 7738 4099 485 4091
f 7728 7738 4091 484
f 1603 7734 7740 7739
f 7734 576 4335 7740
f 7740 4335 572 4325
f 7739 7740 4325 571
f 1603 7739 7744 7743
f 7739 571 7741 7744
f 7744 7741 1604 7742
f 7743 7744 7742 490
f 1603 7743 7745 7735
f 7743 490 4108 7745
f 7745 4108 488 4100
f 7735 7745 4100 487
f 1604 7741 7747 7746
f 7741 571 4324 7747
f 7747 4324 567 4314
f 7746 7747 4314 566
f 1604 7746 7751 7750
f 7746 566 7748 7751
f 7751 7748 1605 7749
f 7750 7751 7749 493
f 1604 7750 7752 7742
f 7750 493 4117 7752
f 7752 4117 491 4109
f 7742 7752 4109 490
f 1605 7748 7754 7753
f 7748 566 4313 7754
f 7754 4313 562 4303
f 7753 7754 4303 561
f 1605 7753 7758 7757
f 7753 561 7755 7758
f 7758 7755 1606 7756
f 7757 7758 7756 496
f 1605 7757 7759 7749
f 7757 496 4126 7759
f 7759 4126 494 4118
f 7749 7759 4118 493
f 1606 7755 7761 7760
f 7755 561 4302 7761
f 7761 4302 557 4292
f 7760 7761 4292 556
f 1606 7760 7765 7764
f 7760 556 7762 7765
f 7765 7762 1607 7763
f 7764 7765 7763 499
f 1606 7764 7766 7756
f 7764 499 4135 7766
f 7766 4135 497 4127
f 7756 7766 4127 496
f 1607 7762 7768 7767
f 7762 556 4291 7768
f 7768 4291 552 4281
f 7767 7768 4281 551
f 1607 7767 7772 7771
f 7767 551 7769 7772
f 7772 7769 1608 7770
f 7771 7772 7770 502
f 1607 7771 7773 7763
f 7771 502 4144 7773
f 7773 4144 500 4136
f 7763 7773 4136 499
f 1608 7769 7775 7774
f 7769 551 4280 7775
f 7775 4280 547 4270
f 7774 7775 4270 546
f 1608 7774 7779 7778
f 7774 546 7776 7779
f 7779 7776 1609 7777
f 7778 7779 7777 505
f 1608 7778 7780 7770
f 7778 505 4153 7780
f 7780 4153 503 4145
f 7770 7780 4145 502
f 1609 7776 7782 7781
f 7776 546 4269 7782
f 7782 4269 542 4259
f 7781 7782 4259 541
f 1609 7781 7786 7785
f 7781 541 7783 7786
f 7786 7783 1610 7784
f 7785 7786 7784 508
f 1609 7785 7787 7777
f 7785 508 4162 7787
f 7787 4162 506 4154
f 7777 7787 4154 505
f 1610 7783 7789 7788
f 7783 541 4258 7789
f 7789 4258 537 4248
f 7788 7789 4248 536
f 1610 7788 7793 7792
f 7788 536 7790 7793
f 7793 7790 1611 7791
f 7792 7793 7791 511
f 1610 7792 7794 7784
f 7792 511 4171 7794
f 7794 4171 509 4163
f 7784 7794 4163 508
f 1611 7790 7796 7795
f 7790 536 4247 7796
f 7796 4247 532 4237
f 7795 7796 4237 531
f 1611 7795 7800 7799
f 7795 531 7797 7800
f 7800 7797 237 7798
f 7799 7800 7798 514
f 1611 7799 7801 7791
f 7799 514 4180 7801
f 7801 4180 512 4172
f 7791 7801 4172 511
f 531 4236 7802 7797
f 4236 527 4226 7802
f 7802 4226 238 3520
f 7797 7802 3520 237
f 515 4181 7803 4189
f 4181 514 7798 7803
f 7803 7798 237 3519
f 4189 7803 3519 236
f 475 4064 7804 7514
f 4064 473 4058 7804
f 7804 4058 244 3532
f 7514 7804 3532 243
f 466 4038 7805 4048
f 4038 465 7495 7805
f 7805 7495 241 3527
f 4048 7805 3527 240
f 420 3938 7806 7428
f 3938 416 3928 7806
f 7806 3928 405 3902
f 7428 7806 3902 403
f 358 3802 7809 7808
f 3802 190 3422 7809
f 7809 3422 197 7807
f 7808 7809 7807 1612
f 1612 7807 7812 7811
f 7807 197 3429 7812
f 7812 3429 199 7810
f 7811 7812 7810 1613
f 1613 7810 7816 7815
f 7810 199 7813 7816
f 7816 7813 1614 7814
f 7815 7816 7814 1615
f 1615 7814 7820 7819
f 7814 1614 7817 7820
f 7820 7817 1616 7818
f 7819 7820 7818 1617
f 1617 7818 7824 7823
f 7818 1616 7821 7824
f 7824 7821 211 7822
f 7823 7824 7822 1618
f 1618 7822 7826 7825
f 7822 211 3462 7826
f 7826 3462 31 3437
f 7825 7826 3437 203
f 1616 7817 7830 7829
f 7817 1614 7827 7830
f 7830 7827 1619 7828
f 7829 7830 7828 1620
f 1616 7829 7832 7821
f 7829 1620 7831 7832
f 7832 7831 212 3463
f 7821 7832 3463 211
f 1620 7828 7835 7834
f 7828 1619 7833 7835
f 7835 7833 64 3127
f 7834 7835 3127 1
f 1620 7834 7837 7831
f 7834 1 3130 7837
f 7837 3130 66 7836
f 7831 7837 7836 212
f 1619 7838 7839 7833
f 7838 198 3425 7839
f 7839 3425 193 3419
f 7833 7839 3419 64
f 1619 7827 7840 7838
f 7827 1614 7813 7840
f 7840 7813 199 3428
f 7838 7840 3428 198
f 351 3797 7841 5935
f 3797 62 3795 7841
f 7841 3795 63 5922
f 5935 7841 5922 1091
f 339 3760 7843 5937
f 3760 338 7842 7843
f 7843 7842 135 3286
f 5937 7843 3286 137
f 338 5878 7844 7842
f 5878 125 3252 7844
f 7844 3252 124 3279
f 7842 7844 3279 135
f 307 3686 7846 6575
f 3686 306 7845 7846
f 7846 7845 207 3450
f 6575 7846 3450 205
f 306 3690 7848 7845
f 3690 214 3467 7848
f 7848 3467 213 7847
f 7845 7848 7847 207
f 305 6281 7850 3683
f 6281 165 3343 7850
f 7850 3343 164 7849
f 3683 7850 7849 52
f 300 3672 7851 6372
f 3672 52 7849 7851
f 7851 7849 164 3349
f 6372 7851 3349 168
f 291 3655 7852 3807
f 3655 50 4709 7852
f 7852 4709 192 3407
f 3807 7852 3407 191
f 290 7853 7854 3648
f 7853 66 3129 7854
f 7854 3129 65 3416
f 3648 7854 3416 196
f 290 3647 7856 7855
f 3647 289 6564 7856
f 7856 6564 210 3459
f 7855 7856 3459 209
f 290 7855 7857 7853
f 7855 209 3464 7857
f 7857 3464 212 7836
f 7853 7857 7836 66
f 271 3599 7858 5214
f 3599 270 6296 7858
f 7858 6296 182 3382
f 5214 7858 3382 23
f 259 3569 7859 6115
f 3569 258 5222 7859
f 7859 5222 152 3324
f 6115 7859 3324 157
f 249 5946 7860 3549
f 5946 130 3266 7860
f 7860 3266 14 3276
f 3549 7860 3276 134
f 213 3476 7861 7847
f 3476 208 3456 7861
f 7861 3456 206 3451
f 7847 7861 3451 207
f 148 3306 7863 7862
f 3306 18 6072 7863
f 7863 6072 143 3294
f 7862 7863 3294 142
f 146 3302 7864 5757
f 3302 17 5520 7864
f 7864 5520 80 3157
f 5757 7864 3157 79
f 142 3777 7866 7865
f 3777 61 3788 7866
f 7866 3788 138 3288
f 7865 7866 3288 16
f 340 3764 7868 7867
f 3764 60 3772 7868
f 7868 3772 148 7862
f 7867 7868 7862 142
f 340 7867 7869 5876
f 7867 142 7865 7869
f 7869 7865 16 3291
f 5876 7869 3291 140
f 1621 7870 7874 7873
f 7870 1686 7871 7874
f 7874 7871 1685 7872
f 7873 7874 7872 1684
f 1622 7875 7879 7878
f 7875 1689 7876 7879
f 7879 7876 1688 7877
f 7878 7879 7877 1687
f 1622 7880 7883 7875
f 7880 1691 7881 7883
f 7883 7881 1690 7882
f 7875 7883 7882 1689
f 1622 7878 7886 7880
f 7878 1687 7884 7886
f 7886 7884 1692 7885
f 7880 7886 7885 1691
f 1623 7887 7891 7890
f 7887 1695 7888 7891
f 7891 7888 1694 7889
f 7890 7891 7889 1693
f 1623 7890 7895 7894
f 7890 1693 7892 7895
f 7895 7892 1697 7893
f 7894 7895 7893 1696
f 1623 7894 7898 7887
f 7894 1696 7896 7898
f 7898 7896 1698 7897
f 7887 7898 7897 1695
f 1624 7899 7903 7902
f 7899 1701 7900 7903
f 7903 7900 1700 7901
f 7902 7903 7901 1699
f 1703 7904 7907 7906
f 7904 1624 7902 7907
f 7907 7902 1699 7905
f 7906 7907 7905 1704
f 1624 7904 7910 7899
f 7904 1703 7908 7910
f 7910 7908 1702 7909
f 7899 7910 7909 1701
f 1625 7911 7915 7914
f 7911 1707 7912 7915
f 7915 7912 1706 7913
f 7914 7915 7913 1705
f 1625 7914 7919 7918
f 7914 1705 7916 7919
f 7919 7916 1709 7917
f 7918 7919 7917 1708
f 1625 7918 7922 7911
f 7918 1708 7920 7922
f 7922 7920 1710 7921
f 7911 7922 7921 1707
f 1626 7923 7927 7926
f 7923 1713 7924 7927
f 7927 7924 1712 7925
f 7926 7927 7925 1711
f 1626 7926 7930 7929
f 7926 1711 7928 7930
f 7930 7928 95 3186
f 7929 7930 3186 94
f 1626 7929 7933 7932
f 7929 94 3191 7933
f 7933 3191 97 7931
f 7932 7933 7931 1714
f 1627 7934 7938 7937
f 7934 1717 7935 7938
f 7938 7935 1716 7936
f 7937 7938 7936 1715
f 1627 7937 7942 7941
f 7937 1715 7939 7942
f 7942 7939 1719 7940
f 7941 7942 7940 1718
f 1628 7943 7947 7946
f 7943 1649 7944 7947
f 7947 7944 1720 7945
f 7946 7947 7945 1629
f 1628 7946 7951 7950
f 7946 1629 7948 7951
f 7951 7948 1722 7949
f 7950 7951 7949 1721
f 1628 7950 7954 7943
f 7950 1721 7952 7954
f 7954 7952 1723 7953
f 7943 7954 7953 1649
f 1629 7945 7957 7948
f 7945 1720 7955 7957
f 7957 7955 1650 7956
f 7948 7957 7956 1722
f 1630 7958 7962 7961
f 7958 1726 7959 7962
f 7962 7959 1725 7960
f 7961 7962 7960 1724
f 1630 7961 7966 7965
f 7961 1724 7963 7966
f 7966 7963 1728 7964
f 7965 7966 7964 1727
f 1630 7965 7969 7958
f 7965 1727 7967 7969
f 7969 7967 1729 7968
f 7958 7969 7968 1726
f 1631 7970 7974 7973
f 7970 1732 7971 7974
f 7974 7971 1731 7972
f 7973 7974 7972 1730
f 1631 7975 7979 7978
f 7975 1735 7976 7979
f 7979 7976 1734 7977
f 7978 7979 7977 1733
f 1631 7973 7982 7975
f 7973 1730 7980 7982
f 7982 7980 1736 7981
f 7975 7982 7981 1735
f 1632 7983 7987 7986
f 7983 1738 7984 7987
f 7987 7984 1683 7985
f 7986 7987 7985 1737
f 1632 7986 7991 7990
f 7986 1737 7988 7991
f 7991 7988 1740 7989
f 7990 7991 7989 1739
f 1633 7992 7996 7995
f 7992 1743 7993 7996
f 7996 7993 1742 7994
f 7995 7996 7994 1741
f 1633 7997 7999 7992
f 7997 1707 7921 7999
f 7999 7921 1710 7998
f 7992 7999 7998 1743
f 1633 7995 8001 7997
f 7995 1741 8000 8001
f 8001 8000 1706 7912
f 7997 8001 7912 1707
f 1634 8002 8006 8005
f 8002 1746 8003 8006
f 8006 8003 1745 8004
f 8005 8006 8004 1744
f 1634 8007 8011 8010
f 8007 1749 8008 8011
f 8011 8008 1748 8009
f 8010 8011 8009 1747
f 1634 8005 8014 8007
f 8005 1744 8012 8014
f 8014 8012 1698 8013
f 8007 8014 8013 1749
f 1634 8015 8018 8002
f 8015 1751 8016 8018
f 8018 8016 1750 8017
f 8002 8018 8017 1746
f 1635 8019 8022 8021
f 8019 1706 8000 8022
f 8022 8000 1741 8020
f 8021 8022 8020 1752
f 1635 8023 8025 8019
f 8023 1753 8024 8025
f 8025 8024 1705 7913
f 8019 8025 7913 1706
f 1635 8021 8028 8023
f 8021 1752 8026 8028
f 8028 8026 1754 8027
f 8023 8028 8027 1753
f 1636 8029 8033 8032
f 8029 1757 8030 8033
f 8033 8030 1756 8031
f 8032 8033 8031 1755
f 1758 8034 8038 8037
f 8034 1761 8035 8038
f 8038 8035 1760 8036
f 8037 8038 8036 1759
f 1637 8039 8042 8041
f 8039 1762 8040 8042
f 8042 8040 1761 8034
f 8041 8042 8034 1758
f 1637 8041 8046 8045
f 8041 1758 8043 8046
f 8046 8043 1764 8044
f 8045 8046 8044 1763
f 1638 8047 8051 8050
f 8047 1658 8048 8051
f 8051 8048 1766 8049
f 8050 8051 8049 1765
f 1638 8052 8054 8047
f 8052 1750 8016 8054
f 8054 8016 1751 8053
f 8047 8054 8053 1658
f 1638 8055 8058 8052
f 8055 1768 8056 8058
f 8058 8056 1767 8057
f 8052 8058 8057 1750
f 1639 8059 8063 8062
f 8059 1771 8060 8063
f 8063 8060 1770 8061
f 8062 8063 8061 1769
f 1773 8064 8067 8066
f 8064 1639 8062 8067
f 8067 8062 1769 8065
f 8066 8067 8065 1774
f 1639 8064 8070 8059
f 8064 1773 8068 8070
f 8070 8068 1772 8069
f 8059 8070 8069 1771
f 1640 8071 8075 8074
f 8071 1777 8072 8075
f 8075 8072 1776 8073
f 8074 8075 8073 1775
f 1640 8074 8079 8078
f 8074 1775 8076 8079
f 8079 8076 1779 8077
f 8078 8079 8077 1778
f 1640 8078 8082 8071
f 8078 1778 8080 8082
f 8082 8080 1780 8081
f 8071 8082 8081 1777
f 1641 8083 8087 8086
f 8083 1783 8084 8087
f 8087 8084 1782 8085
f 8086 8087 8085 1781
f 1641 8086 8091 8090
f 8086 1781 8088 8091
f 8091 8088 1785 8089
f 8090 8091 8089 1784
f 1641 8092 8095 8083
f 8092 1787 8093 8095
f 8095 8093 1786 8094
f 8083 8095 8094 1783
f 1641 8096 8099 8092
f 8096 1789 8097 8099
f 8099 8097 1788 8098
f 8092 8099 8098 1787
f 1641 8090 8102 8096
f 8090 1784 8100 8102
f 8102 8100 1790 8101
f 8096 8102 8101 1789
f 1642 8103 8107 8106
f 8103 1793 8104 8107
f 8107 8104 1792 8105
f 8106 8107 8105 1791
f 1642 8106 8111 8110
f 8106 1791 8108 8111
f 8111 8108 1795 8109
f 8110 8111 8109 1794
f 1642 8110 8114 8103
f 8110 1794 8112 8114
f 8114 8112 1796 8113
f 8103 8114 8113 1793
f 1643 8115 8118 8117
f 8115 1797 8116 8118
f 8118 8116 1796 8112
f 8117 8118 8112 1794
f 1643 8119 8122 8115
f 8119 1798 8120 8122
f 8122 8120 1667 8121
f 8115 8122 8121 1797
f 1643 8117 8125 8124
f 8117 1794 8109 8125
f 8125 8109 1795 8123
f 8124 8125 8123 1799
f 1644 8126 8130 8129
f 8126 1802 8127 8130
f 8130 8127 1801 8128
f 8129 8130 8128 1800
f 1644 8129 8134 8133
f 8129 1800 8131 8134
f 8134 8131 1804 8132
f 8133 8134 8132 1803
f 1644 8133 8138 8137
f 8133 1803 8135 8138
f 8138 8135 1673 8136
f 8137 8138 8136 1805
f 1645 8139 8143 8142
f 8139 1808 8140 8143
f 8143 8140 1807 8141
f 8142 8143 8141 1806
f 1646 8144 8147 8146
f 8144 1645 8142 8147
f 8147 8142 1806 8145
f 8146 8147 8145 1810
f 1645 8144 8150 8139
f 8144 1646 8148 8150
f 8150 8148 1809 8149
f 8139 8150 8149 1808
f 1646 8151 8155 8154
f 8151 1669 8152 8155
f 8155 8152 1812 8153
f 8154 8155 8153 1811
f 1646 8156 8159 8151
f 8156 1685 8157 8159
f 8159 8157 1813 8158
f 8151 8159 8158 1669
f 1646 8146 8161 8156
f 8146 1810 8160 8161
f 8161 8160 1684 7872
f 8156 8161 7872 1685
f 1647 8162 8165 8164
f 8162 1806 8141 8165
f 8165 8141 1807 8163
f 8164 8165 8163 1814
f 1647 8166 8168 8162
f 8166 1815 8167 8168
f 8168 8167 1810 8145
f 8162 8168 8145 1806
f 1647 8164 8171 8166
f 8164 1814 8169 8171
f 8171 8169 1816 8170
f 8166 8171 8170 1815
f 1648 8172 8175 8174
f 8172 202 3433 8175
f 8175 3433 201 8173
f 8174 8175 8173 1817
f 1648 8176 8178 8172
f 8176 1651 8177 8178
f 8178 8177 203 3436
f 8172 8178 3436 202
f 1648 8179 8182 8176
f 8179 1819 8180 8182
f 8182 8180 1818 8181
f 8176 8182 8181 1651
f 1648 8174 8185 8184
f 8174 1817 8183 8185
f 8185 8183 1721 7949
f 8184 8185 7949 1722
f 1648 8184 8188 8187
f 8184 1722 7956 8188
f 8188 7956 1650 8186
f 8187 8188 8186 1820
f 1648 8187 8191 8179
f 8187 1820 8189 8191
f 8191 8189 1821 8190
f 8179 8191 8190 1819
f 1649 7953 8194 7944
f 7953 1723 8192 8194
f 8194 8192 1822 8193
f 7944 8194 8193 1720
f 1650 7955 8196 8186
f 7955 1720 8193 8196
f 8196 8193 1822 8195
f 8186 8196 8195 1820
f 1651 8181 8200 8199
f 8181 1818 8197 8200
f 8200 8197 1824 8198
f 8199 8200 8198 1823
f 1651 8199 8204 8203
f 8199 1823 8201 8204
f 8204 8201 1826 8202
f 8203 8204 8202 1825
f 1652 8205 8209 8208
f 8205 1829 8206 8209
f 8209 8206 1828 8207
f 8208 8209 8207 1827
f 1652 8210 8212 8205
f 8210 217 3472 8212
f 8212 3472 216 8211
f 8205 8212 8211 1829
f 1652 8208 8215 8214
f 8208 1827 8213 8215
f 8215 8213 1822 8192
f 8214 8215 8192 1723
f 1652 8216 8217 8210
f 8216 1817 8173 8217
f 8217 8173 201 3478
f 8210 8217 3478 217
f 1652 8214 8218 8216
f 8214 1723 7952 8218
f 8218 7952 1721 8183
f 8216 8218 8183 1817
f 1653 8219 8223 8222
f 8219 1832 8220 8223
f 8223 8220 1831 8221
f 8222 8223 8221 1830
f 1653 8224 8227 8219
f 8224 1834 8225 8227
f 8227 8225 1833 8226
f 8219 8227 8226 1832
f 1653 8222 8230 8224
f 8222 1830 8228 8230
f 8230 8228 1835 8229
f 8224 8230 8229 1834
f 1654 8231 8235 8234
f 8231 1838 8232 8235
f 8235 8232 1837 8233
f 8234 8235 8233 1836
f 1654 8236 8240 8239
f 8236 1841 8237 8240
f 8240 8237 1840 8238
f 8239 8240 8238 1839
f 1654 8234 8244 8243
f 8234 1836 8241 8244
f 8244 8241 1843 8242
f 8243 8244 8242 1842
f 1654 8243 8247 8236
f 8243 1842 8245 8247
f 8247 8245 1844 8246
f 8236 8247 8246 1841
f 1654 8239 8250 8231
f 8239 1839 8248 8250
f 8250 8248 1845 8249
f 8231 8250 8249 1838
f 1655 8251 8255 8254
f 8251 1848 8252 8255
f 8255 8252 1847 8253
f 8254 8255 8253 1846
f 1655 8256 8259 8251
f 8256 1850 8257 8259
f 8259 8257 1849 8258
f 8251 8259 8258 1848
f 1655 8254 8262 8256
f 8254 1846 8260 8262
f 8262 8260 1851 8261
f 8256 8262 8261 1850
f 1656 8263 8267 8266
f 8263 1854 8264 8267
f 8267 8264 1853 8265
f 8266 8267 8265 1852
f 1656 8268 8271 8263
f 8268 1856 8269 8271
f 8271 8269 1855 8270
f 8263 8271 8270 1854
f 1656 8266 8274 8268
f 8266 1852 8272 8274
f 8274 8272 1857 8273
f 8268 8274 8273 1856
f 1657 8275 8277 8276
f 8275 1746 8017 8277
f 8277 8017 1750 8057
f 8276 8277 8057 1767
f 1657 8278 8280 8275
f 8278 1858 8279 8280
f 8280 8279 1745 8003
f 8275 8280 8003 1746
f 1657 8276 8284 8283
f 8276 1767 8281 8284
f 8284 8281 1860 8282
f 8283 8284 8282 1859
f 1658 8053 8287 8048
f 8053 1751 8285 8287
f 8287 8285 1861 8286
f 8048 8287 8286 1766
f 1659 8288 8292 8291
f 8288 1864 8289 8292
f 8292 8289 1863 8290
f 8291 8292 8290 1862
f 1659 8291 8296 8295
f 8291 1862 8293 8296
f 8296 8293 1866 8294
f 8295 8296 8294 1865
f 1659 8295 8299 8288
f 8295 1865 8297 8299
f 8299 8297 1867 8298
f 8288 8299 8298 1864
f 1660 8300 8304 8303
f 8300 1869 8301 8304
f 8304 8301 1868 8302
f 8303 8304 8302 1661
f 1660 8305 8308 8300
f 8305 1871 8306 8308
f 8308 8306 1870 8307
f 8300 8308 8307 1869
f 1660 8303 8311 8305
f 8303 1661 8309 8311
f 8311 8309 1872 8310
f 8305 8311 8310 1871
f 1661 8302 8315 8314
f 8302 1868 8312 8315
f 8315 8312 1874 8313
f 8314 8315 8313 1873
f 1661 8314 8319 8318
f 8314 1873 8316 8319
f 8319 8316 1876 8317
f 8318 8319 8317 1875
f 1662 8320 8323 8322
f 8320 1877 8321 8323
f 8323 8321 1690 7881
f 8322 8323 7881 1691
f 1662 8324 8327 8320
f 8324 1879 8325 8327
f 8327 8325 1878 8326
f 8320 8327 8326 1877
f 1662 8322 8329 8324
f 8322 1691 7885 8329
f 8329 7885 1692 8328
f 8324 8329 8328 1879
f 1663 8330 8334 8333
f 8330 1664 8331 8334
f 8334 8331 1881 8332
f 8333 8334 8332 1880
f 1663 8333 8338 8337
f 8333 1880 8335 8338
f 8338 8335 1883 8336
f 8337 8338 8336 1882
f 1663 8337 8341 8330
f 8337 1882 8339 8341
f 8341 8339 1884 8340
f 8330 8341 8340 1664
f 1664 8340 8345 8344
f 8340 1884 8342 8345
f 8345 8342 1886 8343
f 8344 8345 8343 1885
f 1664 8344 8348 8347
f 8344 1885 8346 8348
f 8348 8346 1874 8312
f 8347 8348 8312 1868
f 1664 8347 8350 8331
f 8347 1868 8301 8350
f 8350 8301 1869 8349
f 8331 8350 8349 1881
f 1665 8351 8355 8354
f 8351 1889 8352 8355
f 8355 8352 1888 8353
f 8354 8355 8353 1887
f 1665 8354 8359 8358
f 8354 1887 8356 8359
f 8359 8356 1891 8357
f 8358 8359 8357 1890
f 1665 8358 8362 8351
f 8358 1890 8360 8362
f 8362 8360 1892 8361
f 8351 8362 8361 1889
f 1666 8363 8367 8366
f 8363 1895 8364 8367
f 8367 8364 1894 8365
f 8366 8367 8365 1893
f 1666 8366 8371 8370
f 8366 1893 8368 8371
f 8371 8368 1897 8369
f 8370 8371 8369 1896
f 1666 8370 8374 8373
f 8370 1896 8372 8374
f 8374 8372 1811 8153
f 8373 8374 8153 1812
f 1667 8375 8378 8121
f 8375 1899 8376 8378
f 8378 8376 1898 8377
f 8121 8378 8377 1797
f 1667 8379 8382 8375
f 8379 1900 8380 8382
f 8382 8380 1668 8381
f 8375 8382 8381 1899
f 1668 8383 8387 8386
f 8383 1813 8384 8387
f 8387 8384 1902 8385
f 8386 8387 8385 1901
f 1668 8380 8390 8389
f 8380 1900 8388 8390
f 8390 8388 1666 8373
f 8389 8390 8373 1812
f 1668 8389 8391 8383
f 8389 1812 8152 8391
f 8391 8152 1669 8158
f 8383 8391 8158 1813
f 1670 8392 8396 8395
f 8392 1905 8393 8396
f 8396 8393 1904 8394
f 8395 8396 8394 1903
f 1671 8397 8401 8400
f 8397 1908 8398 8401
f 8401 8398 1907 8399
f 8400 8401 8399 1906
f 1671 8402 8405 8397
f 8402 1910 8403 8405
f 8405 8403 1909 8404
f 8397 8405 8404 1908
f 1671 8400 8408 8402
f 8400 1906 8406 8408
f 8408 8406 1911 8407
f 8402 8408 8407 1910
f 1672 8409 8413 8412
f 8409 1914 8410 8413
f 8413 8410 1913 8411
f 8412 8413 8411 1912
f 1672 8414 8417 8409
f 8414 1916 8415 8417
f 8417 8415 1915 8416
f 8409 8417 8416 1914
f 1672 8418 8421 8414
f 8418 1917 8419 8421
f 8421 8419 1792 8420
f 8414 8421 8420 1916
f 1673 8135 8425 8424
f 8135 1803 8422 8425
f 8425 8422 1919 8423
f 8424 8425 8423 1918
f 1673 8424 8428 8136
f 8424 1918 8426 8428
f 8428 8426 1828 8427
f 8136 8428 8427 1805
f 1674 8429 8433 8432
f 8429 1922 8430 8433
f 8433 8430 1921 8431
f 8432 8433 8431 1920
f 1674 8434 8437 8429
f 8434 1924 8435 8437
f 8437 8435 1923 8436
f 8429 8437 8436 1922
f 1674 8438 8441 8434
f 8438 1926 8439 8441
f 8441 8439 1925 8440
f 8434 8441 8440 1924
f 1674 8442 8445 8438
f 8442 1835 8443 8445
f 8445 8443 1927 8444
f 8438 8445 8444 1926
f 1674 8432 8447 8442
f 8432 1920 8446 8447
f 8447 8446 1834 8229
f 8442 8447 8229 1835
f 1675 8448 8452 8451
f 8448 1930 8449 8452
f 8452 8449 1929 8450
f 8451 8452 8450 1928
f 1675 8453 8456 8448
f 8453 1932 8454 8456
f 8456 8454 1931 8455
f 8448 8456 8455 1930
f 1675 8451 8459 8453
f 8451 1928 8457 8459
f 8459 8457 1933 8458
f 8453 8459 8458 1932
f 1676 8460 8464 8463
f 8460 1936 8461 8464
f 8464 8461 1935 8462
f 8463 8464 8462 1934
f 1676 8463 8468 8467
f 8463 1934 8465 8468
f 8468 8465 1937 8466
f 8467 8468 8466 1716
f 1676 8467 8470 8460
f 8467 1716 7935 8470
f 8470 7935 1717 8469
f 8460 8470 8469 1936
f 1677 8471 8475 8474
f 8471 1940 8472 8475
f 8475 8472 1939 8473
f 8474 8475 8473 1938
f 1677 8474 8479 8478
f 8474 1938 8476 8479
f 8479 8476 1748 8477
f 8478 8479 8477 1941
f 1677 8478 8482 8471
f 8478 1941 8480 8482
f 8482 8480 1942 8481
f 8471 8482 8481 1940
f 1678 8483 8487 8486
f 8483 1945 8484 8487
f 8487 8484 1944 8485
f 8486 8487 8485 1943
f 1678 8488 8491 8483
f 8488 1947 8489 8491
f 8491 8489 1946 8490
f 8483 8491 8490 1945
f 1678 8486 8494 8488
f 8486 1943 8492 8494
f 8494 8492 1948 8493
f 8488 8494 8493 1947
f 1679 8495 8499 8498
f 8495 1951 8496 8499
f 8499 8496 1950 8497
f 8498 8499 8497 1949
f 1679 8498 8503 8502
f 8498 1949 8500 8503
f 8503 8500 1952 8501
f 8502 8503 8501 1680
f 1679 8502 8506 8495
f 8502 1680 8504 8506
f 8506 8504 1953 8505
f 8495 8506 8505 1951
f 1680 8507 8510 8509
f 8507 1765 8049 8510
f 8510 8049 1766 8508
f 8509 8510 8508 1954
f 1680 8509 8513 8504
f 8509 1954 8511 8513
f 8513 8511 1955 8512
f 8504 8513 8512 1953
f 1681 8514 8517 8516
f 8514 1956 8515 8517
f 8517 8515 1758 8037
f 8516 8517 8037 1759
f 1681 8518 8521 8514
f 8518 1958 8519 8521
f 8521 8519 1957 8520
f 8514 8521 8520 1956
f 1681 8522 8526 8525
f 8522 1755 8523 8526
f 8526 8523 1960 8524
f 8525 8526 8524 1959
f 1681 8525 8529 8518
f 8525 1959 8527 8529
f 8529 8527 1961 8528
f 8518 8529 8528 1958
f 1682 8530 8533 8532
f 8530 1683 7984 8533
f 8533 7984 1738 8531
f 8532 8533 8531 1962
f 1682 8534 8537 8536
f 8534 1708 7917 8537
f 8537 7917 1709 8535
f 8536 8537 8535 1963
f 352 3803 8540 8539
f 3803 358 8538 8540
f 8540 8538 1807 8140
f 8539 8540 8140 1808
f 352 8539 8543 3805
f 8539 1808 8541 8543
f 8543 8541 1903 8542
f 3805 8543 8542 359
f 353 8544 8547 3809
f 8544 1965 8545 8547
f 8547 8545 1964 8546
f 3809 8547 8546 360
f 353 3816 8550 8544
f 3816 364 8548 8550
f 8550 8548 1966 8549
f 8544 8550 8549 1965
f 354 3819 8552 8551
f 3819 359 8542 8552
f 8552 8542 1903 8394
f 8551 8552 8394 1904
f 355 3824 8556 8555
f 3824 367 8553 8556
f 8556 8553 1968 8554
f 8555 8556 8554 1967
f 355 8555 8559 3826
f 8555 1967 8557 8559
f 8559 8557 1969 8558
f 3826 8559 8558 368
f 356 3833 8563 8562
f 3833 372 8560 8563
f 8563 8560 1971 8561
f 8562 8563 8561 1970
f 356 8562 8566 3835
f 8562 1970 8564 8566
f 8566 8564 1972 8565
f 3835 8566 8565 373
f 357 8567 8569 3839
f 8567 1735 7981 8569
f 8569 7981 1736 8568
f 3839 8569 8568 375
f 357 3844 8571 8567
f 3844 376 8570 8571
f 8571 8570 1734 7976
f 8567 8571 7976 1735
f 376 3848 8574 8570
f 3848 378 8572 8574
f 8574 8572 1973 8573
f 8570 8574 8573 1734
f 378 3852 8577 8572
f 3852 380 8575 8577
f 8577 8575 1974 8576
f 8572 8577 8576 1973
f 380 3856 8580 8575
f 3856 382 8578 8580
f 8580 8578 1975 8579
f 8575 8580 8579 1974
f 382 3860 8583 8578
f 3860 384 8581 8583
f 8583 8581 1976 8582
f 8578 8583 8582 1975
f 384 3864 8586 8581
f 3864 386 8584 8586
f 8586 8584 1977 8585
f 8581 8586 8585 1976
f 386 3868 8589 8584
f 3868 388 8587 8589
f 8589 8587 1978 8588
f 8584 8589 8588 1977
f 388 3872 8592 8587
f 3872 390 8590 8592
f 8592 8590 1979 8591
f 8587 8592 8591 1978
f 390 3876 8595 8590
f 3876 392 8593 8595
f 8595 8593 1980 8594
f 8590 8595 8594 1979
f 392 3880 8598 8593
f 3880 394 8596 8598
f 8598 8596 1981 8597
f 8593 8598 8597 1980
f 394 3884 8601 8596
f 3884 396 8599 8601
f 8601 8599 1982 8600
f 8596 8601 8600 1981
f 396 3888 8604 8599
f 3888 398 8602 8604
f 8604 8602 1983 8603
f 8599 8604 8603 1982
f 398 3892 8607 8602
f 3892 400 8605 8607
f 8607 8605 1984 8606
f 8602 8607 8606 1983
f 400 3896 8610 8605
f 3896 402 8608 8610
f 8610 8608 1985 8609
f 8605 8610 8609 1984
f 402 3900 8613 8608
f 3900 404 8611 8613
f 8613 8611 1986 8612
f 8608 8613 8612 1985
f 404 3904 8616 8611
f 3904 406 8614 8616
f 8616 8614 1987 8615
f 8611 8616 8615 1986
f 406 3908 8619 8614
f 3908 408 8617 8619
f 8619 8617 1988 8618
f 8614 8619 8618 1987
f 408 3912 8622 8617
f 3912 410 8620 8622
f 8622 8620 1989 8621
f 8617 8622 8621 1988
f 410 3915 8624 8620
f 3915 373 8565 8624
f 8624 8565 1972 8623
f 8620 8624 8623 1989
f 1989 8623 8628 8627
f 8623 1972 8625 8628
f 8628 8625 1991 8626
f 8627 8628 8626 1990
f 1989 8627 8631 8621
f 8627 1990 8629 8631
f 8631 8629 1992 8630
f 8621 8631 8630 1988
f 1992 8629 8635 8634
f 8629 1990 8632 8635
f 8635 8632 1994 8633
f 8634 8635 8633 1993
f 1992 8636 8638 8630
f 8636 1995 8637 8638
f 8638 8637 1987 8618
f 8630 8638 8618 1988
f 1992 8634 8641 8636
f 8634 1993 8639 8641
f 8641 8639 1996 8640
f 8636 8641 8640 1995
f 1996 8639 8645 8644
f 8639 1993 8642 8645
f 8645 8642 1998 8643
f 8644 8645 8643 1997
f 1996 8646 8649 8640
f 8646 2000 8647 8649
f 8649 8647 1999 8648
f 8640 8649 8648 1995
f 1996 8644 8652 8646
f 8644 1997 8650 8652
f 8652 8650 2001 8651
f 8646 8652 8651 2000
f 2001 8650 8656 8655
f 8650 1997 8653 8656
f 8656 8653 2003 8654
f 8655 8656 8654 2002
f 2001 8657 8660 8651
f 8657 2005 8658 8660
f 8660 8658 2004 8659
f 8651 8660 8659 2000
f 2001 8655 8663 8657
f 8655 2002 8661 8663
f 8663 8661 2006 8662
f 8657 8663 8662 2005
f 2006 8661 8667 8666
f 8661 2002 8664 8667
f 8667 8664 2008 8665
f 8666 8667 8665 2007
f 2006 8668 8671 8662
f 8668 2010 8669 8671
f 8671 8669 2009 8670
f 8662 8671 8670 2005
f 2006 8666 8674 8668
f 8666 2007 8672 8674
f 8674 8672 2011 8673
f 8668 8674 8673 2010
f 2011 8672 8678 8677
f 8672 2007 8675 8678
f 8678 8675 2013 8676
f 8677 8678 8676 2012
f 2011 8679 8682 8673
f 8679 2015 8680 8682
f 8682 8680 2014 8681
f 8673 8682 8681 2010
f 2011 8677 8685 8679
f 8677 2012 8683 8685
f 8685 8683 2016 8684
f 8679 8685 8684 2015
f 2016 8683 8689 8688
f 8683 2012 8686 8689
f 8689 8686 2018 8687
f 8688 8689 8687 2017
f 2016 8690 8693 8684
f 8690 2020 8691 8693
f 8693 8691 2019 8692
f 8684 8693 8692 2015
f 2016 8688 8696 8690
f 8688 2017 8694 8696
f 8696 8694 2021 8695
f 8690 8696 8695 2020
f 2021 8694 8700 8699
f 8694 2017 8697 8700
f 8700 8697 2023 8698
f 8699 8700 8698 2022
f 2021 8701 8704 8695
f 8701 2025 8702 8704
f 8704 8702 2024 8703
f 8695 8704 8703 2020
f 2021 8699 8707 8701
f 8699 2022 8705 8707
f 8707 8705 2026 8706
f 8701 8707 8706 2025
f 2026 8705 8711 8710
f 8705 2022 8708 8711
f 8711 8708 2028 8709
f 8710 8711 8709 2027
f 2026 8712 8715 8706
f 8712 2030 8713 8715
f 8715 8713 2029 8714
f 8706 8715 8714 2025
f 2026 8710 8718 8712
f 8710 2027 8716 8718
f 8718 8716 2031 8717
f 8712 8718 8717 2030
f 2031 8716 8722 8721
f 8716 2027 8719 8722
f 8722 8719 2033 8720
f 8721 8722 8720 2032
f 2031 8723 8726 8717
f 8723 2035 8724 8726
f 8726 8724 2034 8725
f 8717 8726 8725 2030
f 2031 8721 8729 8723
f 8721 2032 8727 8729
f 8729 8727 2036 8728
f 8723 8729 8728 2035
f 2036 8727 8733 8732
f 8727 2032 8730 8733
f 8733 8730 2038 8731
f 8732 8733 8731 2037
f 2036 8734 8737 8728
f 8734 2040 8735 8737
f 8737 8735 2039 8736
f 8728 8737 8736 2035
f 2036 8732 8740 8734
f 8732 2037 8738 8740
f 8740 8738 2041 8739
f 8734 8740 8739 2040
f 2041 8738 8744 8743
f 8738 2037 8741 8744
f 8744 8741 2043 8742
f 8743 8744 8742 2042
f 2041 8745 8748 8739
f 8745 2045 8746 8748
f 8748 8746 2044 8747
f 8739 8748 8747 2040
f 2041 8743 8751 8745
f 8743 2042 8749 8751
f 8751 8749 2046 8750
f 8745 8751 8750 2045
f 2046 8749 8755 8754
f 8749 2042 8752 8755
f 8755 8752 2048 8753
f 8754 8755 8753 2047
f 2046 8756 8758 8750
f 8756 1857 8272 8758
f 8758 8272 1852 8757
f 8750 8758 8757 2045
f 2046 8754 8761 8756
f 8754 2047 8759 8761
f 8761 8759 2049 8760
f 8756 8761 8760 1857
f 2049 8759 8765 8764
f 8759 2047 8762 8765
f 8765 8762 2051 8763
f 8764 8765 8763 2050
f 2049 8766 8768 8760
f 8766 2052 8767 8768
f 8768 8767 1856 8273
f 8760 8768 8273 1857
f 2049 8764 8771 8766
f 8764 2050 8769 8771
f 8771 8769 2053 8770
f 8766 8771 8770 2052
f 2053 8772 8775 8770
f 8772 2055 8773 8775
f 8775 8773 2054 8774
f 8770 8775 8774 2052
f 2053 8776 8779 8772
f 8776 2057 8777 8779
f 8779 8777 2056 8778
f 8772 8779 8778 2055
f 2053 8769 8782 8776
f 8769 2050 8780 8782
f 8782 8780 2058 8781
f 8776 8782 8781 2057
f 2058 8780 8785 8784
f 8780 2050 8763 8785
f 8785 8763 2051 8783
f 8784 8785 8783 2059
f 2058 8786 8788 8781
f 8786 1727 7964 8788
f 8788 7964 1728 8787
f 8781 8788 8787 2057
f 2058 8784 8790 8786
f 8784 2059 8789 8790
f 8790 8789 1729 7967
f 8786 8790 7967 1727
f 2059 8791 8794 8789
f 8791 2061 8792 8794
f 8794 8792 2060 8793
f 8789 8794 8793 1729
f 2059 8783 8797 8791
f 8783 2051 8795 8797
f 8797 8795 2062 8796
f 8791 8797 8796 2061
f 2062 8798 8801 8796
f 8798 2064 8799 8801
f 8801 8799 2063 8800
f 8796 8801 8800 2061
f 2062 8802 8805 8798
f 8802 2048 8803 8805
f 8805 8803 2065 8804
f 8798 8805 8804 2064
f 2062 8795 8806 8802
f 8795 2051 8762 8806
f 8806 8762 2047 8753
f 8802 8806 8753 2048
f 2065 8807 8810 8804
f 8807 2067 8808 8810
f 8810 8808 2066 8809
f 8804 8810 8809 2064
f 2065 8811 8814 8807
f 8811 2043 8812 8814
f 8814 8812 2068 8813
f 8807 8814 8813 2067
f 2065 8803 8815 8811
f 8803 2048 8752 8815
f 8815 8752 2042 8742
f 8811 8815 8742 2043
f 2068 8816 8819 8813
f 8816 2070 8817 8819
f 8819 8817 2069 8818
f 8813 8819 8818 2067
f 2068 8820 8823 8816
f 8820 2038 8821 8823
f 8823 8821 2071 8822
f 8816 8823 8822 2070
f 2068 8812 8824 8820
f 8812 2043 8741 8824
f 8824 8741 2037 8731
f 8820 8824 8731 2038
f 2071 8825 8828 8822
f 8825 2073 8826 8828
f 8828 8826 2072 8827
f 8822 8828 8827 2070
f 2071 8829 8832 8825
f 8829 2033 8830 8832
f 8832 8830 2074 8831
f 8825 8832 8831 2073
f 2071 8821 8833 8829
f 8821 2038 8730 8833
f 8833 8730 2032 8720
f 8829 8833 8720 2033
f 2074 8834 8837 8831
f 8834 2076 8835 8837
f 8837 8835 2075 8836
f 8831 8837 8836 2073
f 2074 8838 8841 8834
f 8838 2028 8839 8841
f 8841 8839 2077 8840
f 8834 8841 8840 2076
f 2074 8830 8842 8838
f 8830 2033 8719 8842
f 8842 8719 2027 8709
f 8838 8842 8709 2028
f 2077 8843 8846 8840
f 8843 2079 8844 8846
f 8846 8844 2078 8845
f 8840 8846 8845 2076
f 2077 8847 8850 8843
f 8847 2023 8848 8850
f 8850 8848 2080 8849
f 8843 8850 8849 2079
f 2077 8839 8851 8847
f 8839 2028 8708 8851
f 8851 8708 2022 8698
f 8847 8851 8698 2023
f 2080 8852 8855 8849
f 8852 2082 8853 8855
f 8855 8853 2081 8854
f 8849 8855 8854 2079
f 2080 8856 8859 8852
f 8856 2018 8857 8859
f 8859 8857 2083 8858
f 8852 8859 8858 2082
f 2080 8848 8860 8856
f 8848 2023 8697 8860
f 8860 8697 2017 8687
f 8856 8860 8687 2018
f 2083 8861 8864 8858
f 8861 2085 8862 8864
f 8864 8862 2084 8863
f 8858 8864 8863 2082
f 2083 8865 8868 8861
f 8865 2013 8866 8868
f 8868 8866 2086 8867
f 8861 8868 8867 2085
f 2083 8857 8869 8865
f 8857 2018 8686 8869
f 8869 8686 2012 8676
f 8865 8869 8676 2013
f 2086 8870 8873 8867
f 8870 2088 8871 8873
f 8873 8871 2087 8872
f 8867 8873 8872 2085
f 2086 8874 8877 8870
f 8874 2008 8875 8877
f 8877 8875 2089 8876
f 8870 8877 8876 2088
f 2086 8866 8878 8874
f 8866 2013 8675 8878
f 8878 8675 2007 8665
f 8874 8878 8665 2008
f 2089 8879 8882 8876
f 8879 2091 8880 8882
f 8882 8880 2090 8881
f 8876 8882 8881 2088
f 2089 8883 8886 8879
f 8883 2003 8884 8886
f 8886 8884 2092 8885
f 8879 8886 8885 2091
f 2089 8875 8887 8883
f 8875 2008 8664 8887
f 8887 8664 2002 8654
f 8883 8887 8654 2003
f 2092 8888 8891 8885
f 8888 2094 8889 8891
f 8891 8889 2093 8890
f 8885 8891 8890 2091
f 2092 8892 8895 8888
f 8892 1998 8893 8895
f 8895 8893 2095 8894
f 8888 8895 8894 2094
f 2092 8884 8896 8892
f 8884 2003 8653 8896
f 8896 8653 1997 8643
f 8892 8896 8643 1998
f 2095 8897 8899 8894
f 8897 1847 8252 8899
f 8899 8252 1848 8898
f 8894 8899 8898 2094
f 2095 8900 8903 8897
f 8900 1994 8901 8903
f 8903 8901 2096 8902
f 8897 8903 8902 1847
f 2095 8893 8904 8900
f 8893 1998 8642 8904
f 8904 8642 1993 8633
f 8900 8904 8633 1994
f 2096 8905 8907 8902
f 8905 2097 8906 8907
f 8907 8906 1846 8253
f 8902 8907 8253 1847
f 2096 8908 8911 8905
f 8908 1991 8909 8911
f 8911 8909 2098 8910
f 8905 8911 8910 2097
f 2096 8901 8912 8908
f 8901 1994 8632 8912
f 8912 8632 1990 8626
f 8908 8912 8626 1991
f 2098 8913 8916 8915
f 8913 1970 8561 8916
f 8916 8561 1971 8914
f 8915 8916 8914 2099
f 2098 8909 8917 8913
f 8909 1991 8625 8917
f 8917 8625 1972 8564
f 8913 8917 8564 1970
f 2098 8915 8920 8910
f 8915 2099 8918 8920
f 8920 8918 2100 8919
f 8910 8920 8919 2097
f 2100 8918 8924 8923
f 8918 2099 8921 8924
f 8924 8921 2102 8922
f 8923 8924 8922 2101
f 2100 8925 8926 8919
f 8925 1851 8260 8926
f 8926 8260 1846 8906
f 8919 8926 8906 2097
f 2100 8923 8929 8925
f 8923 2101 8927 8929
f 8929 8927 2103 8928
f 8925 8929 8928 1851
f 2103 8927 8933 8932
f 8927 2101 8930 8933
f 8933 8930 2105 8931
f 8932 8933 8931 2104
f 2103 8934 8936 8928
f 8934 2106 8935 8936
f 8936 8935 1850 8261
f 8928 8936 8261 1851
f 2103 8932 8939 8934
f 8932 2104 8937 8939
f 8939 8937 2107 8938
f 8934 8939 8938 2106
f 2107 8937 8943 8942
f 8937 2104 8940 8943
f 8943 8940 2109 8941
f 8942 8943 8941 2108
f 2107 8944 8947 8938
f 8944 2111 8945 8947
f 8947 8945 2110 8946
f 8938 8947 8946 2106
f 2107 8942 8950 8944
f 8942 2108 8948 8950
f 8950 8948 2112 8949
f 8944 8950 8949 2111
f 2112 8948 8954 8953
f 8948 2108 8951 8954
f 8954 8951 2114 8952
f 8953 8954 8952 2113
f 2112 8955 8958 8949
f 8955 2116 8956 8958
f 8958 8956 2115 8957
f 8949 8958 8957 2111
f 2112 8953 8961 8955
f 8953 2113 8959 8961
f 8961 8959 2117 8960
f 8955 8961 8960 2116
f 2117 8959 8965 8964
f 8959 2113 8962 8965
f 8965 8962 2119 8963
f 8964 8965 8963 2118
f 2117 8966 8969 8960
f 8966 2121 8967 8969
f 8969 8967 2120 8968
f 8960 8969 8968 2116
f 2117 8964 8972 8966
f 8964 2118 8970 8972
f 8972 8970 2122 8971
f 8966 8972 8971 2121
f 2122 8970 8976 8975
f 8970 2118 8973 8976
f 8976 8973 2124 8974
f 8975 8976 8974 2123
f 2122 8977 8980 8971
f 8977 2126 8978 8980
f 8980 8978 2125 8979
f 8971 8980 8979 2121
f 2122 8975 8983 8977
f 8975 2123 8981 8983
f 8983 8981 2127 8982
f 8977 8983 8982 2126
f 2127 8981 8987 8986
f 8981 2123 8984 8987
f 8987 8984 2129 8985
f 8986 8987 8985 2128
f 2127 8988 8991 8982
f 8988 2131 8989 8991
f 8991 8989 2130 8990
f 8982 8991 8990 2126
f 2127 8986 8994 8988
f 8986 2128 8992 8994
f 8994 8992 2132 8993
f 8988 8994 8993 2131
f 2132 8992 8998 8997
f 8992 2128 8995 8998
f 8998 8995 2134 8996
f 8997 8998 8996 2133
f 2132 8999 9002 8993
f 8999 2136 9000 9002
f 9002 9000 2135 9001
f 8993 9002 9001 2131
f 2132 8997 9005 8999
f 8997 2133 9003 9005
f 9005 9003 2137 9004
f 8999 9005 9004 2136
f 2137 9003 9009 9008
f 9003 2133 9006 9009
f 9009 9006 2139 9007
f 9008 9009 9007 2138
f 2137 9010 9013 9004
f 9010 2141 9011 9013
f 9013 9011 2140 9012
f 9004 9013 9012 2136
f 2137 9008 9016 9010
f 9008 2138 9014 9016
f 9016 9014 2142 9015
f 9010 9016 9015 2141
f 2142 9014 9020 9019
f 9014 2138 9017 9020
f 9020 9017 2144 9018
f 9019 9020 9018 2143
f 2142 9021 9024 9015
f 9021 2146 9022 9024
f 9024 9022 2145 9023
f 9015 9024 9023 2141
f 2142 9019 9027 9021
f 9019 2143 9025 9027
f 9027 9025 2147 9026
f 9021 9027 9026 2146
f 2147 9025 9031 9030
f 9025 2143 9028 9031
f 9031 9028 2149 9029
f 9030 9031 9029 2148
f 2147 9032 9035 9026
f 9032 2151 9033 9035
f 9035 9033 2150 9034
f 9026 9035 9034 2146
f 2147 9030 9038 9032
f 9030 2148 9036 9038
f 9038 9036 2152 9037
f 9032 9038 9037 2151
f 2152 9036 9042 9041
f 9036 2148 9039 9042
f 9042 9039 2154 9040
f 9041 9042 9040 2153
f 2152 9043 9046 9037
f 9043 2156 9044 9046
f 9046 9044 2155 9045
f 9037 9046 9045 2151
f 2152 9041 9049 9043
f 9041 2153 9047 9049
f 9049 9047 2157 9048
f 9043 9049 9048 2156
f 2157 9047 9053 9052
f 9047 2153 9050 9053
f 9053 9050 2159 9051
f 9052 9053 9051 2158
f 2157 9054 9057 9048
f 9054 2161 9055 9057
f 9057 9055 2160 9056
f 9048 9057 9056 2156
f 2157 9052 9060 9054
f 9052 2158 9058 9060
f 9060 9058 2162 9059
f 9054 9060 9059 2161
f 2162 9058 9064 9063
f 9058 2158 9061 9064
f 9064 9061 2164 9062
f 9063 9064 9062 2163
f 2162 9065 9068 9059
f 9065 2166 9066 9068
f 9068 9066 2165 9067
f 9059 9068 9067 2161
f 2162 9063 9071 9065
f 9063 2163 9069 9071
f 9071 9069 2167 9070
f 9065 9071 9070 2166
f 2167 9072 9075 9070
f 9072 2169 9073 9075
f 9075 9073 2168 9074
f 9070 9075 9074 2166
f 2167 9076 9079 9072
f 9076 2171 9077 9079
f 9079 9077 2170 9078
f 9072 9079 9078 2169
f 2167 9069 9082 9076
f 9069 2163 9080 9082
f 9082 9080 2172 9081
f 9076 9082 9081 2171
f 2172 9083 9086 9081
f 9083 2174 9084 9086
f 9086 9084 2173 9085
f 9081 9086 9085 2171
f 2172 9087 9090 9083
f 9087 2176 9088 9090
f 9090 9088 2175 9089
f 9083 9090 9089 2174
f 2172 9080 9092 9087
f 9080 2163 9062 9092
f 9092 9062 2164 9091
f 9087 9092 9091 2176
f 2176 9093 9096 9088
f 9093 2178 9094 9096
f 9096 9094 2177 9095
f 9088 9096 9095 2175
f 2176 9091 9099 9093
f 9091 2164 9097 9099
f 9099 9097 2179 9098
f 9093 9099 9098 2178
f 2179 9097 9101 9100
f 9097 2164 9061 9101
f 9101 9061 2158 9051
f 9100 9101 9051 2159
f 2179 9102 9105 9098
f 9102 2181 9103 9105
f 9105 9103 2180 9104
f 9098 9105 9104 2178
f 2179 9100 9108 9102
f 9100 2159 9106 9108
f 9108 9106 2182 9107
f 9102 9108 9107 2181
f 2182 9109 9111 9107
f 9109 1845 8248 9111
f 9111 8248 1839 9110
f 9107 9111 9110 2181
f 2182 9112 9115 9109
f 9112 2154 9113 9115
f 9115 9113 2183 9114
f 9109 9115 9114 1845
f 2182 9106 9116 9112
f 9106 2159 9050 9116
f 9116 9050 2153 9040
f 9112 9116 9040 2154
f 2183 9117 9119 9114
f 9117 2184 9118 9119
f 9119 9118 1838 8249
f 9114 9119 8249 1845
f 2183 9120 9123 9117
f 9120 2149 9121 9123
f 9123 9121 2185 9122
f 9117 9123 9122 2184
f 2183 9113 9124 9120
f 9113 2154 9039 9124
f 9124 9039 2148 9029
f 9120 9124 9029 2149
f 2185 9125 9128 9122
f 9125 2187 9126 9128
f 9128 9126 2186 9127
f 9122 9128 9127 2184
f 2185 9129 9132 9125
f 9129 2144 9130 9132
f 9132 9130 2188 9131
f 9125 9132 9131 2187
f 2185 9121 9133 9129
f 9121 2149 9028 9133
f 9133 9028 2143 9018
f 9129 9133 9018 2144
f 2188 9134 9137 9131
f 9134 2190 9135 9137
f 9137 9135 2189 9136
f 9131 9137 9136 2187
f 2188 9138 9141 9134
f 9138 2139 9139 9141
f 9141 9139 2191 9140
f 9134 9141 9140 2190
f 2188 9130 9142 9138
f 9130 2144 9017 9142
f 9142 9017 2138 9007
f 9138 9142 9007 2139
f 2191 9143 9146 9140
f 9143 2193 9144 9146
f 9146 9144 2192 9145
f 9140 9146 9145 2190
f 2191 9147 9150 9143
f 9147 2134 9148 9150
f 9150 9148 2194 9149
f 9143 9150 9149 2193
f 2191 9139 9151 9147
f 9139 2139 9006 9151
f 9151 9006 2133 8996
f 9147 9151 8996 2134
f 2194 9152 9155 9149
f 9152 2196 9153 9155
f 9155 9153 2195 9154
f 9149 9155 9154 2193
f 2194 9156 9159 9152
f 9156 2129 9157 9159
f 9159 9157 2197 9158
f 9152 9159 9158 2196
f 2194 9148 9160 9156
f 9148 2134 8995 9160
f 9160 8995 2128 8985
f 9156 9160 8985 2129
f 2197 9161 9164 9158
f 9161 2199 9162 9164
f 9164 9162 2198 9163
f 9158 9164 9163 2196
f 2197 9165 9168 9161
f 9165 2124 9166 9168
f 9168 9166 2200 9167
f 9161 9168 9167 2199
f 2197 9157 9169 9165
f 9157 2129 8984 9169
f 9169 8984 2123 8974
f 9165 9169 8974 2124
f 2200 9170 9173 9167
f 9170 2202 9171 9173
f 9173 9171 2201 9172
f 9167 9173 9172 2199
f 2200 9174 9177 9170
f 9174 2119 9175 9177
f 9177 9175 2203 9176
f 9170 9177 9176 2202
f 2200 9166 9178 9174
f 9166 2124 8973 9178
f 9178 8973 2118 8963
f 9174 9178 8963 2119
f 2203 9179 9182 9176
f 9179 2205 9180 9182
f 9182 9180 2204 9181
f 9176 9182 9181 2202
f 2203 9183 9186 9179
f 9183 2114 9184 9186
f 9186 9184 2206 9185
f 9179 9186 9185 2205
f 2203 9175 9187 9183
f 9175 2119 8962 9187
f 9187 8962 2113 8952
f 9183 9187 8952 2114
f 2206 9188 9191 9185
f 9188 2208 9189 9191
f 9191 9189 2207 9190
f 9185 9191 9190 2205
f 2206 9192 9195 9188
f 9192 2109 9193 9195
f 9195 9193 2209 9194
f 9188 9195 9194 2208
f 2206 9184 9196 9192
f 9184 2114 8951 9196
f 9196 8951 2108 8941
f 9192 9196 8941 2109
f 2209 9197 9200 9194
f 9197 2211 9198 9200
f 9200 9198 2210 9199
f 9194 9200 9199 2208
f 2209 9201 9204 9197
f 9201 2105 9202 9204
f 9204 9202 2212 9203
f 9197 9204 9203 2211
f 2209 9193 9205 9201
f 9193 2109 8940 9205
f 9205 8940 2104 8931
f 9201 9205 8931 2105
f 2212 9206 9209 9203
f 9206 2214 9207 9209
f 9209 9207 2213 9208
f 9203 9209 9208 2211
f 2212 9210 9213 9206
f 9210 2102 9211 9213
f 9213 9211 2215 9212
f 9206 9213 9212 2214
f 2212 9202 9214 9210
f 9202 2105 8930 9214
f 9214 8930 2101 8922
f 9210 9214 8922 2102
f 2215 9215 9217 9212
f 9215 638 4508 9217
f 9217 4508 637 9216
f 9212 9217 9216 2214
f 2215 9218 9219 9215
f 9218 1971 8560 9219
f 9219 8560 372 4511
f 9215 9219 4511 638
f 2215 9211 9220 9218
f 9211 2102 8921 9220
f 9220 8921 2099 8914
f 9218 9220 8914 1971
f 637 4516 9222 9216
f 4516 639 9221 9222
f 9222 9221 2213 9207
f 9216 9222 9207 2214
f 639 4520 9225 9221
f 4520 641 9223 9225
f 9225 9223 2216 9224
f 9221 9225 9224 2213
f 641 4524 9228 9223
f 4524 643 9226 9228
f 9228 9226 2217 9227
f 9223 9228 9227 2216
f 643 4528 9231 9226
f 4528 645 9229 9231
f 9231 9229 2218 9230
f 9226 9231 9230 2217
f 645 4532 9234 9229
f 4532 647 9232 9234
f 9234 9232 2219 9233
f 9229 9234 9233 2218
f 647 4536 9237 9232
f 4536 649 9235 9237
f 9237 9235 2220 9236
f 9232 9237 9236 2219
f 649 4540 9240 9235
f 4540 651 9238 9240
f 9240 9238 2221 9239
f 9235 9240 9239 2220
f 651 4544 9243 9238
f 4544 653 9241 9243
f 9243 9241 2222 9242
f 9238 9243 9242 2221
f 653 4548 9246 9241
f 4548 655 9244 9246
f 9246 9244 2223 9245
f 9241 9246 9245 2222
f 655 4552 9249 9244
f 4552 657 9247 9249
f 9249 9247 2224 9248
f 9244 9249 9248 2223
f 657 4555 9251 9247
f 4555 360 8546 9251
f 9251 8546 1964 9250
f 9247 9251 9250 2224
f 2224 9252 9255 9248
f 9252 2226 9253 9255
f 9255 9253 2225 9254
f 9248 9255 9254 2223
f 2224 9250 9258 9252
f 9250 1964 9256 9258
f 9258 9256 2227 9257
f 9252 9258 9257 2226
f 2227 9256 9261 9260
f 9256 1964 8545 9261
f 9261 8545 1965 9259
f 9260 9261 9259 2228
f 2227 9262 9265 9257
f 9262 2230 9263 9265
f 9265 9263 2229 9264
f 9257 9265 9264 2226
f 2227 9260 9268 9262
f 9260 2228 9266 9268
f 9268 9266 2231 9267
f 9262 9268 9267 2230
f 2231 9269 9272 9267
f 9269 2233 9270 9272
f 9272 9270 2232 9271
f 9267 9272 9271 2230
f 2231 9273 9276 9269
f 9273 2235 9274 9276
f 9276 9274 2234 9275
f 9269 9276 9275 2233
f 2231 9266 9279 9273
f 9266 2228 9277 9279
f 9279 9277 2236 9278
f 9273 9279 9278 2235
f 2236 9280 9283 9278
f 9280 2238 9281 9283
f 9283 9281 2237 9282
f 9278 9283 9282 2235
f 2236 9284 9287 9280
f 9284 1966 9285 9287
f 9287 9285 2239 9286
f 9280 9287 9286 2238
f 2236 9277 9288 9284
f 9277 2228 9259 9288
f 9288 9259 1965 8549
f 9284 9288 8549 1966
f 2239 9289 9292 9286
f 9289 2241 9290 9292
f 9292 9290 2240 9291
f 9286 9292 9291 2238
f 2239 9293 9295 9289
f 9293 676 4599 9295
f 9295 4599 675 9294
f 9289 9295 9294 2241
f 2239 9285 9296 9293
f 9285 1966 8548 9296
f 9296 8548 364 4602
f 9293 9296 4602 676
f 675 4606 9299 9294
f 4606 678 9297 9299
f 9299 9297 2242 9298
f 9294 9299 9298 2241
f 678 4610 9302 9297
f 4610 680 9300 9302
f 9302 9300 2243 9301
f 9297 9302 9301 2242
f 680 4614 9305 9300
f 4614 682 9303 9305
f 9305 9303 2244 9304
f 9300 9305 9304 2243
f 682 4618 9308 9303
f 4618 684 9306 9308
f 9308 9306 2245 9307
f 9303 9308 9307 2244
f 684 4622 9311 9306
f 4622 686 9309 9311
f 9311 9309 2246 9310
f 9306 9311 9310 2245
f 686 4626 9314 9309
f 4626 688 9312 9314
f 9314 9312 2247 9313
f 9309 9314 9313 2246
f 688 4630 9317 9312
f 4630 690 9315 9317
f 9317 9315 2248 9316
f 9312 9317 9316 2247
f 690 4634 9320 9315
f 4634 692 9318 9320
f 9320 9318 2249 9319
f 9315 9320 9319 2248
f 692 4638 9323 9318
f 4638 694 9321 9323
f 9323 9321 2250 9322
f 9318 9323 9322 2249
f 694 4642 9326 9321
f 4642 696 9324 9326
f 9326 9324 2251 9325
f 9321 9326 9325 2250
f 696 4646 9329 9324
f 4646 698 9327 9329
f 9329 9327 2252 9328
f 9324 9329 9328 2251
f 698 4650 9332 9327
f 4650 700 9330 9332
f 9332 9330 2253 9331
f 9327 9332 9331 2252
f 700 4654 9335 9330
f 4654 702 9333 9335
f 9335 9333 2254 9334
f 9330 9335 9334 2253
f 702 4658 9338 9333
f 4658 704 9336 9338
f 9338 9336 2255 9337
f 9333 9338 9337 2254
f 704 4662 9341 9336
f 4662 706 9339 9341
f 9341 9339 2256 9340
f 9336 9341 9340 2255
f 706 4666 9344 9339
f 4666 708 9342 9344
f 9344 9342 2257 9343
f 9339 9344 9343 2256
f 708 4670 9347 9342
f 4670 710 9345 9347
f 9347 9345 2258 9346
f 9342 9347 9346 2257
f 710 4674 9350 9345
f 4674 712 9348 9350
f 9350 9348 2259 9349
f 9345 9350 9349 2258
f 712 4678 9353 9348
f 4678 714 9351 9353
f 9353 9351 2260 9352
f 9348 9353 9352 2259
f 714 4682 9356 9351
f 4682 716 9354 9356
f 9356 9354 2261 9355
f 9351 9356 9355 2260
f 716 4686 9359 9354
f 4686 718 9357 9359
f 9359 9357 2262 9358
f 9354 9359 9358 2261
f 718 4689 9361 9357
f 4689 354 8551 9361
f 9361 8551 1904 9360
f 9357 9361 9360 2262
f 2262 9362 9365 9358
f 9362 2264 9363 9365
f 9365 9363 2263 9364
f 9358 9365 9364 2261
f 2262 9360 9367 9362
f 9360 1904 8393 9367
f 9367 8393 1905 9366
f 9362 9367 9366 2264
f 2264 9368 9371 9363
f 9368 2266 9369 9371
f 9371 9369 2265 9370
f 9363 9371 9370 2263
f 2264 9366 9374 9368
f 9366 1905 9372 9374
f 9374 9372 2267 9373
f 9368 9374 9373 2266
f 2267 9375 9377 9373
f 9375 1811 8372 9377
f 9377 8372 1896 9376
f 9373 9377 9376 2266
f 2267 9378 9379 9375
f 9378 1809 8148 9379
f 9379 8148 1646 8154
f 9375 9379 8154 1811
f 2267 9372 9381 9378
f 9372 1905 8392 9381
f 9381 8392 1670 9380
f 9378 9381 9380 1809
f 2266 9376 9383 9369
f 9376 1896 8369 9383
f 9383 8369 1897 9382
f 9369 9383 9382 2265
f 2265 9382 9387 9386
f 9382 1897 9384 9387
f 9387 9384 2269 9385
f 9386 9387 9385 2268
f 2265 9386 9390 9370
f 9386 2268 9388 9390
f 9390 9388 2270 9389
f 9370 9390 9389 2263
f 2270 9388 9394 9393
f 9388 2268 9391 9394
f 9394 9391 2272 9392
f 9393 9394 9392 2271
f 2270 9395 9396 9389
f 9395 2260 9355 9396
f 9396 9355 2261 9364
f 9389 9396 9364 2263
f 2270 9393 9398 9395
f 9393 2271 9397 9398
f 9398 9397 2259 9352
f 9395 9398 9352 2260
f 2272 9399 9403 9402
f 9399 2275 9400 9403
f 9403 9400 2274 9401
f 9402 9403 9401 2273
f 2272 9391 9405 9399
f 9391 2268 9385 9405
f 9405 9385 2269 9404
f 9399 9405 9404 2275
f 2272 9402 9408 9392
f 9402 2273 9406 9408
f 9408 9406 2276 9407
f 9392 9408 9407 2271
f 2276 9406 9412 9411
f 9406 2273 9409 9412
f 9412 9409 2278 9410
f 9411 9412 9410 2277
f 2276 9413 9414 9407
f 9413 2258 9349 9414
f 9414 9349 2259 9397
f 9407 9414 9397 2271
f 2276 9411 9416 9413
f 9411 2277 9415 9416
f 9416 9415 2257 9346
f 9413 9416 9346 2258
f 2278 9417 9421 9420
f 9417 2281 9418 9421
f 9421 9418 2280 9419
f 9420 9421 9419 2279
f 2278 9409 9423 9417
f 9409 2273 9401 9423
f 9423 9401 2274 9422
f 9417 9423 9422 2281
f 2278 9420 9426 9410
f 9420 2279 9424 9426
f 9426 9424 2282 9425
f 9410 9426 9425 2277
f 2282 9424 9430 9429
f 9424 2279 9427 9430
f 9430 9427 2284 9428
f 9429 9430 9428 2283
f 2282 9431 9432 9425
f 9431 2256 9343 9432
f 9432 9343 2257 9415
f 9425 9432 9415 2277
f 2282 9429 9434 9431
f 9429 2283 9433 9434
f 9434 9433 2255 9340
f 9431 9434 9340 2256
f 2284 9435 9439 9438
f 9435 2287 9436 9439
f 9439 9436 2286 9437
f 9438 9439 9437 2285
f 2284 9427 9441 9435
f 9427 2279 9419 9441
f 9441 9419 2280 9440
f 9435 9441 9440 2287
f 2284 9438 9444 9428
f 9438 2285 9442 9444
f 9444 9442 2288 9443
f 9428 9444 9443 2283
f 2288 9442 9448 9447
f 9442 2285 9445 9448
f 9448 9445 2290 9446
f 9447 9448 9446 2289
f 2288 9449 9450 9443
f 9449 2254 9337 9450
f 9450 9337 2255 9433
f 9443 9450 9433 2283
f 2288 9447 9452 9449
f 9447 2289 9451 9452
f 9452 9451 2253 9334
f 9449 9452 9334 2254
f 2290 9453 9457 9456
f 9453 2293 9454 9457
f 9457 9454 2292 9455
f 9456 9457 9455 2291
f 2290 9445 9459 9453
f 9445 2285 9437 9459
f 9459 9437 2286 9458
f 9453 9459 9458 2293
f 2290 9456 9462 9446
f 9456 2291 9460 9462
f 9462 9460 2294 9461
f 9446 9462 9461 2289
f 2294 9460 9466 9465
f 9460 2291 9463 9466
f 9466 9463 2296 9464
f 9465 9466 9464 2295
f 2294 9467 9468 9461
f 9467 2252 9331 9468
f 9468 9331 2253 9451
f 9461 9468 9451 2289
f 2294 9465 9470 9467
f 9465 2295 9469 9470
f 9470 9469 2251 9328
f 9467 9470 9328 2252
f 2296 9471 9475 9474
f 9471 2299 9472 9475
f 9475 9472 2298 9473
f 9474 9475 9473 2297
f 2296 9463 9477 9471
f 9463 2291 9455 9477
f 9477 9455 2292 9476
f 9471 9477 9476 2299
f 2296 9474 9480 9464
f 9474 2297 9478 9480
f 9480 9478 2300 9479
f 9464 9480 9479 2295
f 2300 9478 9484 9483
f 9478 2297 9481 9484
f 9484 9481 2302 9482
f 9483 9484 9482 2301
f 2300 9485 9486 9479
f 9485 2250 9325 9486
f 9486 9325 2251 9469
f 9479 9486 9469 2295
f 2300 9483 9488 9485
f 9483 2301 9487 9488
f 9488 9487 2249 9322
f 9485 9488 9322 2250
f 2302 9489 9493 9492
f 9489 2305 9490 9493
f 9493 9490 2304 9491
f 9492 9493 9491 2303
f 2302 9481 9495 9489
f 9481 2297 9473 9495
f 9495 9473 2298 9494
f 9489 9495 9494 2305
f 2302 9492 9498 9482
f 9492 2303 9496 9498
f 9498 9496 2306 9497
f 9482 9498 9497 2301
f 2306 9496 9502 9501
f 9496 2303 9499 9502
f 9502 9499 2308 9500
f 9501 9502 9500 2307
f 2306 9503 9504 9497
f 9503 2248 9319 9504
f 9504 9319 2249 9487
f 9497 9504 9487 2301
f 2306 9501 9506 9503
f 9501 2307 9505 9506
f 9506 9505 2247 9316
f 9503 9506 9316 2248
f 2308 9507 9511 9510
f 9507 2311 9508 9511
f 9511 9508 2310 9509
f 9510 9511 9509 2309
f 2308 9499 9513 9507
f 9499 2303 9491 9513
f 9513 9491 2304 9512
f 9507 9513 9512 2311
f 2308 9510 9516 9500
f 9510 2309 9514 9516
f 9516 9514 2312 9515
f 9500 9516 9515 2307
f 2312 9514 9520 9519
f 9514 2309 9517 9520
f 9520 9517 2314 9518
f 9519 9520 9518 2313
f 2312 9521 9522 9515
f 9521 2246 9313 9522
f 9522 9313 2247 9505
f 9515 9522 9505 2307
f 2312 9519 9524 9521
f 9519 2313 9523 9524
f 9524 9523 2245 9310
f 9521 9524 9310 2246
f 2314 9525 9529 9528
f 9525 2317 9526 9529
f 9529 9526 2316 9527
f 9528 9529 9527 2315
f 2314 9517 9531 9525
f 9517 2309 9509 9531
f 9531 9509 2310 9530
f 9525 9531 9530 2317
f 2314 9528 9534 9518
f 9528 2315 9532 9534
f 9534 9532 2318 9533
f 9518 9534 9533 2313
f 2318 9532 9538 9537
f 9532 2315 9535 9538
f 9538 9535 2320 9536
f 9537 9538 9536 2319
f 2318 9539 9540 9533
f 9539 2244 9307 9540
f 9540 9307 2245 9523
f 9533 9540 9523 2313
f 2318 9537 9542 9539
f 9537 2319 9541 9542
f 9542 9541 2243 9304
f 9539 9542 9304 2244
f 2320 9543 9547 9546
f 9543 2323 9544 9547
f 9547 9544 2322 9545
f 9546 9547 9545 2321
f 2320 9535 9549 9543
f 9535 2315 9527 9549
f 9549 9527 2316 9548
f 9543 9549 9548 2323
f 2320 9546 9552 9536
f 9546 2321 9550 9552
f 9552 9550 2324 9551
f 9536 9552 9551 2319
f 2324 9550 9556 9555
f 9550 2321 9553 9556
f 9556 9553 2325 9554
f 9555 9556 9554 2240
f 2324 9557 9558 9551
f 9557 2242 9301 9558
f 9558 9301 2243 9541
f 9551 9558 9541 2319
f 2324 9555 9559 9557
f 9555 2240 9290 9559
f 9559 9290 2241 9298
f 9557 9559 9298 2242
f 2325 9560 9564 9563
f 9560 2327 9561 9564
f 9564 9561 2326 9562
f 9563 9564 9562 2237
f 2325 9553 9566 9560
f 9553 2321 9545 9566
f 9566 9545 2322 9565
f 9560 9566 9565 2327
f 2325 9563 9567 9554
f 9563 2237 9281 9567
f 9567 9281 2238 9291
f 9554 9567 9291 2240
f 2327 9568 9571 9561
f 9568 2329 9569 9571
f 9571 9569 2328 9570
f 9561 9571 9570 2326
f 2327 9565 9574 9568
f 9565 2322 9572 9574
f 9574 9572 1843 9573
f 9568 9574 9573 2329
f 2329 9575 9578 9569
f 9575 2331 9576 9578
f 9578 9576 2330 9577
f 9569 9578 9577 2328
f 2329 9573 9580 9575
f 9573 1843 8241 9580
f 9580 8241 1836 9579
f 9575 9580 9579 2331
f 2331 9581 9584 9576
f 9581 2333 9582 9584
f 9584 9582 2332 9583
f 9576 9584 9583 2330
f 2331 9579 9586 9581
f 9579 1836 8233 9586
f 9586 8233 1837 9585
f 9581 9586 9585 2333
f 2333 9587 9590 9582
f 9587 2335 9588 9590
f 9590 9588 2334 9589
f 9582 9590 9589 2332
f 2333 9585 9593 9587
f 9585 1837 9591 9593
f 9593 9591 2186 9592
f 9587 9593 9592 2335
f 2335 9594 9597 9588
f 9594 2189 9595 9597
f 9597 9595 2336 9596
f 9588 9597 9596 2334
f 2335 9592 9598 9594
f 9592 2186 9126 9598
f 9598 9126 2187 9136
f 9594 9598 9136 2189
f 2336 9599 9602 9596
f 9599 2338 9600 9602
f 9602 9600 2337 9601
f 9596 9602 9601 2334
f 2336 9603 9606 9599
f 9603 2192 9604 9606
f 9606 9604 2339 9605
f 9599 9606 9605 2338
f 2336 9595 9607 9603
f 9595 2189 9135 9607
f 9607 9135 2190 9145
f 9603 9607 9145 2192
f 2339 9608 9611 9605
f 9608 2341 9609 9611
f 9611 9609 2340 9610
f 9605 9611 9610 2338
f 2339 9612 9615 9608
f 9612 2195 9613 9615
f 9615 9613 2342 9614
f 9608 9615 9614 2341
f 2339 9604 9616 9612
f 9604 2192 9144 9616
f 9616 9144 2193 9154
f 9612 9616 9154 2195
f 2342 9617 9620 9614
f 9617 2344 9618 9620
f 9620 9618 2343 9619
f 9614 9620 9619 2341
f 2342 9621 9624 9617
f 9621 2198 9622 9624
f 9624 9622 2345 9623
f 9617 9624 9623 2344
f 2342 9613 9625 9621
f 9613 2195 9153 9625
f 9625 9153 2196 9163
f 9621 9625 9163 2198
f 2345 9626 9629 9623
f 9626 2347 9627 9629
f 9629 9627 2346 9628
f 9623 9629 9628 2344
f 2345 9630 9633 9626
f 9630 2201 9631 9633
f 9633 9631 2348 9632
f 9626 9633 9632 2347
f 2345 9622 9634 9630
f 9622 2198 9162 9634
f 9634 9162 2199 9172
f 9630 9634 9172 2201
f 2348 9635 9638 9632
f 9635 2350 9636 9638
f 9638 9636 2349 9637
f 9632 9638 9637 2347
f 2348 9639 9642 9635
f 9639 2204 9640 9642
f 9642 9640 2351 9641
f 9635 9642 9641 2350
f 2348 9631 9643 9639
f 9631 2201 9171 9643
f 9643 9171 2202 9181
f 9639 9643 9181 2204
f 2351 9644 9647 9641
f 9644 2353 9645 9647
f 9647 9645 2352 9646
f 9641 9647 9646 2350
f 2351 9648 9651 9644
f 9648 2207 9649 9651
f 9651 9649 2354 9650
f 9644 9651 9650 2353
f 2351 9640 9652 9648
f 9640 2204 9180 9652
f 9652 9180 2205 9190
f 9648 9652 9190 2207
f 2354 9653 9655 9650
f 9653 2217 9230 9655
f 9655 9230 2218 9654
f 9650 9655 9654 2353
f 2354 9656 9658 9653
f 9656 2210 9657 9658
f 9658 9657 2216 9227
f 9653 9658 9227 2217
f 2354 9649 9659 9656
f 9649 2207 9189 9659
f 9659 9189 2208 9199
f 9656 9659 9199 2210
f 2353 9654 9661 9645
f 9654 2218 9233 9661
f 9661 9233 2219 9660
f 9645 9661 9660 2352
f 2352 9660 9664 9663
f 9660 2219 9236 9664
f 9664 9236 2220 9662
f 9663 9664 9662 2355
f 2352 9663 9666 9646
f 9663 2355 9665 9666
f 9666 9665 2349 9636
f 9646 9666 9636 2350
f 2355 9662 9669 9668
f 9662 2220 9239 9669
f 9669 9239 2221 9667
f 9668 9669 9667 2356
f 2355 9668 9672 9665
f 9668 2356 9670 9672
f 9672 9670 2357 9671
f 9665 9672 9671 2349
f 2357 9670 9676 9675
f 9670 2356 9673 9676
f 9676 9673 2359 9674
f 9675 9676 9674 2358
f 2357 9677 9678 9671
f 9677 2346 9627 9678
f 9678 9627 2347 9637
f 9671 9678 9637 2349
f 2357 9675 9681 9677
f 9675 2358 9679 9681
f 9681 9679 2360 9680
f 9677 9681 9680 2346
f 2360 9679 9685 9684
f 9679 2358 9682 9685
f 9685 9682 2362 9683
f 9684 9685 9683 2361
f 2360 9686 9687 9680
f 9686 2343 9618 9687
f 9687 9618 2344 9628
f 9680 9687 9628 2346
f 2360 9684 9690 9686
f 9684 2361 9688 9690
f 9690 9688 2363 9689
f 9686 9690 9689 2343
f 2363 9688 9694 9693
f 9688 2361 9691 9694
f 9694 9691 2365 9692
f 9693 9694 9692 2364
f 2363 9695 9696 9689
f 9695 2340 9609 9696
f 9696 9609 2341 9619
f 9689 9696 9619 2343
f 2363 9693 9699 9695
f 9693 2364 9697 9699
f 9699 9697 2366 9698
f 9695 9699 9698 2340
f 2366 9697 9702 9701
f 9697 2364 9700 9702
f 9702 9700 1948 8492
f 9701 9702 8492 1943
f 2366 9703 9704 9698
f 9703 2337 9600 9704
f 9704 9600 2338 9610
f 9698 9704 9610 2340
f 2366 9701 9706 9703
f 9701 1943 8485 9706
f 9706 8485 1944 9705
f 9703 9706 9705 2337
f 2365 9707 9709 9708
f 9707 2229 9263 9709
f 9709 9263 2230 9271
f 9708 9709 9271 2232
f 2365 9691 9711 9707
f 9691 2361 9683 9711
f 9711 9683 2362 9710
f 9707 9711 9710 2229
f 2365 9708 9713 9692
f 9708 2232 9712 9713
f 9713 9712 1948 9700
f 9692 9713 9700 2364
f 2362 9714 9715 9710
f 9714 2225 9253 9715
f 9715 9253 2226 9264
f 9710 9715 9264 2229
f 2362 9682 9717 9714
f 9682 2358 9674 9717
f 9717 9674 2359 9716
f 9714 9717 9716 2225
f 2359 9718 9719 9716
f 9718 2222 9245 9719
f 9719 9245 2223 9254
f 9716 9719 9254 2225
f 2359 9673 9720 9718
f 9673 2356 9667 9720
f 9720 9667 2221 9242
f 9718 9720 9242 2222
f 2337 9705 9722 9601
f 9705 1944 9721 9722
f 9722 9721 2332 9589
f 9601 9722 9589 2334
f 2332 9721 9724 9583
f 9721 1944 8484 9724
f 9724 8484 1945 9723
f 9583 9724 9723 2330
f 2330 9723 9726 9577
f 9723 1945 8490 9726
f 9726 8490 1946 9725
f 9577 9726 9725 2328
f 2328 9725 9729 9570
f 9725 1946 9727 9729
f 9729 9727 2234 9728
f 9570 9729 9728 2326
f 2326 9728 9730 9562
f 9728 2234 9274 9730
f 9730 9274 2235 9282
f 9562 9730 9282 2237
f 2323 9731 9732 9544
f 9731 1842 8242 9732
f 9732 8242 1843 9572
f 9544 9732 9572 2322
f 2323 9548 9734 9731
f 9548 2316 9733 9734
f 9734 9733 1844 8245
f 9731 9734 8245 1842
f 2317 9735 9737 9526
f 9735 2367 9736 9737
f 9737 9736 1844 9733
f 9526 9737 9733 2316
f 2317 9530 9740 9735
f 9530 2310 9738 9740
f 9740 9738 2368 9739
f 9735 9740 9739 2367
f 2368 9741 9744 9739
f 9741 2370 9742 9744
f 9744 9742 2369 9743
f 9739 9744 9743 2367
f 2368 9745 9748 9741
f 9745 2372 9746 9748
f 9748 9746 2371 9747
f 9741 9748 9747 2370
f 2368 9738 9750 9745
f 9738 2310 9508 9750
f 9750 9508 2311 9749
f 9745 9750 9749 2372
f 2372 9751 9754 9746
f 9751 2374 9752 9754
f 9754 9752 2373 9753
f 9746 9754 9753 2371
f 2372 9749 9756 9751
f 9749 2311 9512 9756
f 9756 9512 2304 9755
f 9751 9756 9755 2374
f 2374 9757 9760 9752
f 9757 2376 9758 9760
f 9760 9758 2375 9759
f 9752 9760 9759 2373
f 2374 9755 9762 9757
f 9755 2304 9490 9762
f 9762 9490 2305 9761
f 9757 9762 9761 2376
f 2376 9763 9766 9758
f 9763 2378 9764 9766
f 9766 9764 2377 9765
f 9758 9766 9765 2375
f 2376 9761 9768 9763
f 9761 2305 9494 9768
f 9768 9494 2298 9767
f 9763 9768 9767 2378
f 2378 9769 9772 9764
f 9769 2380 9770 9772
f 9772 9770 2379 9771
f 9764 9772 9771 2377
f 2378 9767 9774 9769
f 9767 2298 9472 9774
f 9774 9472 2299 9773
f 9769 9774 9773 2380
f 2380 9775 9778 9770
f 9775 2382 9776 9778
f 9778 9776 2381 9777
f 9770 9778 9777 2379
f 2380 9773 9780 9775
f 9773 2299 9476 9780
f 9780 9476 2292 9779
f 9775 9780 9779 2382
f 2382 9781 9784 9776
f 9781 2384 9782 9784
f 9784 9782 2383 9783
f 9776 9784 9783 2381
f 2382 9779 9786 9781
f 9779 2292 9454 9786
f 9786 9454 2293 9785
f 9781 9786 9785 2384
f 2384 9787 9790 9782
f 9787 2386 9788 9790
f 9790 9788 2385 9789
f 9782 9790 9789 2383
f 2384 9785 9792 9787
f 9785 2293 9458 9792
f 9792 9458 2286 9791
f 9787 9792 9791 2386
f 2386 9793 9796 9788
f 9793 2388 9794 9796
f 9796 9794 2387 9795
f 9788 9796 9795 2385
f 2386 9791 9798 9793
f 9791 2286 9436 9798
f 9798 9436 2287 9797
f 9793 9798 9797 2388
f 2388 9799 9802 9794
f 9799 2390 9800 9802
f 9802 9800 2389 9801
f 9794 9802 9801 2387
f 2388 9797 9804 9799
f 9797 2287 9440 9804
f 9804 9440 2280 9803
f 9799 9804 9803 2390
f 2390 9805 9808 9800
f 9805 2392 9806 9808
f 9808 9806 2391 9807
f 9800 9808 9807 2389
f 2390 9803 9810 9805
f 9803 2280 9418 9810
f 9810 9418 2281 9809
f 9805 9810 9809 2392
f 2392 9811 9814 9806
f 9811 2394 9812 9814
f 9814 9812 2393 9813
f 9806 9814 9813 2391
f 2392 9809 9816 9811
f 9809 2281 9422 9816
f 9816 9422 2274 9815
f 9811 9816 9815 2394
f 2394 9817 9820 9812
f 9817 2396 9818 9820
f 9820 9818 2395 9819
f 9812 9820 9819 2393
f 2394 9815 9822 9817
f 9815 2274 9400 9822
f 9822 9400 2275 9821
f 9817 9822 9821 2396
f 2396 9823 9826 9818
f 9823 2398 9824 9826
f 9826 9824 2397 9825
f 9818 9826 9825 2395
f 2396 9821 9828 9823
f 9821 2275 9404 9828
f 9828 9404 2269 9827
f 9823 9828 9827 2398
f 2398 9829 9831 9824
f 9829 1893 8365 9831
f 9831 8365 1894 9830
f 9824 9831 9830 2397
f 2398 9827 9832 9829
f 9827 2269 9384 9832
f 9832 9384 1897 8368
f 9829 9832 8368 1893
f 2397 9833 9836 9825
f 9833 2400 9834 9836
f 9836 9834 2399 9835
f 9825 9836 9835 2395
f 2397 9830 9839 9833
f 9830 1894 9837 9839
f 9839 9837 2401 9838
f 9833 9839 9838 2400
f 2401 9840 9843 9838
f 9840 2403 9841 9843
f 9843 9841 2402 9842
f 9838 9843 9842 2400
f 2401 9844 9847 9840
f 9844 2405 9845 9847
f 9847 9845 2404 9846
f 9840 9847 9846 2403
f 2401 9837 9849 9844
f 9837 1894 8364 9849
f 9849 8364 1895 9848
f 9844 9849 9848 2405
f 2405 9850 9853 9845
f 9850 2406 9851 9853
f 9853 9851 1891 9852
f 9845 9853 9852 2404
f 2405 9848 9856 9850
f 9848 1895 9854 9856
f 9856 9854 2407 9855
f 9850 9856 9855 2406
f 2407 9857 9860 9855
f 9857 2409 9858 9860
f 9860 9858 2408 9859
f 9855 9860 9859 2406
f 2407 9861 9863 9857
f 9861 1900 8379 9863
f 9863 8379 1667 9862
f 9857 9863 9862 2409
f 2407 9854 9864 9861
f 9854 1895 8363 9864
f 9864 8363 1666 8388
f 9861 9864 8388 1900
f 2409 9865 9868 9858
f 9865 2411 9866 9868
f 9868 9866 2410 9867
f 9858 9868 9867 2408
f 2409 9862 9870 9865
f 9862 1667 8120 9870
f 9870 8120 1798 9869
f 9865 9870 9869 2411
f 2411 9871 9874 9866
f 9871 2413 9872 9874
f 9874 9872 2412 9873
f 9866 9874 9873 2410
f 2411 9869 9877 9871
f 9869 1798 9875 9877
f 9877 9875 2414 9876
f 9871 9877 9876 2413
f 2414 9878 9881 9876
f 9878 2416 9879 9881
f 9881 9879 2415 9880
f 9876 9881 9880 2413
f 2414 9882 9884 9878
f 9882 1883 8335 9884
f 9884 8335 1880 9883
f 9878 9884 9883 2416
f 2414 9875 9886 9882
f 9875 1798 8119 9886
f 9886 8119 1643 9885
f 9882 9886 9885 1883
f 2416 9887 9890 9879
f 9887 2417 9888 9890
f 9890 9888 1770 9889
f 9879 9890 9889 2415
f 2416 9883 9892 9887
f 9883 1880 8332 9892
f 9892 8332 1881 9891
f 9887 9892 9891 2417
f 2417 9893 9895 9888
f 9893 1870 9894 9895
f 9895 9894 1769 8061
f 9888 9895 8061 1770
f 2417 9891 9896 9893
f 9891 1881 8349 9896
f 9896 8349 1869 8307
f 9893 9896 8307 1870
f 2415 9897 9899 9880
f 9897 2418 9898 9899
f 9899 9898 2412 9872
f 9880 9899 9872 2413
f 2415 9889 9901 9897
f 9889 1770 8060 9901
f 9901 8060 1771 9900
f 9897 9901 9900 2418
f 2418 9900 9905 9904
f 9900 1771 9902 9905
f 9905 9902 2420 9903
f 9904 9905 9903 2419
f 2418 9904 9908 9898
f 9904 2419 9906 9908
f 9908 9906 2421 9907
f 9898 9908 9907 2412
f 2421 9906 9912 9911
f 9906 2419 9909 9912
f 9912 9909 2423 9910
f 9911 9912 9910 2422
f 2421 9913 9915 9907
f 9913 1892 9914 9915
f 9915 9914 2410 9873
f 9907 9915 9873 2412
f 2421 9911 9917 9913
f 9911 2422 9916 9917
f 9917 9916 1889 8361
f 9913 9917 8361 1892
f 2423 9918 9922 9921
f 9918 2426 9919 9922
f 9922 9919 2425 9920
f 9921 9922 9920 2424
f 2423 9909 9924 9918
f 9909 2419 9903 9924
f 9924 9903 2420 9923
f 9918 9924 9923 2426
f 2423 9921 9927 9910
f 9921 2424 9925 9927
f 9927 9925 2427 9926
f 9910 9927 9926 2422
f 2427 9925 9931 9930
f 9925 2424 9928 9931
f 9931 9928 2429 9929
f 9930 9931 9929 2428
f 2427 9932 9933 9926
f 9932 1888 8352 9933
f 9933 8352 1889 9916
f 9926 9933 9916 2422
f 2427 9930 9936 9932
f 9930 2428 9934 9936
f 9936 9934 2430 9935
f 9932 9936 9935 1888
f 2430 9934 9940 9939
f 9934 2428 9937 9940
f 9940 9937 2432 9938
f 9939 9940 9938 2431
f 2430 9941 9943 9935
f 9941 2433 9942 9943
f 9943 9942 1887 8353
f 9935 9943 8353 1888
f 2430 9939 9946 9941
f 9939 2431 9944 9946
f 9946 9944 2434 9945
f 9941 9946 9945 2433
f 2434 9944 9950 9949
f 9944 2431 9947 9950
f 9950 9947 2436 9948
f 9949 9950 9948 2435
f 2434 9951 9953 9945
f 9951 2403 9846 9953
f 9953 9846 2404 9952
f 9945 9953 9952 2433
f 2434 9949 9955 9951
f 9949 2435 9954 9955
f 9955 9954 2402 9841
f 9951 9955 9841 2403
f 2436 9956 9960 9959
f 9956 2439 9957 9960
f 9960 9957 2438 9958
f 9959 9960 9958 2437
f 2436 9947 9962 9956
f 9947 2431 9938 9962
f 9962 9938 2432 9961
f 9956 9962 9961 2439
f 2436 9959 9965 9948
f 9959 2437 9963 9965
f 9965 9963 2440 9964
f 9948 9965 9964 2435
f 2440 9963 9969 9968
f 9963 2437 9966 9969
f 9969 9966 2442 9967
f 9968 9969 9967 2441
f 2440 9970 9972 9964
f 9970 2443 9971 9972
f 9972 9971 2402 9954
f 9964 9972 9954 2435
f 2440 9968 9975 9970
f 9968 2441 9973 9975
f 9975 9973 2444 9974
f 9970 9975 9974 2443
f 2444 9973 9979 9978
f 9973 2441 9976 9979
f 9979 9976 2446 9977
f 9978 9979 9977 2445
f 2444 9980 9983 9974
f 9980 2447 9981 9983
f 9983 9981 2399 9982
f 9974 9983 9982 2443
f 2444 9978 9986 9980
f 9978 2445 9984 9986
f 9986 9984 2448 9985
f 9980 9986 9985 2447
f 2448 9984 9990 9989
f 9984 2445 9987 9990
f 9990 9987 2450 9988
f 9989 9990 9988 2449
f 2448 9991 9993 9985
f 9991 2391 9813 9993
f 9993 9813 2393 9992
f 9985 9993 9992 2447
f 2448 9989 9995 9991
f 9989 2449 9994 9995
f 9995 9994 2389 9807
f 9991 9995 9807 2391
f 2450 9996 10000 9999
f 9996 2453 9997 10000
f 10000 9997 2452 9998
f 9999 10000 9998 2451
f 2450 9987 10002 9996
f 9987 2445 9977 10002
f 10002 9977 2446 10001
f 9996 10002 10001 2453
f 2450 9999 10005 9988
f 9999 2451 10003 10005
f 10005 10003 2454 10004
f 9988 10005 10004 2449
f 2454 10003 10009 10008
f 10003 2451 10006 10009
f 10009 10006 2456 10007
f 10008 10009 10007 2455
f 2454 10010 10011 10004
f 10010 2387 9801 10011
f 10011 9801 2389 9994
f 10004 10011 9994 2449
f 2454 10008 10013 10010
f 10008 2455 10012 10013
f 10013 10012 2385 9795
f 10010 10013 9795 2387
f 2456 10014 10018 10017
f 10014 2459 10015 10018
f 10018 10015 2458 10016
f 10017 10018 10016 2457
f 2456 10006 10020 10014
f 10006 2451 9998 10020
f 10020 9998 2452 10019
f 10014 10020 10019 2459
f 2456 10017 10023 10007
f 10017 2457 10021 10023
f 10023 10021 2460 10022
f 10007 10023 10022 2455
f 2460 10021 10027 10026
f 10021 2457 10024 10027
f 10027 10024 2462 10025
f 10026 10027 10025 2461
f 2460 10028 10029 10022
f 10028 2383 9789 10029
f 10029 9789 2385 10012
f 10022 10029 10012 2455
f 2460 10026 10031 10028
f 10026 2461 10030 10031
f 10031 10030 2381 9783
f 10028 10031 9783 2383
f 2462 10032 10036 10035
f 10032 2465 10033 10036
f 10036 10033 2464 10034
f 10035 10036 10034 2463
f 2462 10024 10038 10032
f 10024 2457 10016 10038
f 10038 10016 2458 10037
f 10032 10038 10037 2465
f 2462 10035 10041 10025
f 10035 2463 10039 10041
f 10041 10039 2466 10040
f 10025 10041 10040 2461
f 2466 10039 10045 10044
f 10039 2463 10042 10045
f 10045 10042 2468 10043
f 10044 10045 10043 2467
f 2466 10046 10047 10040
f 10046 2379 9777 10047
f 10047 9777 2381 10030
f 10040 10047 10030 2461
f 2466 10044 10049 10046
f 10044 2467 10048 10049
f 10049 10048 2377 9771
f 10046 10049 9771 2379
f 2468 10050 10054 10053
f 10050 2471 10051 10054
f 10054 10051 2470 10052
f 10053 10054 10052 2469
f 2468 10042 10056 10050
f 10042 2463 10034 10056
f 10056 10034 2464 10055
f 10050 10056 10055 2471
f 2468 10053 10059 10043
f 10053 2469 10057 10059
f 10059 10057 2472 10058
f 10043 10059 10058 2467
f 2472 10057 10063 10062
f 10057 2469 10060 10063
f 10063 10060 2474 10061
f 10062 10063 10061 2473
f 2472 10064 10065 10058
f 10064 2375 9765 10065
f 10065 9765 2377 10048
f 10058 10065 10048 2467
f 2472 10062 10067 10064
f 10062 2473 10066 10067
f 10067 10066 2373 9759
f 10064 10067 9759 2375
f 2474 10068 10072 10071
f 10068 2477 10069 10072
f 10072 10069 2476 10070
f 10071 10072 10070 2475
f 2474 10060 10074 10068
f 10060 2469 10052 10074
f 10074 10052 2470 10073
f 10068 10074 10073 2477
f 2474 10071 10077 10061
f 10071 2475 10075 10077
f 10077 10075 2478 10076
f 10061 10077 10076 2473
f 2478 10075 10081 10080
f 10075 2475 10078 10081
f 10081 10078 2480 10079
f 10080 10081 10079 2479
f 2478 10082 10083 10076
f 10082 2371 9753 10083
f 10083 9753 2373 10066
f 10076 10083 10066 2473
f 2478 10080 10085 10082
f 10080 2479 10084 10085
f 10085 10084 2370 9747
f 10082 10085 9747 2371
f 2480 10086 10090 10089
f 10086 2482 10087 10090
f 10090 10087 2177 10088
f 10089 10090 10088 2481
f 2480 10078 10092 10086
f 10078 2475 10070 10092
f 10092 10070 2476 10091
f 10086 10092 10091 2482
f 2480 10089 10095 10079
f 10089 2481 10093 10095
f 10095 10093 2483 10094
f 10079 10095 10094 2479
f 2483 10093 10099 10098
f 10093 2481 10096 10099
f 10099 10096 2180 10097
f 10098 10099 10097 1840
f 2483 10100 10101 10094
f 10100 2369 9742 10101
f 10101 9742 2370 10084
f 10094 10101 10084 2479
f 2483 10098 10103 10100
f 10098 1840 8237 10103
f 10103 8237 1841 10102
f 10100 10103 10102 2369
f 2482 10104 10106 10087
f 10104 2484 10105 10106
f 10106 10105 2175 9095
f 10087 10106 9095 2177
f 2482 10091 10109 10104
f 10091 2476 10107 10109
f 10109 10107 2485 10108
f 10104 10109 10108 2484
f 2485 10110 10113 10108
f 10110 2487 10111 10113
f 10113 10111 2486 10112
f 10108 10113 10112 2484
f 2485 10114 10117 10110
f 10114 2489 10115 10117
f 10117 10115 2488 10116
f 10110 10117 10116 2487
f 2485 10107 10119 10114
f 10107 2476 10069 10119
f 10119 10069 2477 10118
f 10114 10119 10118 2489
f 2489 10120 10123 10115
f 10120 2491 10121 10123
f 10123 10121 2490 10122
f 10115 10123 10122 2488
f 2489 10118 10125 10120
f 10118 2477 10073 10125
f 10125 10073 2470 10124
f 10120 10125 10124 2491
f 2491 10126 10129 10121
f 10126 2493 10127 10129
f 10129 10127 2492 10128
f 10121 10129 10128 2490
f 2491 10124 10131 10126
f 10124 2470 10051 10131
f 10131 10051 2471 10130
f 10126 10131 10130 2493
f 2493 10132 10135 10127
f 10132 2495 10133 10135
f 10135 10133 2494 10134
f 10127 10135 10134 2492
f 2493 10130 10137 10132
f 10130 2471 10055 10137
f 10137 10055 2464 10136
f 10132 10137 10136 2495
f 2495 10138 10141 10133
f 10138 2497 10139 10141
f 10141 10139 2496 10140
f 10133 10141 10140 2494
f 2495 10136 10143 10138
f 10136 2464 10033 10143
f 10143 10033 2465 10142
f 10138 10143 10142 2497
f 2497 10144 10147 10139
f 10144 2499 10145 10147
f 10147 10145 2498 10146
f 10139 10147 10146 2496
f 2497 10142 10149 10144
f 10142 2465 10037 10149
f 10149 10037 2458 10148
f 10144 10149 10148 2499
f 2499 10150 10153 10145
f 10150 2501 10151 10153
f 10153 10151 2500 10152
f 10145 10153 10152 2498
f 2499 10148 10155 10150
f 10148 2458 10015 10155
f 10155 10015 2459 10154
f 10150 10155 10154 2501
f 2501 10156 10159 10151
f 10156 2503 10157 10159
f 10159 10157 2502 10158
f 10151 10159 10158 2500
f 2501 10154 10161 10156
f 10154 2459 10019 10161
f 10161 10019 2452 10160
f 10156 10161 10160 2503
f 2503 10162 10165 10157
f 10162 2505 10163 10165
f 10165 10163 2504 10164
f 10157 10165 10164 2502
f 2503 10160 10167 10162
f 10160 2452 9997 10167
f 10167 9997 2453 10166
f 10162 10167 10166 2505
f 2505 10168 10171 10163
f 10168 2507 10169 10171
f 10171 10169 2506 10170
f 10163 10171 10170 2504
f 2505 10166 10173 10168
f 10166 2453 10001 10173
f 10173 10001 2446 10172
f 10168 10173 10172 2507
f 2507 10174 10177 10169
f 10174 2442 10175 10177
f 10177 10175 2508 10176
f 10169 10177 10176 2506
f 2507 10172 10178 10174
f 10172 2446 9976 10178
f 10178 9976 2441 9967
f 10174 10178 9967 2442
f 2508 10179 10182 10176
f 10179 2510 10180 10182
f 10182 10180 2509 10181
f 10176 10182 10181 2506
f 2508 10183 10186 10179
f 10183 2438 10184 10186
f 10186 10184 2511 10185
f 10179 10186 10185 2510
f 2508 10175 10187 10183
f 10175 2442 9966 10187
f 10187 9966 2437 9958
f 10183 10187 9958 2438
f 2511 10188 10190 10185
f 10188 1700 7900 10190
f 10190 7900 1701 10189
f 10185 10190 10189 2510
f 2511 10191 10193 10188
f 10191 1762 8039 10193
f 10193 8039 1637 10192
f 10188 10193 10192 1700
f 2511 10184 10195 10191
f 10184 2438 9957 10195
f 10195 9957 2439 10194
f 10191 10195 10194 1762
f 2510 10189 10198 10180
f 10189 1701 10196 10198
f 10198 10196 2512 10197
f 10180 10198 10197 2509
f 2512 10199 10203 10202
f 10199 2515 10200 10203
f 10203 10200 2514 10201
f 10202 10203 10201 2513
f 2512 10196 10205 10199
f 10196 1701 7909 10205
f 10205 7909 1702 10204
f 10199 10205 10204 2515
f 2512 10202 10208 10197
f 10202 2513 10206 10208
f 10208 10206 2516 10207
f 10197 10208 10207 2509
f 2516 10206 10212 10211
f 10206 2513 10209 10212
f 10212 10209 2518 10210
f 10211 10212 10210 2517
f 2516 10213 10214 10207
f 10213 2504 10170 10214
f 10214 10170 2506 10181
f 10207 10214 10181 2509
f 2516 10211 10216 10213
f 10211 2517 10215 10216
f 10216 10215 2502 10164
f 10213 10216 10164 2504
f 2518 10217 10221 10220
f 10217 2521 10218 10221
f 10221 10218 2520 10219
f 10220 10221 10219 2519
f 2518 10209 10223 10217
f 10209 2513 10201 10223
f 10223 10201 2514 10222
f 10217 10223 10222 2521
f 2518 10220 10226 10210
f 10220 2519 10224 10226
f 10226 10224 2522 10225
f 10210 10226 10225 2517
f 2522 10224 10230 10229
f 10224 2519 10227 10230
f 10230 10227 2524 10228
f 10229 10230 10228 2523
f 2522 10231 10232 10225
f 10231 2500 10158 10232
f 10232 10158 2502 10215
f 10225 10232 10215 2517
f 2522 10229 10234 10231
f 10229 2523 10233 10234
f 10234 10233 2498 10152
f 10231 10234 10152 2500
f 2524 10235 10239 10238
f 10235 2527 10236 10239
f 10239 10236 2526 10237
f 10238 10239 10237 2525
f 2524 10227 10241 10235
f 10227 2519 10219 10241
f 10241 10219 2520 10240
f 10235 10241 10240 2527
f 2524 10238 10244 10228
f 10238 2525 10242 10244
f 10244 10242 2528 10243
f 10228 10244 10243 2523
f 2528 10242 10248 10247
f 10242 2525 10245 10248
f 10248 10245 2530 10246
f 10247 10248 10246 2529
f 2528 10249 10250 10243
f 10249 2496 10146 10250
f 10250 10146 2498 10233
f 10243 10250 10233 2523
f 2528 10247 10252 10249
f 10247 2529 10251 10252
f 10252 10251 2494 10140
f 10249 10252 10140 2496
f 2530 10253 10257 10256
f 10253 2533 10254 10257
f 10257 10254 2532 10255
f 10256 10257 10255 2531
f 2530 10245 10259 10253
f 10245 2525 10237 10259
f 10259 10237 2526 10258
f 10253 10259 10258 2533
f 2530 10256 10262 10246
f 10256 2531 10260 10262
f 10262 10260 2534 10261
f 10246 10262 10261 2529
f 2534 10260 10266 10265
f 10260 2531 10263 10266
f 10266 10263 2536 10264
f 10265 10266 10264 2535
f 2534 10267 10268 10261
f 10267 2492 10134 10268
f 10268 10134 2494 10251
f 10261 10268 10251 2529
f 2534 10265 10270 10267
f 10265 2535 10269 10270
f 10270 10269 2490 10128
f 10267 10270 10128 2492
f 2536 10271 10275 10274
f 10271 2539 10272 10275
f 10275 10272 2538 10273
f 10274 10275 10273 2537
f 2536 10263 10277 10271
f 10263 2531 10255 10277
f 10277 10255 2532 10276
f 10271 10277 10276 2539
f 2536 10274 10280 10264
f 10274 2537 10278 10280
f 10280 10278 2540 10279
f 10264 10280 10279 2535
f 2540 10278 10284 10283
f 10278 2537 10281 10284
f 10284 10281 2542 10282
f 10283 10284 10282 2541
f 2540 10285 10286 10279
f 10285 2488 10122 10286
f 10286 10122 2490 10269
f 10279 10286 10269 2535
f 2540 10283 10288 10285
f 10283 2541 10287 10288
f 10288 10287 2487 10116
f 10285 10288 10116 2488
f 2542 10289 10293 10292
f 10289 2545 10290 10293
f 10293 10290 2544 10291
f 10292 10293 10291 2543
f 2542 10281 10295 10289
f 10281 2537 10273 10295
f 10295 10273 2538 10294
f 10289 10295 10294 2545
f 2542 10292 10298 10282
f 10292 2543 10296 10298
f 10298 10296 2546 10297
f 10282 10298 10297 2541
f 2546 10296 10302 10301
f 10296 2543 10299 10302
f 10302 10299 2547 10300
f 10301 10302 10300 2173
f 2546 10303 10304 10297
f 10303 2486 10111 10304
f 10304 10111 2487 10287
f 10297 10304 10287 2541
f 2546 10301 10306 10303
f 10301 2173 9084 10306
f 10306 9084 2174 10305
f 10303 10306 10305 2486
f 2547 10307 10311 10310
f 10307 2549 10308 10311
f 10311 10308 2548 10309
f 10310 10311 10309 2170
f 2547 10299 10313 10307
f 10299 2543 10291 10313
f 10313 10291 2544 10312
f 10307 10313 10312 2549
f 2547 10310 10314 10300
f 10310 2170 9077 10314
f 10314 9077 2171 9085
f 10300 10314 9085 2173
f 2549 10315 10318 10308
f 10315 2551 10316 10318
f 10318 10316 2550 10317
f 10308 10318 10317 2548
f 2549 10312 10321 10315
f 10312 2544 10319 10321
f 10321 10319 2552 10320
f 10315 10321 10320 2551
f 2552 10322 10325 10320
f 10322 2554 10323 10325
f 10325 10323 2553 10324
f 10320 10325 10324 2551
f 2552 10326 10329 10322
f 10326 2556 10327 10329
f 10329 10327 2555 10328
f 10322 10329 10328 2554
f 2552 10319 10331 10326
f 10319 2544 10290 10331
f 10331 10290 2545 10330
f 10326 10331 10330 2556
f 2556 10332 10335 10327
f 10332 2558 10333 10335
f 10335 10333 2557 10334
f 10327 10335 10334 2555
f 2556 10330 10337 10332
f 10330 2545 10294 10337
f 10337 10294 2538 10336
f 10332 10337 10336 2558
f 2558 10338 10341 10333
f 10338 2560 10339 10341
f 10341 10339 2559 10340
f 10333 10341 10340 2557
f 2558 10336 10343 10338
f 10336 2538 10272 10343
f 10343 10272 2539 10342
f 10338 10343 10342 2560
f 2560 10344 10347 10339
f 10344 2562 10345 10347
f 10347 10345 2561 10346
f 10339 10347 10346 2559
f 2560 10342 10349 10344
f 10342 2539 10276 10349
f 10349 10276 2532 10348
f 10344 10349 10348 2562
f 2562 10350 10353 10345
f 10350 2564 10351 10353
f 10353 10351 2563 10352
f 10345 10353 10352 2561
f 2562 10348 10355 10350
f 10348 2532 10254 10355
f 10355 10254 2533 10354
f 10350 10355 10354 2564
f 2564 10356 10359 10351
f 10356 2565 10357 10359
f 10359 10357 1732 10358
f 10351 10359 10358 2563
f 2564 10354 10361 10356
f 10354 2533 10258 10361
f 10361 10258 2526 10360
f 10356 10361 10360 2565
f 2565 10362 10364 10357
f 10362 2566 10363 10364
f 10364 10363 1731 7971
f 10357 10364 7971 1732
f 2565 10360 10366 10362
f 10360 2526 10236 10366
f 10366 10236 2527 10365
f 10362 10366 10365 2566
f 2566 10367 10370 10363
f 10367 2568 10368 10370
f 10370 10368 2567 10369
f 10363 10370 10369 1731
f 2566 10365 10372 10367
f 10365 2527 10240 10372
f 10372 10240 2520 10371
f 10367 10372 10371 2568
f 2568 10373 10376 10368
f 10373 2570 10374 10376
f 10376 10374 2569 10375
f 10368 10376 10375 2567
f 2568 10371 10378 10373
f 10371 2520 10218 10378
f 10378 10218 2521 10377
f 10373 10378 10377 2570
f 2570 10379 10382 10374
f 10379 2572 10380 10382
f 10382 10380 2571 10381
f 10374 10382 10381 2569
f 2570 10377 10384 10379
f 10377 2521 10222 10384
f 10384 10222 2514 10383
f 10379 10384 10383 2572
f 2572 10385 10388 10380
f 10385 2574 10386 10388
f 10388 10386 2573 10387
f 10380 10388 10387 2571
f 2572 10383 10390 10385
f 10383 2514 10200 10390
f 10390 10200 2515 10389
f 10385 10390 10389 2574
f 2574 10391 10394 10386
f 10391 2576 10392 10394
f 10394 10392 2575 10393
f 10386 10394 10393 2573
f 2574 10389 10396 10391
f 10389 2515 10204 10396
f 10396 10204 1702 10395
f 10391 10396 10395 2576
f 2576 10397 10400 10392
f 10397 2578 10398 10400
f 10400 10398 2577 10399
f 10392 10400 10399 2575
f 2576 10395 10402 10397
f 10395 1702 7908 10402
f 10402 7908 1703 10401
f 10397 10402 10401 2578
f 2578 10403 10406 10398
f 10403 2580 10404 10406
f 10406 10404 2579 10405
f 10398 10406 10405 2577
f 2578 10401 10409 10403
f 10401 1703 10407 10409
f 10409 10407 2581 10408
f 10403 10409 10408 2580
f 2581 10410 10413 10408
f 10410 2583 10411 10413
f 10413 10411 2582 10412
f 10408 10413 10412 2580
f 2581 10414 10417 10410
f 10414 2585 10415 10417
f 10417 10415 2584 10416
f 10410 10417 10416 2583
f 2581 10407 10419 10414
f 10407 1703 7906 10419
f 10419 7906 1704 10418
f 10414 10419 10418 2585
f 2585 10420 10423 10415
f 10420 2587 10421 10423
f 10423 10421 2586 10422
f 10415 10423 10422 2584
f 2585 10418 10426 10420
f 10418 1704 10424 10426
f 10426 10424 2588 10425
f 10420 10426 10425 2587
f 2588 10424 10429 10428
f 10424 1704 7905 10429
f 10429 7905 1699 10427
f 10428 10429 10427 1763
f 2588 10430 10433 10425
f 10430 2590 10431 10433
f 10433 10431 2589 10432
f 10425 10433 10432 2587
f 2588 10428 10435 10430
f 10428 1763 8044 10435
f 10435 8044 1764 10434
f 10430 10435 10434 2590
f 2590 10436 10439 10431
f 10436 2592 10437 10439
f 10439 10437 2591 10438
f 10431 10439 10438 2589
f 2590 10434 10442 10436
f 10434 1764 10440 10442
f 10442 10440 2593 10441
f 10436 10442 10441 2592
f 2593 10440 10444 10443
f 10440 1764 8043 10444
f 10444 8043 1758 8515
f 10443 10444 8515 1956
f 2593 10445 10448 10441
f 10445 2595 10446 10448
f 10448 10446 2594 10447
f 10441 10448 10447 2592
f 2593 10443 10450 10445
f 10443 1956 8520 10450
f 10450 8520 1957 10449
f 10445 10450 10449 2595
f 2595 10451 10453 10446
f 10451 1934 8462 10453
f 10453 8462 1935 10452
f 10446 10453 10452 2594
f 2595 10449 10455 10451
f 10449 1957 10454 10455
f 10455 10454 1937 8465
f 10451 10455 8465 1934
f 2594 10456 10458 10447
f 10456 2596 10457 10458
f 10458 10457 2591 10437
f 10447 10458 10437 2592
f 2594 10452 10461 10456
f 10452 1935 10459 10461
f 10461 10459 2597 10460
f 10456 10461 10460 2596
f 2597 10462 10465 10460
f 10462 2599 10463 10465
f 10465 10463 2598 10464
f 10460 10465 10464 2596
f 2597 10466 10469 10462
f 10466 2601 10467 10469
f 10469 10467 2600 10468
f 10462 10469 10468 2599
f 2597 10459 10471 10466
f 10459 1935 8461 10471
f 10471 8461 1936 10470
f 10466 10471 10470 2601
f 2601 10472 10475 10467
f 10472 2603 10473 10475
f 10475 10473 2602 10474
f 10467 10475 10474 2600
f 2601 10470 10477 10472
f 10470 1936 8469 10477
f 10477 8469 1717 10476
f 10472 10477 10476 2603
f 2603 10478 10481 10473
f 10478 1718 10479 10481
f 10481 10479 2604 10480
f 10473 10481 10480 2602
f 2603 10476 10482 10478
f 10476 1717 7934 10482
f 10482 7934 1627 7941
f 10478 10482 7941 1718
f 2604 10483 10486 10480
f 10483 2606 10484 10486
f 10486 10484 2605 10485
f 10480 10486 10485 2602
f 2604 10487 10490 10483
f 10487 2608 10488 10490
f 10490 10488 2607 10489
f 10483 10490 10489 2606
f 2604 10479 10492 10487
f 10479 1718 7940 10492
f 10492 7940 1719 10491
f 10487 10492 10491 2608
f 2608 10493 10496 10488
f 10493 2610 10494 10496
f 10496 10494 2609 10495
f 10488 10496 10495 2607
f 2608 10491 10499 10493
f 10491 1719 10497 10499
f 10499 10497 2611 10498
f 10493 10499 10498 2610
f 2611 10497 10502 10501
f 10497 1719 7939 10502
f 10502 7939 1715 10500
f 10501 10502 10500 2612
f 2611 10503 10506 10498
f 10503 1961 10504 10506
f 10506 10504 2613 10505
f 10498 10506 10505 2610
f 2611 10501 10508 10503
f 10501 2612 10507 10508
f 10508 10507 1958 8528
f 10503 10508 8528 1961
f 2613 10509 10511 10505
f 10509 2614 10510 10511
f 10511 10510 2609 10494
f 10505 10511 10494 2610
f 2613 10512 10515 10509
f 10512 2616 10513 10515
f 10515 10513 2615 10514
f 10509 10515 10514 2614
f 2613 10504 10517 10512
f 10504 1961 8527 10517
f 10517 8527 1959 10516
f 10512 10517 10516 2616
f 2616 10518 10521 10513
f 10518 2618 10519 10521
f 10521 10519 2617 10520
f 10513 10521 10520 2615
f 2616 10516 10523 10518
f 10516 1959 8524 10523
f 10523 8524 1960 10522
f 10518 10523 10522 2618
f 2618 10524 10526 10519
f 10524 1962 8531 10526
f 10526 8531 1738 10525
f 10519 10526 10525 2617
f 2618 10522 10529 10524
f 10522 1960 10527 10529
f 10529 10527 2619 10528
f 10524 10529 10528 1962
f 2619 10527 10531 10530
f 10527 1960 8523 10531
f 10531 8523 1755 8031
f 10530 10531 8031 1756
f 2619 10532 10534 10528
f 10532 2620 10533 10534
f 10534 10533 1682 8532
f 10528 10534 8532 1962
f 2619 10530 10537 10532
f 10530 1756 10535 10537
f 10537 10535 2621 10536
f 10532 10537 10536 2620
f 2621 10535 10540 10539
f 10535 1756 8030 10540
f 10540 8030 1757 10538
f 10539 10540 10538 2622
f 2621 10541 10543 10536
f 10541 1743 7998 10543
f 10543 7998 1710 10542
f 10536 10543 10542 2620
f 2621 10539 10545 10541
f 10539 2622 10544 10545
f 10545 10544 1742 7993
f 10541 10545 7993 1743
f 2622 10538 10548 10547
f 10538 1757 10546 10548
f 10548 10546 1952 8500
f 10547 10548 8500 1949
f 2622 10547 10550 10544
f 10547 1949 8497 10550
f 10550 8497 1950 10549
f 10544 10550 10549 1742
f 2620 10542 10551 10533
f 10542 1710 7920 10551
f 10551 7920 1708 8534
f 10533 10551 8534 1682
f 2617 10552 10555 10520
f 10552 1739 10553 10555
f 10555 10553 2623 10554
f 10520 10555 10554 2615
f 2617 10525 10556 10552
f 10525 1738 7983 10556
f 10556 7983 1632 7990
f 10552 10556 7990 1739
f 2623 10557 10559 10554
f 10557 2624 10558 10559
f 10559 10558 2614 10514
f 10554 10559 10514 2615
f 2623 10560 10563 10557
f 10560 2626 10561 10563
f 10563 10561 2625 10562
f 10557 10563 10562 2624
f 2623 10553 10565 10560
f 10553 1739 7989 10565
f 10565 7989 1740 10564
f 10560 10565 10564 2626
f 2626 10566 10569 10561
f 10566 2628 10567 10569
f 10569 10567 2627 10568
f 10561 10569 10568 2625
f 2626 10564 10572 10566
f 10564 1740 10570 10572
f 10572 10570 2629 10571
f 10566 10572 10571 2628
f 2629 10573 10575 10571
f 10573 1939 8472 10575
f 10575 8472 1940 10574
f 10571 10575 10574 2628
f 2629 10576 10579 10573
f 10576 2631 10577 10579
f 10579 10577 2630 10578
f 10573 10579 10578 1939
f 2629 10570 10581 10576
f 10570 1740 7988 10581
f 10581 7988 1737 10580
f 10576 10581 10580 2631
f 2631 10582 10585 10577
f 10582 2633 10583 10585
f 10585 10583 2632 10584
f 10577 10585 10584 2630
f 2631 10580 10587 10582
f 10580 1737 7985 10587
f 10587 7985 1683 10586
f 10582 10587 10586 2633
f 2633 10588 10591 10583
f 10588 2634 10589 10591
f 10591 10589 1955 10590
f 10583 10591 10590 2632
f 2633 10586 10594 10588
f 10586 1683 10592 10594
f 10594 10592 2635 10593
f 10588 10594 10593 2634
f 2634 10595 10597 10589
f 10595 2636 10596 10597
f 10597 10596 1953 8512
f 10589 10597 8512 1955
f 2634 10593 10600 10595
f 10593 2635 10598 10600
f 10600 10598 2637 10599
f 10595 10600 10599 2636
f 2637 10601 10603 10599
f 10601 1753 8027 10603
f 10603 8027 1754 10602
f 10599 10603 10602 2636
f 2637 10604 10605 10601
f 10604 1709 7916 10605
f 10605 7916 1705 8024
f 10601 10605 8024 1753
f 2637 10598 10607 10604
f 10598 2635 10606 10607
f 10607 10606 1963 8535
f 10604 10607 8535 1709
f 2636 10602 10609 10596
f 10602 1754 10608 10609
f 10609 10608 1951 8505
f 10596 10609 8505 1953
f 2632 10610 10613 10584
f 10610 2639 10611 10613
f 10613 10611 2638 10612
f 10584 10613 10612 2630
f 2632 10590 10615 10610
f 10590 1955 8511 10615
f 10615 8511 1954 10614
f 10610 10615 10614 2639
f 2639 10616 10619 10611
f 10616 1861 10617 10619
f 10619 10617 1747 10618
f 10611 10619 10618 2638
f 2639 10614 10620 10616
f 10614 1954 8508 10620
f 10620 8508 1766 8286
f 10616 10620 8286 1861
f 2638 10618 10622 10621
f 10618 1747 8009 10622
f 10622 8009 1748 8476
f 10621 10622 8476 1938
f 2638 10621 10623 10612
f 10621 1938 8473 10623
f 10623 8473 1939 10578
f 10612 10623 10578 2630
f 2628 10574 10625 10567
f 10574 1940 8481 10625
f 10625 8481 1942 10624
f 10567 10625 10624 2627
f 2627 10626 10629 10568
f 10626 2641 10627 10629
f 10629 10627 2640 10628
f 10568 10629 10628 2625
f 2627 10624 10632 10626
f 10624 1942 10630 10632
f 10632 10630 2642 10631
f 10626 10632 10631 2641
f 2642 10633 10636 10631
f 10633 1697 10634 10636
f 10636 10634 2643 10635
f 10631 10636 10635 2641
f 2642 10637 10639 10633
f 10637 2644 10638 10639
f 10639 10638 1696 7893
f 10633 10639 7893 1697
f 2642 10630 10641 10637
f 10630 1942 8480 10641
f 10641 8480 1941 10640
f 10637 10641 10640 2644
f 2644 10642 10643 10638
f 10642 1749 8013 10643
f 10643 8013 1698 7896
f 10638 10643 7896 1696
f 2644 10640 10644 10642
f 10640 1941 8477 10644
f 10644 8477 1748 8008
f 10642 10644 8008 1749
f 2643 10645 10649 10648
f 10645 2647 10646 10649
f 10649 10646 2646 10647
f 10648 10649 10647 2645
f 2643 10634 10651 10645
f 10634 1697 7892 10651
f 10651 7892 1693 10650
f 10645 10651 10650 2647
f 2643 10648 10653 10635
f 10648 2645 10652 10653
f 10653 10652 2640 10627
f 10635 10653 10627 2641
f 2647 10654 10657 10646
f 10654 2649 10655 10657
f 10657 10655 2648 10656
f 10646 10657 10656 2646
f 2647 10650 10659 10654
f 10650 1693 7889 10659
f 10659 7889 1694 10658
f 10654 10659 10658 2649
f 2649 10660 10663 10655
f 10660 2651 10661 10663
f 10663 10661 2650 10662
f 10655 10663 10662 2648
f 2649 10658 10666 10660
f 10658 1694 10664 10666
f 10666 10664 2652 10665
f 10660 10666 10665 2651
f 2652 10667 10670 10665
f 10667 2654 10668 10670
f 10670 10668 2653 10669
f 10665 10670 10669 2651
f 2652 10671 10674 10667
f 10671 2656 10672 10674
f 10674 10672 2655 10673
f 10667 10674 10673 2654
f 2652 10664 10676 10671
f 10664 1694 7888 10676
f 10676 7888 1695 10675
f 10671 10676 10675 2656
f 2656 10677 10679 10672
f 10677 1744 8004 10679
f 10679 8004 1745 10678
f 10672 10679 10678 2655
f 2656 10675 10680 10677
f 10675 1695 7897 10680
f 10680 7897 1698 8012
f 10677 10680 8012 1744
f 2655 10681 10684 10673
f 10681 2658 10682 10684
f 10684 10682 2657 10683
f 10673 10684 10683 2654
f 2655 10678 10686 10681
f 10678 1745 8279 10686
f 10686 8279 1858 10685
f 10681 10686 10685 2658
f 2658 10687 10690 10682
f 10687 2660 10688 10690
f 10690 10688 2659 10689
f 10682 10690 10689 2657
f 2658 10685 10693 10687
f 10685 1858 10691 10693
f 10693 10691 2661 10692
f 10687 10693 10692 2660
f 2661 10694 10697 10692
f 10694 2663 10695 10697
f 10697 10695 2662 10696
f 10692 10697 10696 2660
f 2661 10698 10701 10694
f 10698 2665 10699 10701
f 10701 10699 2664 10700
f 10694 10701 10700 2663
f 2661 10691 10703 10698
f 10691 1858 8278 10703
f 10703 8278 1657 10702
f 10698 10703 10702 2665
f 2665 10704 10707 10699
f 10704 2667 10705 10707
f 10707 10705 2666 10706
f 10699 10707 10706 2664
f 2665 10702 10709 10704
f 10702 1657 8283 10709
f 10709 8283 1859 10708
f 10704 10709 10708 2667
f 2667 10710 10713 10705
f 10710 2669 10711 10713
f 10713 10711 2668 10712
f 10705 10713 10712 2666
f 2667 10708 10716 10710
f 10708 1859 10714 10716
f 10716 10714 2670 10715
f 10710 10716 10715 2669
f 2670 10717 10720 10715
f 10717 2672 10718 10720
f 10720 10718 2671 10719
f 10715 10720 10719 2669
f 2670 10721 10724 10717
f 10721 2674 10722 10724
f 10724 10722 2673 10723
f 10717 10724 10723 2672
f 2670 10714 10726 10721
f 10714 1859 8282 10726
f 10726 8282 1860 10725
f 10721 10726 10725 2674
f 2674 10727 10730 10722
f 10727 2676 10728 10730
f 10730 10728 2675 10729
f 10722 10730 10729 2673
f 2674 10725 10733 10727
f 10725 1860 10731 10733
f 10733 10731 2677 10732
f 10727 10733 10732 2676
f 2677 10731 10735 10734
f 10731 1860 8281 10735
f 10735 8281 1767 8056
f 10734 10735 8056 1768
f 2677 10736 10738 10732
f 10736 2425 9919 10738
f 10738 9919 2426 10737
f 10732 10738 10737 2676
f 2677 10734 10741 10736
f 10734 1768 10739 10741
f 10741 10739 2678 10740
f 10736 10741 10740 2425
f 2678 10739 10744 10743
f 10739 1768 8055 10744
f 10744 8055 1638 10742
f 10743 10744 10742 1760
f 2678 10745 10746 10740
f 10745 2429 9928 10746
f 10746 9928 2424 9920
f 10740 10746 9920 2425
f 2678 10743 10748 10745
f 10743 1760 8035 10748
f 10748 8035 1761 10747
f 10745 10748 10747 2429
f 2676 10737 10750 10728
f 10737 2426 9923 10750
f 10750 9923 2420 10749
f 10728 10750 10749 2675
f 2675 10751 10754 10729
f 10751 1772 10752 10754
f 10754 10752 2679 10753
f 10729 10754 10753 2673
f 2675 10749 10755 10751
f 10749 2420 9902 10755
f 10755 9902 1771 8069
f 10751 10755 8069 1772
f 2679 10756 10758 10753
f 10756 2680 10757 10758
f 10758 10757 2672 10723
f 10753 10758 10723 2673
f 2679 10759 10762 10756
f 10759 2682 10760 10762
f 10762 10760 2681 10761
f 10756 10762 10761 2680
f 2679 10752 10764 10759
f 10752 1772 8068 10764
f 10764 8068 1773 10763
f 10759 10764 10763 2682
f 2682 10765 10768 10760
f 10765 2684 10766 10768
f 10768 10766 2683 10767
f 10760 10768 10767 2681
f 2682 10763 10771 10765
f 10763 1773 10769 10771
f 10771 10769 2685 10770
f 10765 10771 10770 2684
f 2685 10772 10775 10770
f 10772 2687 10773 10775
f 10775 10773 2686 10774
f 10770 10775 10774 2684
f 2685 10776 10779 10772
f 10776 2689 10777 10779
f 10779 10777 2688 10778
f 10772 10779 10778 2687
f 2685 10769 10781 10776
f 10769 1773 8066 10781
f 10781 8066 1774 10780
f 10776 10781 10780 2689
f 2689 10782 10785 10777
f 10782 1872 10783 10785
f 10785 10783 2690 10784
f 10777 10785 10784 2688
f 2689 10780 10787 10782
f 10780 1774 10786 10787
f 10787 10786 1871 8310
f 10782 10787 8310 1872
f 2690 10788 10791 10784
f 10788 2692 10789 10791
f 10791 10789 2691 10790
f 10784 10791 10790 2688
f 2690 10792 10795 10788
f 10792 1875 10793 10795
f 10795 10793 2693 10794
f 10788 10795 10794 2692
f 2690 10783 10796 10792
f 10783 1872 8309 10796
f 10796 8309 1661 8318
f 10792 10796 8318 1875
f 2693 10797 10799 10794
f 10797 1924 8440 10799
f 10799 8440 1925 10798
f 10794 10799 10798 2692
f 2693 10800 10802 10797
f 10800 2694 10801 10802
f 10802 10801 1923 8435
f 10797 10802 8435 1924
f 2693 10793 10804 10800
f 10793 1875 8317 10804
f 10804 8317 1876 10803
f 10800 10804 10803 2694
f 2694 10805 10808 10801
f 10805 2696 10806 10808
f 10808 10806 2695 10807
f 10801 10808 10807 1923
f 2694 10803 10811 10805
f 10803 1876 10809 10811
f 10811 10809 2697 10810
f 10805 10811 10810 2696
f 2697 10809 10814 10813
f 10809 1876 8316 10814
f 10814 8316 1873 10812
f 10813 10814 10812 2698
f 2697 10815 10818 10810
f 10815 2700 10816 10818
f 10818 10816 2699 10817
f 10810 10818 10817 2696
f 2697 10813 10821 10815
f 10813 2698 10819 10821
f 10821 10819 2701 10820
f 10815 10821 10820 2700
f 2701 10819 10825 10824
f 10819 2698 10822 10825
f 10825 10822 2703 10823
f 10824 10825 10823 2702
f 2701 10826 10829 10820
f 10826 2705 10827 10829
f 10829 10827 2704 10828
f 10820 10829 10828 2700
f 2701 10824 10832 10826
f 10824 2702 10830 10832
f 10832 10830 2706 10831
f 10826 10832 10831 2705
f 2706 10830 10836 10835
f 10830 2702 10833 10836
f 10836 10833 2708 10834
f 10835 10836 10834 2707
f 2706 10837 10840 10831
f 10837 2710 10838 10840
f 10840 10838 2709 10839
f 10831 10840 10839 2705
f 2706 10835 10843 10837
f 10835 2707 10841 10843
f 10843 10841 2711 10842
f 10837 10843 10842 2710
f 2711 10841 10847 10846
f 10841 2707 10844 10847
f 10847 10844 2713 10845
f 10846 10847 10845 2712
f 2711 10848 10851 10842
f 10848 2715 10849 10851
f 10851 10849 2714 10850
f 10842 10851 10850 2710
f 2711 10846 10854 10848
f 10846 2712 10852 10854
f 10854 10852 2716 10853
f 10848 10854 10853 2715
f 2716 10852 10857 10856
f 10852 2712 10855 10857
f 10857 10855 1878 8325
f 10856 10857 8325 1879
f 2716 10858 10861 10853
f 10858 2718 10859 10861
f 10861 10859 2717 10860
f 10853 10861 10860 2715
f 2716 10856 10863 10858
f 10856 1879 8328 10863
f 10863 8328 1692 10862
f 10858 10863 10862 2718
f 2718 10864 10867 10859
f 10864 2720 10865 10867
f 10867 10865 2719 10866
f 10859 10867 10866 2717
f 2718 10862 10869 10864
f 10862 1692 7884 10869
f 10869 7884 1687 10868
f 10864 10869 10868 2720
f 2720 10870 10873 10865
f 10870 2722 10871 10873
f 10873 10871 2721 10872
f 10865 10873 10872 2719
f 2720 10868 10875 10870
f 10868 1687 7877 10875
f 10875 7877 1688 10874
f 10870 10875 10874 2722
f 2722 10876 10879 10871
f 10876 2724 10877 10879
f 10879 10877 2723 10878
f 10871 10879 10878 2721
f 2722 10874 10882 10876
f 10874 1688 10880 10882
f 10882 10880 2725 10881
f 10876 10882 10881 2724
f 2725 10880 10885 10884
f 10880 1688 7876 10885
f 10885 7876 1689 10883
f 10884 10885 10883 2726
f 2725 10886 10888 10881
f 10886 1787 8098 10888
f 10888 8098 1788 10887
f 10881 10888 10887 2724
f 2725 10884 10890 10886
f 10884 2726 10889 10890
f 10890 10889 1786 8093
f 10886 10890 8093 1787
f 2726 10891 10894 10889
f 10891 2728 10892 10894
f 10894 10892 2727 10893
f 10889 10894 10893 1786
f 2726 10883 10896 10891
f 10883 1689 7882 10896
f 10896 7882 1690 10895
f 10891 10896 10895 2728
f 2728 10897 10900 10892
f 10897 2730 10898 10900
f 10900 10898 2729 10899
f 10892 10900 10899 2727
f 2728 10895 10902 10897
f 10895 1690 8321 10902
f 10902 8321 1877 10901
f 10897 10902 10901 2730
f 2730 10903 10906 10898
f 10903 2732 10904 10906
f 10906 10904 2731 10905
f 10898 10906 10905 2729
f 2730 10901 10908 10903
f 10901 1877 8326 10908
f 10908 8326 1878 10907
f 10903 10908 10907 2732
f 2732 10909 10912 10904
f 10909 2713 10910 10912
f 10912 10910 2733 10911
f 10904 10912 10911 2731
f 2732 10907 10913 10909
f 10907 1878 10855 10913
f 10913 10855 2712 10845
f 10909 10913 10845 2713
f 2733 10914 10917 10911
f 10914 2735 10915 10917
f 10917 10915 2734 10916
f 10911 10917 10916 2731
f 2733 10918 10921 10914
f 10918 2708 10919 10921
f 10921 10919 2736 10920
f 10914 10921 10920 2735
f 2733 10910 10922 10918
f 10910 2713 10844 10922
f 10922 10844 2707 10834
f 10918 10922 10834 2708
f 2736 10923 10925 10920
f 10923 1885 8343 10925
f 10925 8343 1886 10924
f 10920 10925 10924 2735
f 2736 10926 10928 10923
f 10926 2703 10927 10928
f 10928 10927 1874 8346
f 10923 10928 8346 1885
f 2736 10919 10929 10926
f 10919 2708 10833 10929
f 10929 10833 2702 10823
f 10926 10929 10823 2703
f 2735 10924 10932 10915
f 10924 1886 10930 10932
f 10932 10930 2737 10931
f 10915 10932 10931 2734
f 2737 10933 10937 10936
f 10933 2740 10934 10937
f 10937 10934 2739 10935
f 10936 10937 10935 2738
f 2737 10930 10939 10933
f 10930 1886 8342 10939
f 10939 8342 1884 10938
f 10933 10939 10938 2740
f 2737 10936 10942 10931
f 10936 2738 10940 10942
f 10942 10940 2741 10941
f 10931 10942 10941 2734
f 2741 10940 10946 10945
f 10940 2738 10943 10946
f 10946 10943 2743 10944
f 10945 10946 10944 2742
f 2741 10947 10948 10941
f 10947 2729 10905 10948
f 10948 10905 2731 10916
f 10941 10948 10916 2734
f 2741 10945 10950 10947
f 10945 2742 10949 10950
f 10950 10949 2727 10899
f 10947 10950 10899 2729
f 2743 10951 10955 10954
f 10951 2744 10952 10955
f 10955 10952 1917 10953
f 10954 10955 10953 1782
f 2743 10943 10957 10951
f 10943 2738 10935 10957
f 10957 10935 2739 10956
f 10951 10957 10956 2744
f 2743 10954 10959 10944
f 10954 1782 8084 10959
f 10959 8084 1783 10958
f 10944 10959 10958 2742
f 2744 10960 10961 10952
f 10960 1791 8105 10961
f 10961 8105 1792 8419
f 10952 10961 8419 1917
f 2744 10956 10963 10960
f 10956 2739 10962 10963
f 10963 10962 1795 8108
f 10960 10963 8108 1791
f 2742 10958 10964 10949
f 10958 1783 8094 10964
f 10964 8094 1786 10893
f 10949 10964 10893 2727
f 2740 10965 10966 10934
f 10965 1799 8123 10966
f 10966 8123 1795 10962
f 10934 10966 10962 2739
f 2740 10938 10968 10965
f 10938 1884 8339 10968
f 10968 8339 1882 10967
f 10965 10968 10967 1799
f 2724 10887 10971 10877
f 10887 1788 10969 10971
f 10971 10969 2745 10970
f 10877 10971 10970 2723
f 2745 10972 10974 10970
f 10972 1933 8457 10974
f 10974 8457 1928 10973
f 10970 10974 10973 2723
f 2745 10975 10978 10972
f 10975 2747 10976 10978
f 10978 10976 2746 10977
f 10972 10978 10977 1933
f 2745 10969 10980 10975
f 10969 1788 8097 10980
f 10980 8097 1789 10979
f 10975 10980 10979 2747
f 2747 10981 10983 10976
f 10981 1907 8398 10983
f 10983 8398 1908 10982
f 10976 10983 10982 2746
f 2747 10979 10985 10981
f 10979 1789 8101 10985
f 10985 8101 1790 10984
f 10981 10985 10984 1907
f 2746 10986 10988 10977
f 10986 2748 10987 10988
f 10988 10987 1932 8458
f 10977 10988 8458 1933
f 2746 10982 10990 10986
f 10982 1908 8404 10990
f 10990 8404 1909 10989
f 10986 10990 10989 2748
f 2748 10989 10994 10993
f 10989 1909 10991 10994
f 10994 10991 2750 10992
f 10993 10994 10992 2749
f 2748 10993 10996 10987
f 10993 2749 10995 10996
f 10996 10995 1931 8454
f 10987 10996 8454 1932
f 2750 10997 11001 11000
f 10997 2752 10998 11001
f 11001 10998 2751 10999
f 11000 11001 10999 1780
f 2750 10991 11003 10997
f 10991 1909 8403 11003
f 11003 8403 1910 11002
f 10997 11003 11002 2752
f 2750 11000 11005 10992
f 11000 1780 8080 11005
f 11005 8080 1778 11004
f 10992 11005 11004 2749
f 2752 11006 11009 10998
f 11006 2754 11007 11009
f 11009 11007 2753 11008
f 10998 11009 11008 2751
f 2752 11002 11011 11006
f 11002 1910 8407 11011
f 11011 8407 1911 11010
f 11006 11011 11010 2754
f 2754 11012 11015 11007
f 11012 2756 11013 11015
f 11015 11013 2755 11014
f 11007 11015 11014 2753
f 2754 11010 11018 11012
f 11010 1911 11016 11018
f 11018 11016 2757 11017
f 11012 11018 11017 2756
f 2757 11019 11022 11017
f 11019 2759 11020 11022
f 11022 11020 2758 11021
f 11017 11022 11021 2756
f 2757 11023 11026 11019
f 11023 2761 11024 11026
f 11026 11024 2760 11025
f 11019 11026 11025 2759
f 2757 11016 11028 11023
f 11016 1911 8406 11028
f 11028 8406 1906 11027
f 11023 11028 11027 2761
f 2761 11029 11031 11024
f 11029 1790 8100 11031
f 11031 8100 1784 11030
f 11024 11031 11030 2760
f 2761 11027 11032 11029
f 11027 1906 8399 11032
f 11032 8399 1907 10984
f 11029 11032 10984 1790
f 2760 11033 11036 11025
f 11033 2762 11034 11036
f 11036 11034 1921 11035
f 11025 11036 11035 2759
f 2760 11030 11038 11033
f 11030 1784 8089 11038
f 11038 8089 1785 11037
f 11033 11038 11037 2762
f 2762 11039 11041 11034
f 11039 2763 11040 11041
f 11041 11040 1920 8431
f 11034 11041 8431 1921
f 2762 11037 11044 11039
f 11037 1785 11042 11044
f 11044 11042 1912 11043
f 11039 11044 11043 2763
f 2763 11045 11046 11040
f 11045 1833 8225 11046
f 11046 8225 1834 8446
f 11040 11046 8446 1920
f 2763 11043 11048 11045
f 11043 1912 8411 11048
f 11048 8411 1913 11047
f 11045 11048 11047 1833
f 2759 11035 11050 11020
f 11035 1921 8430 11050
f 11050 8430 1922 11049
f 11020 11050 11049 2758
f 2758 11049 11052 11051
f 11049 1922 8436 11052
f 11052 8436 1923 10807
f 11051 11052 10807 2695
f 2758 11051 11054 11021
f 11051 2695 11053 11054
f 11054 11053 2755 11013
f 11021 11054 11013 2756
f 2755 11053 11056 11055
f 11053 2695 10806 11056
f 11056 10806 2696 10817
f 11055 11056 10817 2699
f 2755 11055 11059 11014
f 11055 2699 11057 11059
f 11059 11057 2764 11058
f 11014 11059 11058 2753
f 2764 11057 11061 11060
f 11057 2699 10816 11061
f 11061 10816 2700 10828
f 11060 11061 10828 2704
f 2764 11062 11064 11058
f 11062 2765 11063 11064
f 11064 11063 2751 11008
f 11058 11064 11008 2753
f 2764 11060 11067 11062
f 11060 2704 11065 11067
f 11067 11065 2766 11066
f 11062 11067 11066 2765
f 2766 11065 11069 11068
f 11065 2704 10827 11069
f 11069 10827 2705 10839
f 11068 11069 10839 2709
f 2766 11070 11072 11066
f 11070 1776 8072 11072
f 11072 8072 1777 11071
f 11066 11072 11071 2765
f 2766 11068 11075 11070
f 11068 2709 11073 11075
f 11075 11073 2767 11074
f 11070 11075 11074 1776
f 2767 11073 11077 11076
f 11073 2709 10838 11077
f 11077 10838 2710 10850
f 11076 11077 10850 2714
f 2767 11078 11080 11074
f 11078 2768 11079 11080
f 11080 11079 1775 8073
f 11074 11080 8073 1776
f 2767 11076 11083 11078
f 11076 2714 11081 11083
f 11083 11081 2769 11082
f 11078 11083 11082 2768
f 2769 11081 11085 11084
f 11081 2714 10849 11085
f 11085 10849 2715 10860
f 11084 11085 10860 2717
f 2769 11086 11089 11082
f 11086 2771 11087 11089
f 11089 11087 2770 11088
f 11082 11089 11088 2768
f 2769 11084 11091 11086
f 11084 2717 10866 11091
f 11091 10866 2719 11090
f 11086 11091 11090 2771
f 2771 11092 11094 11087
f 11092 1929 8449 11094
f 11094 8449 1930 11093
f 11087 11094 11093 2770
f 2771 11090 11096 11092
f 11090 2719 10872 11096
f 11096 10872 2721 11095
f 11092 11096 11095 1929
f 2770 11097 11098 11088
f 11097 1779 8076 11098
f 11098 8076 1775 11079
f 11088 11098 11079 2768
f 2770 11093 11100 11097
f 11093 1930 8455 11100
f 11100 8455 1931 11099
f 11097 11100 11099 1779
f 2765 11071 11101 11063
f 11071 1777 8081 11101
f 11101 8081 1780 10999
f 11063 11101 10999 2751
f 2749 11004 11102 10995
f 11004 1778 8077 11102
f 11102 8077 1779 11099
f 10995 11102 11099 1931
f 2723 10973 11103 10878
f 10973 1928 8450 11103
f 11103 8450 1929 11095
f 10878 11103 11095 2721
f 2703 10822 11104 10927
f 10822 2698 10812 11104
f 11104 10812 1873 8313
f 10927 11104 8313 1874
f 2692 10798 11107 10789
f 10798 1925 11105 11107
f 11107 11105 2772 11106
f 10789 11107 11106 2691
f 2772 11108 11111 11106
f 11108 2774 11109 11111
f 11111 11109 2773 11110
f 11106 11111 11110 2691
f 2772 11112 11115 11108
f 11112 2776 11113 11115
f 11115 11113 2775 11114
f 11108 11115 11114 2774
f 2772 11105 11117 11112
f 11105 1925 8439 11117
f 11117 8439 1926 11116
f 11112 11117 11116 2776
f 2776 11118 11121 11113
f 11118 2778 11119 11121
f 11121 11119 2777 11120
f 11113 11121 11120 2775
f 2776 11116 11123 11118
f 11116 1926 8444 11123
f 11123 8444 1927 11122
f 11118 11123 11122 2778
f 2778 11124 11127 11119
f 11124 2780 11125 11127
f 11127 11125 2779 11126
f 11119 11127 11126 2777
f 2778 11122 11130 11124
f 11122 1927 11128 11130
f 11130 11128 2781 11129
f 11124 11130 11129 2780
f 2781 11131 11134 11129
f 11131 2783 11132 11134
f 11134 11132 2782 11133
f 11129 11134 11133 2780
f 2781 11135 11137 11131
f 11135 1830 8221 11137
f 11137 8221 1831 11136
f 11131 11137 11136 2783
f 2781 11128 11138 11135
f 11128 1927 8443 11138
f 11138 8443 1835 8228
f 11135 11138 8228 1830
f 2783 11139 11141 11132
f 11139 1713 7923 11141
f 11141 7923 1626 11140
f 11132 11141 11140 2782
f 2783 11136 11144 11139
f 11136 1831 11142 11144
f 11144 11142 2784 11143
f 11139 11144 11143 1713
f 2784 11145 11149 11148
f 11145 2787 11146 11149
f 11149 11146 2786 11147
f 11148 11149 11147 2785
f 2784 11142 11151 11145
f 11142 1831 8220 11151
f 11151 8220 1832 11150
f 11145 11151 11150 2787
f 2784 11148 11153 11143
f 11148 2785 11152 11153
f 11153 11152 1712 7924
f 11143 11153 7924 1713
f 2787 11154 11156 11146
f 11154 1913 8410 11156
f 11156 8410 1914 11155
f 11146 11156 11155 2786
f 2787 11150 11157 11154
f 11150 1832 8226 11157
f 11157 8226 1833 11047
f 11154 11157 11047 1913
f 2786 11155 11160 11159
f 11155 1914 8416 11160
f 11160 8416 1915 11158
f 11159 11160 11158 2788
f 2786 11159 11163 11147
f 11159 2788 11161 11163
f 11163 11161 2789 11162
f 11147 11163 11162 2785
f 2789 11161 11167 11166
f 11161 2788 11164 11167
f 11167 11164 2790 11165
f 11166 11167 11165 1801
f 2789 11168 11170 11162
f 11168 2791 11169 11170
f 11170 11169 1712 11152
f 11162 11170 11152 2785
f 2789 11166 11172 11168
f 11166 1801 8127 11172
f 11172 8127 1802 11171
f 11168 11172 11171 2791
f 2791 11173 11175 11169
f 11173 2792 11174 11175
f 11175 11174 1711 7925
f 11169 11175 7925 1712
f 2791 11171 11178 11173
f 11171 1802 11176 11178
f 11178 11176 2793 11177
f 11173 11178 11177 2792
f 2793 11176 11181 11180
f 11176 1802 8126 11181
f 11181 8126 1644 11179
f 11180 11181 11179 2794
f 2793 11182 11184 11177
f 11182 1252 6512 11184
f 11184 6512 1251 11183
f 11177 11184 11183 2792
f 2793 11180 11186 11182
f 11180 2794 11185 11186
f 11186 11185 1253 6515
f 11182 11186 6515 1252
f 1253 11185 11189 6518
f 11185 2794 11187 11189
f 11189 11187 2795 11188
f 6518 11189 11188 1254
f 2795 11190 11192 11191
f 11190 1805 8427 11192
f 11192 8427 1828 8206
f 11191 11192 8206 1829
f 2795 11187 11193 11190
f 11187 2794 11179 11193
f 11193 11179 1644 8137
f 11190 11193 8137 1805
f 2795 11191 11194 11188
f 11191 1829 8211 11194
f 11194 8211 216 6526
f 11188 11194 6526 1254
f 1251 6528 11195 11183
f 6528 95 7928 11195
f 11195 7928 1711 11174
f 11183 11195 11174 2792
f 2790 11196 11200 11199
f 11196 2798 11197 11200
f 11200 11197 2797 11198
f 11199 11200 11198 2796
f 2790 11164 11202 11196
f 11164 2788 11158 11202
f 11202 11158 1915 11201
f 11196 11202 11201 2798
f 2790 11199 11204 11165
f 11199 2796 11203 11204
f 11204 11203 1800 8128
f 11165 11204 8128 1801
f 2798 11205 11208 11197
f 11205 2800 11206 11208
f 11208 11206 2799 11207
f 11197 11208 11207 2797
f 2798 11201 11210 11205
f 11201 1915 8415 11210
f 11210 8415 1916 11209
f 11205 11210 11209 2800
f 2800 11211 11213 11206
f 11211 1793 8113 11213
f 11213 8113 1796 11212
f 11206 11213 11212 2799
f 2800 11209 11214 11211
f 11209 1916 8420 11214
f 11214 8420 1792 8104
f 11211 11214 8104 1793
f 2799 11212 11216 11215
f 11212 1796 8116 11216
f 11216 8116 1797 8377
f 11215 11216 8377 1898
f 2799 11215 11219 11207
f 11215 1898 11217 11219
f 11219 11217 2801 11218
f 11207 11219 11218 2797
f 2801 11217 11222 11221
f 11217 1898 8376 11222
f 11222 8376 1899 11220
f 11221 11222 11220 2802
f 2801 11223 11225 11218
f 11223 2803 11224 11225
f 11225 11224 2796 11198
f 11218 11225 11198 2797
f 2801 11221 11228 11223
f 11221 2802 11226 11228
f 11228 11226 2804 11227
f 11223 11228 11227 2803
f 2804 11226 11232 11231
f 11226 2802 11229 11232
f 11232 11229 1901 11230
f 11231 11232 11230 1824
f 2804 11233 11236 11227
f 11233 2805 11234 11236
f 11236 11234 1804 11235
f 11227 11236 11235 2803
f 2804 11231 11238 11233
f 11231 1824 8197 11238
f 11238 8197 1818 11237
f 11233 11238 11237 2805
f 2805 11239 11240 11234
f 11239 1919 8422 11240
f 11240 8422 1803 8132
f 11234 11240 8132 1804
f 2805 11237 11242 11239
f 11237 1818 8180 11242
f 11242 8180 1819 11241
f 11239 11242 11241 1919
f 2803 11235 11243 11224
f 11235 1804 8131 11243
f 11243 8131 1800 11203
f 11224 11243 11203 2796
f 2802 11220 11244 11229
f 11220 1899 8381 11244
f 11244 8381 1668 8386
f 11229 11244 8386 1901
f 2782 11245 11247 11133
f 11245 2806 11246 11247
f 11247 11246 2779 11125
f 11133 11247 11125 2780
f 2782 11140 11249 11245
f 11140 1626 7932 11249
f 11249 7932 1714 11248
f 11245 11249 11248 2806
f 2806 11250 11253 11246
f 11250 2808 11251 11253
f 11253 11251 2807 11252
f 11246 11253 11252 2779
f 2806 11248 11256 11250
f 11248 1714 11254 11256
f 11256 11254 2809 11255
f 11250 11256 11255 2808
f 2809 11257 11260 11255
f 11257 2811 11258 11260
f 11260 11258 2810 11259
f 11255 11260 11259 2808
f 2809 11261 11263 11257
f 11261 1273 6596 11263
f 11263 6596 1272 11262
f 11257 11263 11262 2811
f 2809 11254 11264 11261
f 11254 1714 7931 11264
f 11264 7931 97 6599
f 11261 11264 6599 1273
f 1272 6603 11267 11262
f 6603 1275 11265 11267
f 11267 11265 2812 11266
f 11262 11267 11266 2811
f 1275 6607 11270 11265
f 6607 1277 11268 11270
f 11270 11268 2813 11269
f 11265 11270 11269 2812
f 1277 6610 11272 11268
f 6610 368 8558 11272
f 11272 8558 1969 11271
f 11268 11272 11271 2813
f 2813 11271 11276 11275
f 11271 1969 11273 11276
f 11276 11273 2815 11274
f 11275 11276 11274 2814
f 2813 11275 11279 11269
f 11275 2814 11277 11279
f 11279 11277 2816 11278
f 11269 11279 11278 2812
f 2816 11277 11283 11282
f 11277 2814 11280 11283
f 11283 11280 2818 11281
f 11282 11283 11281 2817
f 2816 11284 11285 11278
f 11284 2810 11258 11285
f 11285 11258 2811 11266
f 11278 11285 11266 2812
f 2816 11282 11288 11284
f 11282 2817 11286 11288
f 11288 11286 2819 11287
f 11284 11288 11287 2810
f 2819 11286 11292 11291
f 11286 2817 11289 11292
f 11292 11289 2821 11290
f 11291 11292 11290 2820
f 2819 11293 11294 11287
f 11293 2807 11251 11294
f 11294 11251 2808 11259
f 11287 11294 11259 2810
f 2819 11291 11297 11293
f 11291 2820 11295 11297
f 11297 11295 2822 11296
f 11293 11297 11296 2807
f 2822 11295 11301 11300
f 11295 2820 11298 11301
f 11301 11298 2824 11299
f 11300 11301 11299 2823
f 2822 11302 11303 11296
f 11302 2777 11126 11303
f 11303 11126 2779 11252
f 11296 11303 11252 2807
f 2822 11300 11305 11302
f 11300 2823 11304 11305
f 11305 11304 2775 11120
f 11302 11305 11120 2777
f 2824 11306 11310 11309
f 11306 2827 11307 11310
f 11310 11307 2826 11308
f 11309 11310 11308 2825
f 2824 11298 11312 11306
f 11298 2820 11290 11312
f 11312 11290 2821 11311
f 11306 11312 11311 2827
f 2824 11309 11315 11299
f 11309 2825 11313 11315
f 11315 11313 2828 11314
f 11299 11315 11314 2823
f 2828 11313 11319 11318
f 11313 2825 11316 11319
f 11319 11316 2830 11317
f 11318 11319 11317 2829
f 2828 11320 11321 11314
f 11320 2774 11114 11321
f 11321 11114 2775 11304
f 11314 11321 11304 2823
f 2828 11318 11323 11320
f 11318 2829 11322 11323
f 11323 11322 2773 11109
f 11320 11323 11109 2774
f 2830 11324 11328 11327
f 11324 2833 11325 11328
f 11328 11325 2832 11326
f 11327 11328 11326 2831
f 2830 11316 11330 11324
f 11316 2825 11308 11330
f 11330 11308 2826 11329
f 11324 11330 11329 2833
f 2830 11327 11333 11317
f 11327 2831 11331 11333
f 11333 11331 2686 11332
f 11317 11333 11332 2829
f 2833 11334 11337 11325
f 11334 2835 11335 11337
f 11337 11335 2834 11336
f 11325 11337 11336 2832
f 2833 11329 11340 11334
f 11329 2826 11338 11340
f 11340 11338 2836 11339
f 11334 11340 11339 2835
f 2836 11341 11344 11339
f 11341 2838 11342 11344
f 11344 11342 2837 11343
f 11339 11344 11343 2835
f 2836 11345 11348 11341
f 11345 2840 11346 11348
f 11348 11346 2839 11347
f 11341 11348 11347 2838
f 2836 11338 11350 11345
f 11338 2826 11307 11350
f 11350 11307 2827 11349
f 11345 11350 11349 2840
f 2840 11351 11354 11346
f 11351 2842 11352 11354
f 11354 11352 2841 11353
f 11346 11354 11353 2839
f 2840 11349 11356 11351
f 11349 2827 11311 11356
f 11356 11311 2821 11355
f 11351 11356 11355 2842
f 2842 11357 11360 11352
f 11357 2818 11358 11360
f 11360 11358 2843 11359
f 11352 11360 11359 2841
f 2842 11355 11361 11357
f 11355 2821 11289 11361
f 11361 11289 2817 11281
f 11357 11361 11281 2818
f 2843 11362 11365 11359
f 11362 2844 11363 11365
f 11365 11363 1866 11364
f 11359 11365 11364 2841
f 2843 11366 11369 11362
f 11366 2815 11367 11369
f 11369 11367 2845 11368
f 11362 11369 11368 2844
f 2843 11358 11370 11366
f 11358 2818 11280 11370
f 11370 11280 2814 11274
f 11366 11370 11274 2815
f 2845 11371 11374 11368
f 11371 2847 11372 11374
f 11374 11372 2846 11373
f 11368 11374 11373 2844
f 2845 11375 11377 11371
f 11375 1967 8554 11377
f 11377 8554 1968 11376
f 11371 11377 11376 2847
f 2845 11367 11378 11375
f 11367 2815 11273 11378
f 11378 11273 1969 8557
f 11375 11378 8557 1967
f 2847 11376 11382 11381
f 11376 1968 11379 11382
f 11382 11379 2849 11380
f 11381 11382 11380 2848
f 2847 11381 11385 11372
f 11381 2848 11383 11385
f 11385 11383 2850 11384
f 11372 11385 11384 2846
f 2850 11383 11389 11388
f 11383 2848 11386 11389
f 11389 11386 2852 11387
f 11388 11389 11387 2851
f 2850 11390 11392 11384
f 11390 1867 8297 11392
f 11392 8297 1865 11391
f 11384 11392 11391 2846
f 2850 11388 11395 11390
f 11388 2851 11393 11395
f 11395 11393 2853 11394
f 11390 11395 11394 1867
f 2853 11393 11399 11398
f 11393 2851 11396 11399
f 11399 11396 2855 11397
f 11398 11399 11397 2854
f 2853 11400 11402 11394
f 11400 2856 11401 11402
f 11402 11401 1864 8298
f 11394 11402 8298 1867
f 2853 11398 11405 11400
f 11398 2854 11403 11405
f 11405 11403 2857 11404
f 11400 11405 11404 2856
f 2857 11403 11409 11408
f 11403 2854 11406 11409
f 11409 11406 2859 11407
f 11408 11409 11407 2858
f 2857 11410 11413 11404
f 11410 2861 11411 11413
f 11413 11411 2860 11412
f 11404 11413 11412 2856
f 2857 11408 11416 11410
f 11408 2858 11414 11416
f 11416 11414 2862 11415
f 11410 11416 11415 2861
f 2862 11414 11420 11419
f 11414 2858 11417 11420
f 11420 11417 2864 11418
f 11419 11420 11418 2863
f 2862 11421 11424 11415
f 11421 2866 11422 11424
f 11424 11422 2865 11423
f 11415 11424 11423 2861
f 2862 11419 11427 11421
f 11419 2863 11425 11427
f 11427 11425 2867 11426
f 11421 11427 11426 2866
f 2867 11425 11431 11430
f 11425 2863 11428 11431
f 11431 11428 2869 11429
f 11430 11431 11429 2868
f 2867 11432 11435 11426
f 11432 2871 11433 11435
f 11435 11433 2870 11434
f 11426 11435 11434 2866
f 2867 11430 11438 11432
f 11430 2868 11436 11438
f 11438 11436 2872 11437
f 11432 11438 11437 2871
f 2872 11436 11442 11441
f 11436 2868 11439 11442
f 11442 11439 2874 11440
f 11441 11442 11440 2873
f 2872 11443 11446 11437
f 11443 2876 11444 11446
f 11446 11444 2875 11445
f 11437 11446 11445 2871
f 2872 11441 11449 11443
f 11441 2873 11447 11449
f 11449 11447 2671 11448
f 11443 11449 11448 2876
f 2876 11450 11452 11444
f 11450 2680 10761 11452
f 11452 10761 2681 11451
f 11444 11452 11451 2875
f 2876 11448 11453 11450
f 11448 2671 10718 11453
f 11453 10718 2672 10757
f 11450 11453 10757 2680
f 2875 11454 11456 11445
f 11454 2877 11455 11456
f 11456 11455 2870 11433
f 11445 11456 11433 2871
f 2875 11451 11458 11454
f 11451 2681 10767 11458
f 11458 10767 2683 11457
f 11454 11458 11457 2877
f 2877 11459 11461 11455
f 11459 2832 11336 11461
f 11461 11336 2834 11460
f 11455 11461 11460 2870
f 2877 11457 11463 11459
f 11457 2683 11462 11463
f 11463 11462 2831 11326
f 11459 11463 11326 2832
f 2874 11464 11468 11467
f 11464 2880 11465 11468
f 11468 11465 2879 11466
f 11467 11468 11466 2878
f 2874 11439 11470 11464
f 11439 2868 11429 11470
f 11470 11429 2869 11469
f 11464 11470 11469 2880
f 2874 11467 11473 11440
f 11467 2878 11471 11473
f 11473 11471 2668 11472
f 11440 11473 11472 2873
f 2880 11474 11477 11465
f 11474 2882 11475 11477
f 11477 11475 2881 11476
f 11465 11477 11476 2879
f 2880 11469 11480 11474
f 11469 2869 11478 11480
f 11480 11478 2883 11479
f 11474 11480 11479 2882
f 2883 11481 11484 11479
f 11481 2885 11482 11484
f 11484 11482 2884 11483
f 11479 11484 11483 2882
f 2883 11485 11488 11481
f 11485 2864 11486 11488
f 11488 11486 2886 11487
f 11481 11488 11487 2885
f 2883 11478 11489 11485
f 11478 2869 11428 11489
f 11489 11428 2863 11418
f 11485 11489 11418 2864
f 2886 11490 11493 11487
f 11490 2888 11491 11493
f 11493 11491 2887 11492
f 11487 11493 11492 2885
f 2886 11494 11497 11490
f 11494 2859 11495 11497
f 11497 11495 2889 11496
f 11490 11497 11496 2888
f 2886 11486 11498 11494
f 11486 2864 11417 11498
f 11498 11417 2858 11407
f 11494 11498 11407 2859
f 2889 11499 11502 11496
f 11499 2891 11500 11502
f 11502 11500 2890 11501
f 11496 11502 11501 2888
f 2889 11503 11506 11499
f 11503 2855 11504 11506
f 11506 11504 2892 11505
f 11499 11506 11505 2891
f 2889 11495 11507 11503
f 11495 2859 11406 11507
f 11507 11406 2854 11397
f 11503 11507 11397 2855
f 2892 11508 11511 11505
f 11508 2894 11509 11511
f 11511 11509 2893 11510
f 11505 11511 11510 2891
f 2892 11512 11515 11508
f 11512 2852 11513 11515
f 11515 11513 2895 11514
f 11508 11515 11514 2894
f 2892 11504 11516 11512
f 11504 2855 11396 11516
f 11516 11396 2851 11387
f 11512 11516 11387 2852
f 2895 11517 11519 11514
f 11517 1361 6857 11519
f 11519 6857 1360 11518
f 11514 11519 11518 2894
f 2895 11520 11522 11517
f 11520 2849 11521 11522
f 11522 11521 1362 6860
f 11517 11522 6860 1361
f 2895 11513 11523 11520
f 11513 2852 11386 11523
f 11523 11386 2848 11380
f 11520 11523 11380 2849
f 1362 11521 11524 6865
f 11521 2849 11379 11524
f 11524 11379 1968 8553
f 6865 11524 8553 367
f 1360 6868 11526 11518
f 6868 1363 11525 11526
f 11526 11525 2893 11509
f 11518 11526 11509 2894
f 1363 6872 11529 11525
f 6872 1365 11527 11529
f 11529 11527 2896 11528
f 11525 11529 11528 2893
f 1365 6876 11532 11527
f 6876 1367 11530 11532
f 11532 11530 2897 11531
f 11527 11532 11531 2896
f 1367 6880 11535 11530
f 6880 1369 11533 11535
f 11535 11533 2898 11534
f 11530 11535 11534 2897
f 1369 6884 11538 11533
f 6884 1371 11536 11538
f 11538 11536 2899 11537
f 11533 11538 11537 2898
f 1371 6888 11541 11536
f 6888 1373 11539 11541
f 11541 11539 2900 11540
f 11536 11541 11540 2899
f 1373 6892 11544 11539
f 6892 1375 11542 11544
f 11544 11542 2901 11543
f 11539 11544 11543 2900
f 1375 6896 11547 11542
f 6896 1377 11545 11547
f 11547 11545 2902 11546
f 11542 11547 11546 2901
f 1377 6900 11550 11545
f 6900 1379 11548 11550
f 11550 11548 2903 11549
f 11545 11550 11549 2902
f 1379 6904 11553 11548
f 6904 1381 11551 11553
f 11553 11551 2904 11552
f 11548 11553 11552 2903
f 1381 6908 11556 11551
f 6908 1383 11554 11556
f 11556 11554 2905 11555
f 11551 11556 11555 2904
f 1383 6912 11559 11554
f 6912 1385 11557 11559
f 11559 11557 2906 11558
f 11554 11559 11558 2905
f 1385 6916 11562 11557
f 6916 1387 11560 11562
f 11562 11560 2907 11561
f 11557 11562 11561 2906
f 1387 6920 11565 11560
f 6920 1389 11563 11565
f 11565 11563 2908 11564
f 11560 11565 11564 2907
f 1389 6924 11568 11563
f 6924 1391 11566 11568
f 11568 11566 2909 11567
f 11563 11568 11567 2908
f 1391 6928 11571 11566
f 6928 1393 11569 11571
f 11571 11569 2910 11570
f 11566 11571 11570 2909
f 1393 6932 11574 11569
f 6932 1395 11572 11574
f 11574 11572 2911 11573
f 11569 11574 11573 2910
f 1395 6936 11577 11572
f 6936 1397 11575 11577
f 11577 11575 2912 11576
f 11572 11577 11576 2911
f 1397 6940 11580 11575
f 6940 1399 11578 11580
f 11580 11578 2913 11579
f 11575 11580 11579 2912
f 1399 6944 11583 11578
f 6944 1401 11581 11583
f 11583 11581 2914 11582
f 11578 11583 11582 2913
f 1401 6948 11586 11581
f 6948 1403 11584 11586
f 11586 11584 2915 11585
f 11581 11586 11585 2914
f 1403 6952 11589 11584
f 6952 1405 11587 11589
f 11589 11587 2916 11588
f 11584 11589 11588 2915
f 1405 6955 11591 11587
f 6955 375 8568 11591
f 11591 8568 1736 11590
f 11587 11591 11590 2916
f 2916 11592 11595 11588
f 11592 2918 11593 11595
f 11595 11593 2917 11594
f 11588 11595 11594 2915
f 2916 11590 11597 11592
f 11590 1736 7980 11597
f 11597 7980 1730 11596
f 11592 11597 11596 2918
f 2918 11598 11600 11593
f 11598 2567 10375 11600
f 11600 10375 2569 11599
f 11593 11600 11599 2917
f 2918 11596 11601 11598
f 11596 1730 7972 11601
f 11601 7972 1731 10369
f 11598 11601 10369 2567
f 2917 11602 11604 11594
f 11602 2919 11603 11604
f 11604 11603 2914 11585
f 11594 11604 11585 2915
f 2917 11599 11606 11602
f 11599 2569 10381 11606
f 11606 10381 2571 11605
f 11602 11606 11605 2919
f 2919 11607 11609 11603
f 11607 2920 11608 11609
f 11609 11608 2913 11582
f 11603 11609 11582 2914
f 2919 11605 11611 11607
f 11605 2571 10387 11611
f 11611 10387 2573 11610
f 11607 11611 11610 2920
f 2920 11612 11614 11608
f 11612 2921 11613 11614
f 11614 11613 2912 11579
f 11608 11614 11579 2913
f 2920 11610 11616 11612
f 11610 2573 10393 11616
f 11616 10393 2575 11615
f 11612 11616 11615 2921
f 2921 11617 11619 11613
f 11617 2922 11618 11619
f 11619 11618 2911 11576
f 11613 11619 11576 2912
f 2921 11615 11621 11617
f 11615 2575 10399 11621
f 11621 10399 2577 11620
f 11617 11621 11620 2922
f 2922 11622 11624 11618
f 11622 2923 11623 11624
f 11624 11623 2910 11573
f 11618 11624 11573 2911
f 2922 11620 11626 11622
f 11620 2577 10405 11626
f 11626 10405 2579 11625
f 11622 11626 11625 2923
f 2923 11627 11629 11623
f 11627 2924 11628 11629
f 11629 11628 2909 11570
f 11623 11629 11570 2910
f 2923 11625 11632 11627
f 11625 2579 11630 11632
f 11632 11630 2925 11631
f 11627 11632 11631 2924
f 2925 11633 11636 11631
f 11633 2927 11634 11636
f 11636 11634 2926 11635
f 11631 11636 11635 2924
f 2925 11637 11640 11633
f 11637 2582 11638 11640
f 11640 11638 2928 11639
f 11633 11640 11639 2927
f 2925 11630 11641 11637
f 11630 2579 10404 11641
f 11641 10404 2580 10412
f 11637 11641 10412 2582
f 2928 11642 11645 11639
f 11642 2930 11643 11645
f 11645 11643 2929 11644
f 11639 11645 11644 2927
f 2928 11646 11649 11642
f 11646 2932 11647 11649
f 11649 11647 2931 11648
f 11642 11649 11648 2930
f 2928 11638 11651 11646
f 11638 2582 10411 11651
f 11651 10411 2583 11650
f 11646 11651 11650 2932
f 2932 11652 11655 11647
f 11652 2934 11653 11655
f 11655 11653 2933 11654
f 11647 11655 11654 2931
f 2932 11650 11657 11652
f 11650 2583 10416 11657
f 11657 10416 2584 11656
f 11652 11657 11656 2934
f 2934 11658 11661 11653
f 11658 2936 11659 11661
f 11661 11659 2935 11660
f 11653 11661 11660 2933
f 2934 11656 11663 11658
f 11656 2584 10422 11663
f 11663 10422 2586 11662
f 11658 11663 11662 2936
f 2936 11664 11667 11659
f 11664 2938 11665 11667
f 11667 11665 2937 11666
f 11659 11667 11666 2935
f 2936 11662 11670 11664
f 11662 2586 11668 11670
f 11670 11668 2939 11669
f 11664 11670 11669 2938
f 2939 11668 11672 11671
f 11668 2586 10421 11672
f 11672 10421 2587 10432
f 11671 11672 10432 2589
f 2939 11673 11676 11669
f 11673 2941 11674 11676
f 11676 11674 2940 11675
f 11669 11676 11675 2938
f 2939 11671 11678 11673
f 11671 2589 10438 11678
f 11678 10438 2591 11677
f 11673 11678 11677 2941
f 2941 11679 11682 11674
f 11679 2598 11680 11682
f 11682 11680 2942 11681
f 11674 11682 11681 2940
f 2941 11677 11683 11679
f 11677 2591 10457 11683
f 11683 10457 2596 10464
f 11679 11683 10464 2598
f 2942 11684 11687 11681
f 11684 2944 11685 11687
f 11687 11685 2943 11686
f 11681 11687 11686 2940
f 2942 11688 11691 11684
f 11688 2946 11689 11691
f 11691 11689 2945 11690
f 11684 11691 11690 2944
f 2942 11680 11693 11688
f 11680 2598 10463 11693
f 11693 10463 2599 11692
f 11688 11693 11692 2946
f 2946 11694 11697 11689
f 11694 2948 11695 11697
f 11697 11695 2947 11696
f 11689 11697 11696 2945
f 2946 11692 11699 11694
f 11692 2599 10468 11699
f 11699 10468 2600 11698
f 11694 11699 11698 2948
f 2948 11700 11703 11695
f 11700 2605 11701 11703
f 11703 11701 2949 11702
f 11695 11703 11702 2947
f 2948 11698 11704 11700
f 11698 2600 10474 11704
f 11704 10474 2602 10485
f 11700 11704 10485 2605
f 2949 11705 11707 11702
f 11705 2648 10662 11707
f 11707 10662 2650 11706
f 11702 11707 11706 2947
f 2949 11708 11710 11705
f 11708 2950 11709 11710
f 11710 11709 2646 10656
f 11705 11710 10656 2648
f 2949 11701 11712 11708
f 11701 2605 10484 11712
f 11712 10484 2606 11711
f 11708 11712 11711 2950
f 2950 11713 11715 11709
f 11713 2951 11714 11715
f 11715 11714 2645 10647
f 11709 11715 10647 2646
f 2950 11711 11717 11713
f 11711 2606 10489 11717
f 11717 10489 2607 11716
f 11713 11717 11716 2951
f 2951 11718 11720 11714
f 11718 2952 11719 11720
f 11720 11719 2640 10652
f 11714 11720 10652 2645
f 2951 11716 11722 11718
f 11716 2607 10495 11722
f 11722 10495 2609 11721
f 11718 11722 11721 2952
f 2952 11723 11724 11719
f 11723 2624 10562 11724
f 11724 10562 2625 10628
f 11719 11724 10628 2640
f 2952 11721 11725 11723
f 11721 2609 10510 11725
f 11725 10510 2614 10558
f 11723 11725 10558 2624
f 2947 11706 11728 11696
f 11706 2650 11726 11728
f 11728 11726 2953 11727
f 11696 11728 11727 2945
f 2953 11729 11731 11727
f 11729 2954 11730 11731
f 11731 11730 2944 11690
f 11727 11731 11690 2945
f 2953 11732 11735 11729
f 11732 2653 11733 11735
f 11735 11733 2955 11734
f 11729 11735 11734 2954
f 2953 11726 11736 11732
f 11726 2650 10661 11736
f 11736 10661 2651 10669
f 11732 11736 10669 2653
f 2955 11737 11740 11734
f 11737 2957 11738 11740
f 11740 11738 2956 11739
f 11734 11740 11739 2954
f 2955 11741 11743 11737
f 11741 2657 10689 11743
f 11743 10689 2659 11742
f 11737 11743 11742 2957
f 2955 11733 11744 11741
f 11733 2653 10668 11744
f 11744 10668 2654 10683
f 11741 11744 10683 2657
f 2957 11745 11748 11738
f 11745 2959 11746 11748
f 11748 11746 2958 11747
f 11738 11748 11747 2956
f 2957 11742 11751 11745
f 11742 2659 11749 11751
f 11751 11749 2960 11750
f 11745 11751 11750 2959
f 2960 11752 11755 11750
f 11752 2962 11753 11755
f 11755 11753 2961 11754
f 11750 11755 11754 2959
f 2960 11756 11759 11752
f 11756 2662 11757 11759
f 11759 11757 2963 11758
f 11752 11759 11758 2962
f 2960 11749 11760 11756
f 11749 2659 10688 11760
f 11760 10688 2660 10696
f 11756 11760 10696 2662
f 2963 11761 11764 11758
f 11761 2965 11762 11764
f 11764 11762 2964 11763
f 11758 11764 11763 2962
f 2963 11765 11768 11761
f 11765 2967 11766 11768
f 11768 11766 2966 11767
f 11761 11768 11767 2965
f 2963 11757 11770 11765
f 11757 2662 10695 11770
f 11770 10695 2663 11769
f 11765 11770 11769 2967
f 2967 11771 11774 11766
f 11771 2969 11772 11774
f 11774 11772 2968 11773
f 11766 11774 11773 2966
f 2967 11769 11776 11771
f 11769 2663 10700 11776
f 11776 10700 2664 11775
f 11771 11776 11775 2969
f 2969 11777 11780 11772
f 11777 2971 11778 11780
f 11780 11778 2970 11779
f 11772 11780 11779 2968
f 2969 11775 11782 11777
f 11775 2664 10706 11782
f 11782 10706 2666 11781
f 11777 11782 11781 2971
f 2971 11783 11785 11778
f 11783 2878 11466 11785
f 11785 11466 2879 11784
f 11778 11785 11784 2970
f 2971 11781 11786 11783
f 11781 2666 10712 11786
f 11786 10712 2668 11471
f 11783 11786 11471 2878
f 2970 11787 11790 11779
f 11787 2973 11788 11790
f 11790 11788 2972 11789
f 11779 11790 11789 2968
f 2970 11784 11792 11787
f 11784 2879 11476 11792
f 11792 11476 2881 11791
f 11787 11792 11791 2973
f 2973 11793 11796 11788
f 11793 2975 11794 11796
f 11796 11794 2974 11795
f 11788 11796 11795 2972
f 2973 11791 11799 11793
f 11791 2881 11797 11799
f 11799 11797 2976 11798
f 11793 11799 11798 2975
f 2976 11800 11803 11798
f 11800 2978 11801 11803
f 11803 11801 2977 11802
f 11798 11803 11802 2975
f 2976 11804 11807 11800
f 11804 2884 11805 11807
f 11807 11805 2979 11806
f 11800 11807 11806 2978
f 2976 11797 11808 11804
f 11797 2881 11475 11808
f 11808 11475 2882 11483
f 11804 11808 11483 2884
f 2979 11809 11812 11806
f 11809 2981 11810 11812
f 11812 11810 2980 11811
f 11806 11812 11811 2978
f 2979 11813 11816 11809
f 11813 2887 11814 11816
f 11816 11814 2982 11815
f 11809 11816 11815 2981
f 2979 11805 11817 11813
f 11805 2884 11482 11817
f 11817 11482 2885 11492
f 11813 11817 11492 2887
f 2982 11818 11820 11815
f 11818 2897 11534 11820
f 11820 11534 2898 11819
f 11815 11820 11819 2981
f 2982 11821 11823 11818
f 11821 2890 11822 11823
f 11823 11822 2896 11531
f 11818 11823 11531 2897
f 2982 11814 11824 11821
f 11814 2887 11491 11824
f 11824 11491 2888 11501
f 11821 11824 11501 2890
f 2981 11819 11826 11810
f 11819 2898 11537 11826
f 11826 11537 2899 11825
f 11810 11826 11825 2980
f 2980 11825 11829 11828
f 11825 2899 11540 11829
f 11829 11540 2900 11827
f 11828 11829 11827 2983
f 2980 11828 11831 11811
f 11828 2983 11830 11831
f 11831 11830 2977 11801
f 11811 11831 11801 2978
f 2983 11827 11834 11833
f 11827 2900 11543 11834
f 11834 11543 2901 11832
f 11833 11834 11832 2984
f 2983 11833 11837 11830
f 11833 2984 11835 11837
f 11837 11835 2985 11836
f 11830 11837 11836 2977
f 2985 11835 11841 11840
f 11835 2984 11838 11841
f 11841 11838 2987 11839
f 11840 11841 11839 2986
f 2985 11842 11843 11836
f 11842 2974 11794 11843
f 11843 11794 2975 11802
f 11836 11843 11802 2977
f 2985 11840 11846 11842
f 11840 2986 11844 11846
f 11846 11844 2988 11845
f 11842 11846 11845 2974
f 2988 11844 11850 11849
f 11844 2986 11847 11850
f 11850 11847 2990 11848
f 11849 11850 11848 2989
f 2988 11851 11853 11845
f 11851 2991 11852 11853
f 11853 11852 2972 11795
f 11845 11853 11795 2974
f 2988 11849 11856 11851
f 11849 2989 11854 11856
f 11856 11854 2992 11855
f 11851 11856 11855 2991
f 2992 11854 11860 11859
f 11854 2989 11857 11860
f 11860 11857 2994 11858
f 11859 11860 11858 2993
f 2992 11861 11863 11855
f 11861 2965 11767 11863
f 11863 11767 2966 11862
f 11855 11863 11862 2991
f 2992 11859 11865 11861
f 11859 2993 11864 11865
f 11865 11864 2964 11762
f 11861 11865 11762 2965
f 2994 11866 11870 11869
f 11866 2997 11867 11870
f 11870 11867 2996 11868
f 11869 11870 11868 2995
f 2994 11857 11872 11866
f 11857 2989 11848 11872
f 11872 11848 2990 11871
f 11866 11872 11871 2997
f 2994 11869 11875 11858
f 11869 2995 11873 11875
f 11875 11873 2998 11874
f 11858 11875 11874 2993
f 2998 11873 11879 11878
f 11873 2995 11876 11879
f 11879 11876 3000 11877
f 11878 11879 11877 2999
f 2998 11880 11882 11874
f 11880 3001 11881 11882
f 11882 11881 2964 11864
f 11874 11882 11864 2993
f 2998 11878 11885 11880
f 11878 2999 11883 11885
f 11885 11883 3002 11884
f 11880 11885 11884 3001
f 3002 11883 11888 11887
f 11883 2999 11886 11888
f 11888 11886 2931 11654
f 11887 11888 11654 2933
f 3002 11889 11892 11884
f 11889 3003 11890 11892
f 11892 11890 2961 11891
f 11884 11892 11891 3001
f 3002 11887 11894 11889
f 11887 2933 11660 11894
f 11894 11660 2935 11893
f 11889 11894 11893 3003
f 3003 11895 11896 11890
f 11895 2958 11746 11896
f 11896 11746 2959 11754
f 11890 11896 11754 2961
f 3003 11893 11898 11895
f 11893 2935 11666 11898
f 11898 11666 2937 11897
f 11895 11898 11897 2958
f 3001 11891 11899 11881
f 11891 2961 11753 11899
f 11899 11753 2962 11763
f 11881 11899 11763 2964
f 3000 11900 11903 11902
f 11900 3004 11901 11903
f 11903 11901 2929 11643
f 11902 11903 11643 2930
f 3000 11876 11905 11900
f 11876 2995 11868 11905
f 11905 11868 2996 11904
f 11900 11905 11904 3004
f 3000 11902 11906 11877
f 11902 2930 11648 11906
f 11906 11648 2931 11886
f 11877 11906 11886 2999
f 3004 11907 11910 11901
f 11907 3006 11908 11910
f 11910 11908 3005 11909
f 11901 11910 11909 2929
f 3004 11904 11913 11907
f 11904 2996 11911 11913
f 11913 11911 3007 11912
f 11907 11913 11912 3006
f 3007 11914 11916 11912
f 11914 2905 11558 11916
f 11916 11558 2906 11915
f 11912 11916 11915 3006
f 3007 11917 11919 11914
f 11917 3008 11918 11919
f 11919 11918 2904 11555
f 11914 11919 11555 2905
f 3007 11911 11921 11917
f 11911 2996 11867 11921
f 11921 11867 2997 11920
f 11917 11921 11920 3008
f 3008 11922 11924 11918
f 11922 3009 11923 11924
f 11924 11923 2903 11552
f 11918 11924 11552 2904
f 3008 11920 11926 11922
f 11920 2997 11871 11926
f 11926 11871 2990 11925
f 11922 11926 11925 3009
f 3009 11927 11929 11923
f 11927 2987 11928 11929
f 11929 11928 2902 11549
f 11923 11929 11549 2903
f 3009 11925 11930 11927
f 11925 2990 11847 11930
f 11930 11847 2986 11839
f 11927 11930 11839 2987
f 3006 11915 11932 11908
f 11915 2906 11561 11932
f 11932 11561 2907 11931
f 11908 11932 11931 3005
f 3005 11931 11935 11934
f 11931 2907 11564 11935
f 11935 11564 2908 11933
f 11934 11935 11933 2926
f 3005 11934 11936 11909
f 11934 2926 11634 11936
f 11936 11634 2927 11644
f 11909 11936 11644 2929
f 2991 11862 11937 11852
f 11862 2966 11773 11937
f 11937 11773 2968 11789
f 11852 11937 11789 2972
f 2987 11838 11938 11928
f 11838 2984 11832 11938
f 11938 11832 2901 11546
f 11928 11938 11546 2902
f 2958 11897 11941 11747
f 11897 2937 11939 11941
f 11941 11939 2943 11940
f 11747 11941 11940 2956
f 2956 11940 11942 11739
f 11940 2943 11685 11942
f 11942 11685 2944 11730
f 11739 11942 11730 2954
f 2943 11939 11943 11686
f 11939 2937 11665 11943
f 11943 11665 2938 11675
f 11686 11943 11675 2940
f 2926 11933 11944 11635
f 11933 2908 11567 11944
f 11944 11567 2909 11628
f 11635 11944 11628 2924
f 2896 11822 11945 11528
f 11822 2890 11500 11945
f 11945 11500 2891 11510
f 11528 11945 11510 2893
f 2873 11472 11946 11447
f 11472 2668 10711 11946
f 11946 10711 2669 10719
f 11447 11946 10719 2671
f 2870 11460 11948 11434
f 11460 2834 11947 11948
f 11948 11947 2865 11422
f 11434 11948 11422 2866
f 2865 11949 11951 11423
f 11949 2837 11950 11951
f 11951 11950 2860 11411
f 11423 11951 11411 2861
f 2865 11947 11952 11949
f 11947 2834 11335 11952
f 11952 11335 2835 11343
f 11949 11952 11343 2837
f 2860 11953 11954 11412
f 11953 1863 8289 11954
f 11954 8289 1864 11401
f 11412 11954 11401 2856
f 2860 11950 11956 11953
f 11950 2837 11342 11956
f 11956 11342 2838 11955
f 11953 11956 11955 1863
f 2846 11391 11957 11373
f 11391 1865 8294 11957
f 11957 8294 1866 11363
f 11373 11957 11363 2844
f 2841 11364 11959 11353
f 11364 1866 8293 11959
f 11959 8293 1862 11958
f 11353 11959 11958 2839
f 2839 11958 11960 11347
f 11958 1862 8290 11960
f 11960 8290 1863 11955
f 11347 11960 11955 2838
f 2831 11462 11961 11331
f 11462 2683 10766 11961
f 11961 10766 2684 10774
f 11331 11961 10774 2686
f 2829 11332 11963 11322
f 11332 2686 10773 11963
f 11963 10773 2687 11962
f 11322 11963 11962 2773
f 2773 11962 11964 11110
f 11962 2687 10778 11964
f 11964 10778 2688 10790
f 11110 11964 10790 2691
f 2612 10500 11966 11965
f 10500 1715 7936 11966
f 11966 7936 1716 8466
f 11965 11966 8466 1937
f 2612 11965 11967 10507
f 11965 1937 10454 11967
f 11967 10454 1957 8519
f 10507 11967 8519 1958
f 2563 11968 11971 10352
f 11968 3011 11969 11971
f 11971 11969 3010 11970
f 10352 11971 11970 2561
f 2563 10358 11973 11968
f 10358 1732 7970 11973
f 11973 7970 1631 11972
f 11968 11973 11972 3011
f 3011 11974 11977 11969
f 11974 3013 11975 11977
f 11977 11975 3012 11976
f 11969 11977 11976 3010
f 3011 11972 11979 11974
f 11972 1631 7978 11979
f 11979 7978 1733 11978
f 11974 11979 11978 3013
f 3013 11980 11983 11975
f 11980 3015 11981 11983
f 11983 11981 3014 11982
f 11975 11983 11982 3012
f 3013 11978 11986 11980
f 11978 1733 11984 11986
f 11986 11984 3016 11985
f 11980 11986 11985 3015
f 3016 11987 11990 11985
f 11987 3018 11988 11990
f 11990 11988 3017 11989
f 11985 11990 11989 3015
f 3016 11991 11993 11987
f 11991 1973 8576 11993
f 11993 8576 1974 11992
f 11987 11993 11992 3018
f 3016 11984 11994 11991
f 11984 1733 7977 11994
f 11994 7977 1734 8573
f 11991 11994 8573 1973
f 3018 11995 11998 11988
f 11995 3020 11996 11998
f 11998 11996 3019 11997
f 11988 11998 11997 3017
f 3018 11992 12000 11995
f 11992 1974 8579 12000
f 12000 8579 1975 11999
f 11995 12000 11999 3020
f 3020 12001 12004 11996
f 12001 3022 12002 12004
f 12004 12002 3021 12003
f 11996 12004 12003 3019
f 3020 11999 12006 12001
f 11999 1975 8582 12006
f 12006 8582 1976 12005
f 12001 12006 12005 3022
f 3022 12007 12010 12002
f 12007 3024 12008 12010
f 12010 12008 3023 12009
f 12002 12010 12009 3021
f 3022 12005 12012 12007
f 12005 1976 8585 12012
f 12012 8585 1977 12011
f 12007 12012 12011 3024
f 3024 12013 12016 12008
f 12013 3026 12014 12016
f 12016 12014 3025 12015
f 12008 12016 12015 3023
f 3024 12011 12018 12013
f 12011 1977 8588 12018
f 12018 8588 1978 12017
f 12013 12018 12017 3026
f 3026 12019 12022 12014
f 12019 3028 12020 12022
f 12022 12020 3027 12021
f 12014 12022 12021 3025
f 3026 12017 12024 12019
f 12017 1978 8591 12024
f 12024 8591 1979 12023
f 12019 12024 12023 3028
f 3028 12025 12028 12020
f 12025 3030 12026 12028
f 12028 12026 3029 12027
f 12020 12028 12027 3027
f 3028 12023 12030 12025
f 12023 1979 8594 12030
f 12030 8594 1980 12029
f 12025 12030 12029 3030
f 3030 12031 12034 12026
f 12031 3032 12032 12034
f 12034 12032 3031 12033
f 12026 12034 12033 3029
f 3030 12029 12036 12031
f 12029 1980 8597 12036
f 12036 8597 1981 12035
f 12031 12036 12035 3032
f 3032 12037 12040 12032
f 12037 3034 12038 12040
f 12040 12038 3033 12039
f 12032 12040 12039 3031
f 3032 12035 12042 12037
f 12035 1981 8600 12042
f 12042 8600 1982 12041
f 12037 12042 12041 3034
f 3034 12043 12046 12038
f 12043 3036 12044 12046
f 12046 12044 3035 12045
f 12038 12046 12045 3033
f 3034 12041 12048 12043
f 12041 1982 8603 12048
f 12048 8603 1983 12047
f 12043 12048 12047 3036
f 3036 12049 12052 12044
f 12049 3038 12050 12052
f 12052 12050 3037 12051
f 12044 12052 12051 3035
f 3036 12047 12054 12049
f 12047 1983 8606 12054
f 12054 8606 1984 12053
f 12049 12054 12053 3038
f 3038 12055 12058 12050
f 12055 3039 12056 12058
f 12058 12056 2004 12057
f 12050 12058 12057 3037
f 3038 12053 12060 12055
f 12053 1984 8609 12060
f 12060 8609 1985 12059
f 12055 12060 12059 3039
f 3039 12061 12062 12056
f 12061 1999 8647 12062
f 12062 8647 2000 8659
f 12056 12062 8659 2004
f 3039 12059 12064 12061
f 12059 1985 8612 12064
f 12064 8612 1986 12063
f 12061 12064 12063 1999
f 3037 12057 12066 12065
f 12057 2004 8658 12066
f 12066 8658 2005 8670
f 12065 12066 8670 2009
f 3037 12065 12069 12051
f 12065 2009 12067 12069
f 12069 12067 3040 12068
f 12051 12069 12068 3035
f 3040 12067 12071 12070
f 12067 2009 8669 12071
f 12071 8669 2010 8681
f 12070 12071 8681 2014
f 3040 12072 12074 12068
f 12072 3041 12073 12074
f 12074 12073 3033 12045
f 12068 12074 12045 3035
f 3040 12070 12077 12072
f 12070 2014 12075 12077
f 12077 12075 3042 12076
f 12072 12077 12076 3041
f 3042 12075 12079 12078
f 12075 2014 8680 12079
f 12079 8680 2015 8692
f 12078 12079 8692 2019
f 3042 12080 12083 12076
f 12080 3044 12081 12083
f 12083 12081 3043 12082
f 12076 12083 12082 3041
f 3042 12078 12086 12080
f 12078 2019 12084 12086
f 12086 12084 3045 12085
f 12080 12086 12085 3044
f 3045 12084 12088 12087
f 12084 2019 8691 12088
f 12088 8691 2020 8703
f 12087 12088 8703 2024
f 3045 12089 12092 12085
f 12089 3047 12090 12092
f 12092 12090 3046 12091
f 12085 12092 12091 3044
f 3045 12087 12095 12089
f 12087 2024 12093 12095
f 12095 12093 3048 12094
f 12089 12095 12094 3047
f 3048 12093 12097 12096
f 12093 2024 8702 12097
f 12097 8702 2025 8714
f 12096 12097 8714 2029
f 3048 12098 12101 12094
f 12098 3050 12099 12101
f 12101 12099 3049 12100
f 12094 12101 12100 3047
f 3048 12096 12104 12098
f 12096 2029 12102 12104
f 12104 12102 3051 12103
f 12098 12104 12103 3050
f 3051 12102 12106 12105
f 12102 2029 8713 12106
f 12106 8713 2030 8725
f 12105 12106 8725 2034
f 3051 12107 12110 12103
f 12107 3053 12108 12110
f 12110 12108 3052 12109
f 12103 12110 12109 3050
f 3051 12105 12113 12107
f 12105 2034 12111 12113
f 12113 12111 3054 12112
f 12107 12113 12112 3053
f 3054 12111 12115 12114
f 12111 2034 8724 12115
f 12115 8724 2035 8736
f 12114 12115 8736 2039
f 3054 12116 12119 12112
f 12116 3056 12117 12119
f 12119 12117 3055 12118
f 12112 12119 12118 3053
f 3054 12114 12122 12116
f 12114 2039 12120 12122
f 12122 12120 3057 12121
f 12116 12122 12121 3056
f 3057 12120 12124 12123
f 12120 2039 8735 12124
f 12124 8735 2040 8747
f 12123 12124 8747 2044
f 3057 12125 12128 12121
f 12125 3059 12126 12128
f 12128 12126 3058 12127
f 12121 12128 12127 3056
f 3057 12123 12131 12125
f 12123 2044 12129 12131
f 12131 12129 1853 12130
f 12125 12131 12130 3059
f 3059 12132 12135 12126
f 12132 3061 12133 12135
f 12135 12133 3060 12134
f 12126 12135 12134 3058
f 3059 12130 12137 12132
f 12130 1853 8264 12137
f 12137 8264 1854 12136
f 12132 12137 12136 3061
f 3061 12138 12141 12133
f 12138 3063 12139 12141
f 12141 12139 3062 12140
f 12133 12141 12140 3060
f 3061 12136 12143 12138
f 12136 1854 8270 12143
f 12143 8270 1855 12142
f 12138 12143 12142 3063
f 3063 12144 12147 12139
f 12144 3065 12145 12147
f 12147 12145 3064 12146
f 12139 12147 12146 3062
f 3063 12142 12150 12144
f 12142 1855 12148 12150
f 12150 12148 2054 12149
f 12144 12150 12149 3065
f 3065 12151 12154 12145
f 12151 3067 12152 12154
f 12154 12152 3066 12153
f 12145 12154 12153 3064
f 3065 12149 12156 12151
f 12149 2054 8773 12156
f 12156 8773 2055 12155
f 12151 12156 12155 3067
f 3067 12157 12160 12152
f 12157 3069 12158 12160
f 12160 12158 3068 12159
f 12152 12160 12159 3066
f 3067 12155 12162 12157
f 12155 2055 8778 12162
f 12162 8778 2056 12161
f 12157 12162 12161 3069
f 3069 12163 12166 12158
f 12163 3070 12164 12166
f 12166 12164 2553 12165
f 12158 12166 12165 3068
f 3069 12161 12169 12163
f 12161 2056 12167 12169
f 12169 12167 3071 12168
f 12163 12169 12168 3070
f 3071 12167 12171 12170
f 12167 2056 8777 12171
f 12171 8777 2057 8787
f 12170 12171 8787 1728
f 3071 12172 12175 12168
f 12172 3072 12173 12175
f 12175 12173 2550 12174
f 12168 12175 12174 3070
f 3071 12170 12177 12172
f 12170 1728 7963 12177
f 12177 7963 1724 12176
f 12172 12177 12176 3072
f 3072 12178 12180 12173
f 12178 3073 12179 12180
f 12180 12179 2548 10317
f 12173 12180 10317 2550
f 3072 12176 12182 12178
f 12176 1724 7960 12182
f 12182 7960 1725 12181
f 12178 12182 12181 3073
f 3073 12183 12184 12179
f 12183 2169 9078 12184
f 12184 9078 2170 10309
f 12179 12184 10309 2548
f 3073 12181 12186 12183
f 12181 1725 12185 12186
f 12186 12185 2168 9073
f 12183 12186 9073 2169
f 3070 12174 12187 12164
f 12174 2550 10316 12187
f 12187 10316 2551 10324
f 12164 12187 10324 2553
f 3068 12188 12191 12159
f 12188 3075 12189 12191
f 12191 12189 3074 12190
f 12159 12191 12190 3066
f 3068 12165 12193 12188
f 12165 2553 10323 12193
f 12193 10323 2554 12192
f 12188 12193 12192 3075
f 3075 12194 12197 12189
f 12194 3077 12195 12197
f 12197 12195 3076 12196
f 12189 12197 12196 3074
f 3075 12192 12199 12194
f 12192 2554 10328 12199
f 12199 10328 2555 12198
f 12194 12199 12198 3077
f 3077 12200 12203 12195
f 12200 3079 12201 12203
f 12203 12201 3078 12202
f 12195 12203 12202 3076
f 3077 12198 12205 12200
f 12198 2555 10334 12205
f 12205 10334 2557 12204
f 12200 12205 12204 3079
f 3079 12206 12209 12201
f 12206 3081 12207 12209
f 12209 12207 3080 12208
f 12201 12209 12208 3078
f 3079 12204 12211 12206
f 12204 2557 10340 12211
f 12211 10340 2559 12210
f 12206 12211 12210 3081
f 3081 12212 12214 12207
f 12212 3010 11976 12214
f 12214 11976 3012 12213
f 12207 12214 12213 3080
f 3081 12210 12215 12212
f 12210 2559 10346 12215
f 12215 10346 2561 11970
f 12212 12215 11970 3010
f 3080 12216 12219 12208
f 12216 3083 12217 12219
f 12219 12217 3082 12218
f 12208 12219 12218 3078
f 3080 12213 12221 12216
f 12213 3012 11982 12221
f 12221 11982 3014 12220
f 12216 12221 12220 3083
f 3083 12222 12225 12217
f 12222 3085 12223 12225
f 12225 12223 3084 12224
f 12217 12225 12224 3082
f 3083 12220 12228 12222
f 12220 3014 12226 12228
f 12228 12226 3086 12227
f 12222 12228 12227 3085
f 3086 12229 12232 12227
f 12229 3088 12230 12232
f 12232 12230 3087 12231
f 12227 12232 12231 3085
f 3086 12233 12235 12229
f 12233 3017 11997 12235
f 12235 11997 3019 12234
f 12229 12235 12234 3088
f 3086 12226 12236 12233
f 12226 3014 11981 12236
f 12236 11981 3015 11989
f 12233 12236 11989 3017
f 3088 12237 12240 12230
f 12237 3090 12238 12240
f 12240 12238 3089 12239
f 12230 12240 12239 3087
f 3088 12234 12242 12237
f 12234 3019 12003 12242
f 12242 12003 3021 12241
f 12237 12242 12241 3090
f 3090 12243 12246 12238
f 12243 3092 12244 12246
f 12246 12244 3091 12245
f 12238 12246 12245 3089
f 3090 12241 12248 12243
f 12241 3021 12009 12248
f 12248 12009 3023 12247
f 12243 12248 12247 3092
f 3092 12249 12252 12244
f 12249 3094 12250 12252
f 12252 12250 3093 12251
f 12244 12252 12251 3091
f 3092 12247 12254 12249
f 12247 3023 12015 12254
f 12254 12015 3025 12253
f 12249 12254 12253 3094
f 3094 12255 12258 12250
f 12255 3096 12256 12258
f 12258 12256 3095 12257
f 12250 12258 12257 3093
f 3094 12253 12260 12255
f 12253 3025 12021 12260
f 12260 12021 3027 12259
f 12255 12260 12259 3096
f 3096 12261 12264 12256
f 12261 3097 12262 12264
f 12264 12262 3046 12263
f 12256 12264 12263 3095
f 3096 12259 12266 12261
f 12259 3027 12027 12266
f 12266 12027 3029 12265
f 12261 12266 12265 3097
f 3097 12267 12268 12262
f 12267 3043 12081 12268
f 12268 12081 3044 12091
f 12262 12268 12091 3046
f 3097 12265 12270 12267
f 12265 3029 12033 12270
f 12270 12033 3031 12269
f 12267 12270 12269 3043
f 3095 12263 12272 12271
f 12263 3046 12090 12272
f 12272 12090 3047 12100
f 12271 12272 12100 3049
f 3095 12271 12275 12257
f 12271 3049 12273 12275
f 12275 12273 3098 12274
f 12257 12275 12274 3093
f 3098 12273 12277 12276
f 12273 3049 12099 12277
f 12277 12099 3050 12109
f 12276 12277 12109 3052
f 3098 12278 12280 12274
f 12278 3099 12279 12280
f 12280 12279 3091 12251
f 12274 12280 12251 3093
f 3098 12276 12283 12278
f 12276 3052 12281 12283
f 12283 12281 3100 12282
f 12278 12283 12282 3099
f 3100 12281 12285 12284
f 12281 3052 12108 12285
f 12285 12108 3053 12118
f 12284 12285 12118 3055
f 3100 12286 12289 12282
f 12286 3102 12287 12289
f 12289 12287 3101 12288
f 12282 12289 12288 3099
f 3100 12284 12292 12286
f 12284 3055 12290 12292
f 12292 12290 3103 12291
f 12286 12292 12291 3102
f 3103 12290 12294 12293
f 12290 3055 12117 12294
f 12294 12117 3056 12127
f 12293 12294 12127 3058
f 3103 12295 12298 12291
f 12295 3105 12296 12298
f 12298 12296 3104 12297
f 12291 12298 12297 3102
f 3103 12293 12300 12295
f 12293 3058 12134 12300
f 12300 12134 3060 12299
f 12295 12300 12299 3105
f 3105 12301 12304 12296
f 12301 3107 12302 12304
f 12304 12302 3106 12303
f 12296 12304 12303 3104
f 3105 12299 12306 12301
f 12299 3060 12140 12306
f 12306 12140 3062 12305
f 12301 12306 12305 3107
f 3107 12307 12310 12302
f 12307 3109 12308 12310
f 12310 12308 3108 12309
f 12302 12310 12309 3106
f 3107 12305 12312 12307
f 12305 3062 12146 12312
f 12312 12146 3064 12311
f 12307 12312 12311 3109
f 3109 12313 12315 12308
f 12313 3074 12196 12315
f 12315 12196 3076 12314
f 12308 12315 12314 3108
f 3109 12311 12316 12313
f 12311 3064 12153 12316
f 12316 12153 3066 12190
f 12313 12316 12190 3074
f 3108 12317 12319 12309
f 12317 3082 12224 12319
f 12319 12224 3084 12318
f 12309 12319 12318 3106
f 3108 12314 12320 12317
f 12314 3076 12202 12320
f 12320 12202 3078 12218
f 12317 12320 12218 3082
f 3106 12318 12323 12303
f 12318 3084 12321 12323
f 12323 12321 3110 12322
f 12303 12323 12322 3104
f 3110 12324 12325 12322
f 12324 3101 12287 12325
f 12325 12287 3102 12297
f 12322 12325 12297 3104
f 3110 12326 12328 12324
f 12326 3087 12239 12328
f 12328 12239 3089 12327
f 12324 12328 12327 3101
f 3110 12321 12329 12326
f 12321 3084 12223 12329
f 12329 12223 3085 12231
f 12326 12329 12231 3087
f 3101 12327 12330 12288
f 12327 3089 12245 12330
f 12330 12245 3091 12279
f 12288 12330 12279 3099
f 3043 12269 12331 12082
f 12269 3031 12039 12331
f 12331 12039 3033 12073
f 12082 12331 12073 3041
f 2486 10305 12332 10112
f 10305 2174 9089 12332
f 12332 9089 2175 10105
f 10112 12332 10105 2484
f 2481 10088 12333 10096
f 10088 2177 9094 12333
f 12333 9094 2178 9104
f 10096 12333 9104 2180
f 2447 9992 12334 9981
f 9992 2393 9819 12334
f 12334 9819 2395 9835
f 9981 12334 9835 2399
f 2443 9982 12335 9971
f 9982 2399 9834 12335
f 12335 9834 2400 9842
f 9971 12335 9842 2402
f 2439 9961 12337 10194
f 9961 2432 12336 12337
f 12337 12336 1761 8040
f 10194 12337 8040 1762
f 2433 9952 12338 9942
f 9952 2404 9852 12338
f 12338 9852 1891 8356
f 9942 12338 8356 1887
f 2432 9937 12339 12336
f 9937 2428 9929 12339
f 12339 9929 2429 10747
f 12336 12339 10747 1761
f 2410 9914 12341 9867
f 9914 1892 8360 12341
f 12341 8360 1890 12340
f 9867 12341 12340 2408
f 2408 12340 12342 9859
f 12340 1890 8357 12342
f 12342 8357 1891 9851
f 9859 12342 9851 2406
f 2369 10102 12343 9743
f 10102 1841 8246 12343
f 12343 8246 1844 9736
f 9743 12343 9736 2367
f 2234 9727 12345 9275
f 9727 1946 8489 12345
f 12345 8489 1947 12344
f 9275 12345 12344 2233
f 2233 12344 12346 9270
f 12344 1947 8493 12346
f 12346 8493 1948 9712
f 9270 12346 9712 2232
f 2216 9657 12347 9224
f 9657 2210 9198 12347
f 12347 9198 2211 9208
f 9224 12347 9208 2213
f 2186 9591 12348 9127
f 9591 1837 8232 12348
f 12348 8232 1838 9118
f 9127 12348 9118 2184
f 2181 9110 12349 9103
f 9110 1839 8238 12349
f 12349 8238 1840 10097
f 9103 12349 10097 2180
f 2168 12185 12352 12351
f 12185 1725 7959 12352
f 12352 7959 1726 12350
f 12351 12352 12350 3111
f 2168 12351 12354 9074
f 12351 3111 12353 12354
f 12354 12353 2165 9066
f 9074 12354 9066 2166
f 3111 12355 12358 12353
f 12355 2060 12356 12358
f 12358 12356 3112 12357
f 12353 12358 12357 2165
f 3111 12350 12359 12355
f 12350 1726 7968 12359
f 12359 7968 1729 8793
f 12355 12359 8793 2060
f 3112 12360 12361 12357
f 12360 2160 9055 12361
f 12361 9055 2161 9067
f 12357 12361 9067 2165
f 3112 12362 12365 12360
f 12362 2063 12363 12365
f 12365 12363 3113 12364
f 12360 12365 12364 2160
f 3112 12356 12366 12362
f 12356 2060 8792 12366
f 12366 8792 2061 8800
f 12362 12366 8800 2063
f 3113 12367 12368 12364
f 12367 2155 9044 12368
f 12368 9044 2156 9056
f 12364 12368 9056 2160
f 3113 12369 12372 12367
f 12369 2066 12370 12372
f 12372 12370 3114 12371
f 12367 12372 12371 2155
f 3113 12363 12373 12369
f 12363 2063 8799 12373
f 12373 8799 2064 8809
f 12369 12373 8809 2066
f 3114 12374 12375 12371
f 12374 2150 9033 12375
f 12375 9033 2151 9045
f 12371 12375 9045 2155
f 3114 12376 12379 12374
f 12376 2069 12377 12379
f 12379 12377 3115 12378
f 12374 12379 12378 2150
f 3114 12370 12380 12376
f 12370 2066 8808 12380
f 12380 8808 2067 8818
f 12376 12380 8818 2069
f 3115 12381 12382 12378
f 12381 2145 9022 12382
f 12382 9022 2146 9034
f 12378 12382 9034 2150
f 3115 12383 12386 12381
f 12383 2072 12384 12386
f 12386 12384 3116 12385
f 12381 12386 12385 2145
f 3115 12377 12387 12383
f 12377 2069 8817 12387
f 12387 8817 2070 8827
f 12383 12387 8827 2072
f 3116 12388 12389 12385
f 12388 2140 9011 12389
f 12389 9011 2141 9023
f 12385 12389 9023 2145
f 3116 12390 12393 12388
f 12390 2075 12391 12393
f 12393 12391 3117 12392
f 12388 12393 12392 2140
f 3116 12384 12394 12390
f 12384 2072 8826 12394
f 12394 8826 2073 8836
f 12390 12394 8836 2075
f 3117 12395 12396 12392
f 12395 2135 9000 12396
f 12396 9000 2136 9012
f 12392 12396 9012 2140
f 3117 12397 12400 12395
f 12397 2078 12398 12400
f 12400 12398 3118 12399
f 12395 12400 12399 2135
f 3117 12391 12401 12397
f 12391 2075 8835 12401
f 12401 8835 2076 8845
f 12397 12401 8845 2078
f 3118 12402 12403 12399
f 12402 2130 8989 12403
f 12403 8989 2131 9001
f 12399 12403 9001 2135
f 3118 12404 12407 12402
f 12404 2081 12405 12407
f 12407 12405 3119 12406
f 12402 12407 12406 2130
f 3118 12398 12408 12404
f 12398 2078 8844 12408
f 12408 8844 2079 8854
f 12404 12408 8854 2081
f 3119 12409 12410 12406
f 12409 2125 8978 12410
f 12410 8978 2126 8990
f 12406 12410 8990 2130
f 3119 12411 12414 12409
f 12411 2084 12412 12414
f 12414 12412 3120 12413
f 12409 12414 12413 2125
f 3119 12405 12415 12411
f 12405 2081 8853 12415
f 12415 8853 2082 8863
f 12411 12415 8863 2084
f 3120 12416 12417 12413
f 12416 2120 8967 12417
f 12417 8967 2121 8979
f 12413 12417 8979 2125
f 3120 12418 12421 12416
f 12418 2087 12419 12421
f 12421 12419 3121 12420
f 12416 12421 12420 2120
f 3120 12412 12422 12418
f 12412 2084 8862 12422
f 12422 8862 2085 8872
f 12418 12422 8872 2087
f 3121 12423 12424 12420
f 12423 2115 8956 12424
f 12424 8956 2116 8968
f 12420 12424 8968 2120
f 3121 12425 12428 12423
f 12425 2090 12426 12428
f 12428 12426 3122 12427
f 12423 12428 12427 2115
f 3121 12419 12429 12425
f 12419 2087 8871 12429
f 12429 8871 2088 8881
f 12425 12429 8881 2090
f 3122 12430 12431 12427
f 12430 2110 8945 12431
f 12431 8945 2111 8957
f 12427 12431 8957 2115
f 3122 12432 12435 12430
f 12432 2093 12433 12435
f 12435 12433 1849 12434
f 12430 12435 12434 2110
f 3122 12426 12436 12432
f 12426 2090 8880 12436
f 12436 8880 2091 8890
f 12432 12436 8890 2093
f 2110 12434 12437 8946
f 12434 1849 8257 12437
f 12437 8257 1850 8935
f 8946 12437 8935 2106
f 2094 8898 12438 8889
f 8898 1848 8258 12438
f 12438 8258 1849 12433
f 8889 12438 12433 2093
f 2054 12148 12439 8774
f 12148 1855 8269 12439
f 12439 8269 1856 8767
f 8774 12439 8767 2052
f 2045 8757 12440 8746
f 8757 1852 8265 12440
f 12440 8265 1853 12129
f 8746 12440 12129 2044
f 1999 12063 12441 8648
f 12063 1986 8615 12441
f 12441 8615 1987 8637
f 8648 12441 8637 1995
f 358 7808 12443 8538
f 7808 1612 12442 12443
f 12443 12442 1814 8163
f 8538 12443 8163 1807
f 1612 7811 12445 12442
f 7811 1613 12444 12445
f 12445 12444 1816 8169
f 12442 12445 8169 1814
f 1613 7815 12448 12444
f 7815 1615 12446 12448
f 12448 12446 3123 12447
f 12444 12448 12447 1816
f 1615 7819 12451 12446
f 7819 1617 12449 12451
f 12451 12449 3124 12450
f 12446 12451 12450 3123
f 1617 7823 12454 12449
f 7823 1618 12452 12454
f 12454 12452 1825 12453
f 12449 12454 12453 3124
f 1618 7825 12455 12452
f 7825 203 8177 12455
f 12455 8177 1651 8203
f 12452 12455 8203 1825
f 3124 12456 12459 12450
f 12456 3126 12457 12459
f 12459 12457 3125 12458
f 12450 12459 12458 3123
f 3124 12453 12461 12456
f 12453 1825 8202 12461
f 12461 8202 1826 12460
f 12456 12461 12460 3126
f 3126 12462 12464 12457
f 12462 1621 7873 12464
f 12464 7873 1684 12463
f 12457 12464 12463 3125
f 3126 12460 12466 12462
f 12460 1826 12465 12466
f 12466 12465 1686 7870
f 12462 12466 7870 1621
f 3125 12463 12468 12467
f 12463 1684 8160 12468
f 12468 8160 1810 8167
f 12467 12468 8167 1815
f 3125 12467 12469 12458
f 12467 1815 8170 12469
f 12469 8170 1816 12447
f 12458 12469 12447 3123
f 1963 10606 12470 8536
f 10606 2635 10592 12470
f 12470 10592 1683 8530
f 8536 12470 8530 1682
f 1951 10608 12472 8496
f 10608 1754 8026 12472
f 12472 8026 1752 12471
f 8496 12472 12471 1950
f 1950 12471 12473 10549
f 12471 1752 8020 12473
f 12473 8020 1741 7994
f 10549 12473 7994 1742
f 1919 11241 12475 8423
f 11241 1819 8190 12475
f 12475 8190 1821 12474
f 8423 12475 12474 1918
f 1918 12474 12477 8426
f 12474 1821 12476 12477
f 12477 12476 1827 8207
f 8426 12477 8207 1828
f 1917 8418 12479 10953
f 8418 1672 12478 12479
f 12479 12478 1781 8085
f 10953 12479 8085 1782
f 1912 11042 12480 8412
f 11042 1785 8088 12480
f 12480 8088 1781 12478
f 8412 12480 12478 1672
f 1903 8541 12481 8395
f 8541 1808 8149 12481
f 12481 8149 1809 9380
f 8395 12481 9380 1670
f 1902 8384 12483 12482
f 8384 1813 8157 12483
f 12483 8157 1685 7871
f 12482 12483 7871 1686
f 1902 12484 12485 8385
f 12484 1823 8198 12485
f 12485 8198 1824 11230
f 8385 12485 11230 1901
f 1902 12482 12486 12484
f 12482 1686 12465 12486
f 12486 12465 1826 8201
f 12484 12486 8201 1823
f 1883 9885 12487 8336
f 9885 1643 8124 12487
f 12487 8124 1799 10967
f 8336 12487 10967 1882
f 1871 10786 12488 8306
f 10786 1774 8065 12488
f 12488 8065 1769 9894
f 8306 12488 9894 1870
f 1861 8285 12489 10617
f 8285 1751 8015 12489
f 12489 8015 1634 8010
f 10617 12489 8010 1747
f 1827 12476 12490 8213
f 12476 1821 8189 12490
f 12490 8189 1820 8195
f 8213 12490 8195 1822
f 1765 12491 12492 8050
f 12491 1759 8036 12492
f 12492 8036 1760 10742
f 8050 12492 10742 1638
f 1763 10427 12493 8045
f 10427 1699 7901 12493
f 12493 7901 1700 10192
f 8045 12493 10192 1637
f 1759 12494 12495 8516
f 12494 1636 8032 12495
f 12495 8032 1755 8522
f 8516 12495 8522 1681
f 1952 12496 12497 8501
f 12496 1759 12491 12497
f 12497 12491 1765 8507
f 8501 12497 8507 1680
f 1952 10546 12498 12496
f 10546 1757 8029 12498
f 12498 8029 1636 12494
f 12496 12498 12494 1759

 